Date,Symbol,Close,Volume,SMA_20,RSI
2021-03-11 23:00:00+00:00,BNP.PA,37.520904541015625,3674350,35.52998809814453,72.0537062528416
2021-03-14 23:00:00+00:00,BNP.PA,36.637306213378906,3517252,35.681259346008304,62.30606960287522
2021-03-15 23:00:00+00:00,BNP.PA,36.18490982055664,4684324,35.807790184020995,55.31809052832859
2021-03-16 23:00:00+00:00,BNP.PA,36.5312728881836,4296573,35.9502254486084,56.891324766139554
2021-03-17 23:00:00+00:00,BNP.PA,37.38659286499024,4194017,36.15574932098389,67.86947291818616
2021-03-18 23:00:00+00:00,BNP.PA,36.15663528442383,7982627,36.255595207214355,58.60013331361729
2021-03-21 23:00:00+00:00,BNP.PA,35.84560775756836,2998334,36.30542984008789,51.19924527550431
2021-03-22 23:00:00+00:00,BNP.PA,35.59819793701172,2889131,36.33759231567383,43.1451259735731
2021-03-23 23:00:00+00:00,BNP.PA,36.13542556762695,2771440,36.371169090270996,47.50231935481242
2021-03-24 23:00:00+00:00,BNP.PA,35.9304313659668,2736694,36.389547729492186,46.494467516510824
2021-03-25 23:00:00+00:00,BNP.PA,36.52420425415039,3104897,36.474195671081546,42.115779643179906
2021-03-28 22:00:00+00:00,BNP.PA,35.81732940673828,3462888,36.528448295593265,40.733558051380946
2021-03-29 22:00:00+00:00,BNP.PA,37.19573974609375,3299916,36.6051441192627,49.423403479760665
2021-03-30 22:00:00+00:00,BNP.PA,36.67265319824219,3197484,36.61079921722412,48.19277996241041
2021-03-31 22:00:00+00:00,BNP.PA,36.86351013183594,2303620,36.628470993041994,46.11528539573452
2021-04-05 22:00:00+00:00,BNP.PA,36.722129821777344,2729433,36.64119472503662,50.54944131731496
2021-04-06 22:00:00+00:00,BNP.PA,36.96246719360352,2275896,36.60726490020752,55.17886905971791
2021-04-07 22:00:00+00:00,BNP.PA,36.75747680664063,2845763,36.586412048339845,51.53553338926696
2021-04-08 22:00:00+00:00,BNP.PA,36.375762939453125,2616756,36.54046516418457,42.666685854430156
2021-04-11 22:00:00+00:00,BNP.PA,36.34748840332031,2450579,36.50830230712891,51.676987154863625
2021-04-12 22:00:00+00:00,BNP.PA,36.50299835205078,3223540,36.457406997680664,55.93865982045934
2021-04-13 22:00:00+00:00,BNP.PA,36.74333190917969,2361859,36.4627082824707,60.358022731821066
2021-04-14 22:00:00+00:00,BNP.PA,36.58782196044922,2963729,36.48285388946533,54.395573033457985
2021-04-15 22:00:00+00:00,BNP.PA,37.3936653137207,3535949,36.52597351074219,62.73064837100747
2021-04-18 22:00:00+00:00,BNP.PA,37.6976203918457,2646037,36.54152488708496,60.75132467459838
2021-04-19 22:00:00+00:00,BNP.PA,35.9304313659668,4635906,36.53021469116211,50.86769349632278
2021-04-20 22:00:00+00:00,BNP.PA,35.59819793701172,3159906,36.51784420013428,35.40048220458698
2021-04-21 22:00:00+00:00,BNP.PA,35.824398040771484,2491478,36.529154205322264,41.80323336668096
2021-04-22 22:00:00+00:00,BNP.PA,35.70423126220703,3081649,36.50759449005127,38.642621803917855
2021-04-25 22:00:00+00:00,BNP.PA,36.69385528564453,3706330,36.54576568603515,49.76247396250601
2021-04-26 22:00:00+00:00,BNP.PA,36.65851593017578,3380571,36.55248126983643,47.3555121734922
2021-04-27 22:00:00+00:00,BNP.PA,37.80364990234375,3992277,36.6517972946167,57.82240821830904
2021-04-28 22:00:00+00:00,BNP.PA,38.051055908203125,4288493,36.69456310272217,62.783189230600854
2021-04-29 22:00:00+00:00,BNP.PA,37.740028381347656,4036309,36.74793186187744,60.18612874313988
2021-05-02 22:00:00+00:00,BNP.PA,37.789512634277344,2051674,36.79423198699951,59.558841869208045
2021-05-03 22:00:00+00:00,BNP.PA,37.49969482421875,3830276,36.83311023712158,55.578777483658364
2021-05-04 22:00:00+00:00,BNP.PA,38.807411193847656,3959259,36.92535743713379,63.992881535279686
2021-05-05 22:00:00+00:00,BNP.PA,38.81447982788086,4336530,37.0282075881958,59.960336010046504
2021-05-06 22:00:00+00:00,BNP.PA,38.72258377075195,3801996,37.14554862976074,57.40548013467716
2021-05-09 22:00:00+00:00,BNP.PA,39.45773696899414,3907318,37.30106105804443,79.95198157004458
2021-05-10 22:00:00+00:00,BNP.PA,39.44359970092773,4554417,37.44809112548828,84.51780491128865
2021-05-11 22:00:00+00:00,BNP.PA,40.00909805297852,4855858,37.61137943267822,85.40673099516367
2021-05-12 22:00:00+00:00,BNP.PA,39.62739181518555,3446779,37.763357925415036,81.7870263393609
2021-05-13 22:00:00+00:00,BNP.PA,40.320125579833984,3307523,37.909680938720705,80.86650453124122
2021-05-16 22:00:00+00:00,BNP.PA,40.2777099609375,2510944,38.038685417175294,80.76920582206871
2021-05-17 22:00:00+00:00,BNP.PA,40.34132766723633,2884081,38.25923023223877,76.43591237371896
2021-05-18 22:00:00+00:00,BNP.PA,39.54256439208984,4155798,38.456448554992676,63.9366326808492
2021-05-19 22:00:00+00:00,BNP.PA,39.73341751098633,2960089,38.65189952850342,69.05411820988157
2021-05-20 22:00:00+00:00,BNP.PA,39.75462341308594,4109887,38.85441913604736,68.88591359894869
2021-05-23 22:00:00+00:00,BNP.PA,40.093544006347656,1631472,39.02440357208252,74.69539434211404
2021-05-24 22:00:00+00:00,BNP.PA,39.94932174682617,2588828,39.18894386291504,63.965960464497684
2021-05-25 22:00:00+00:00,BNP.PA,39.40848922729492,3854734,39.269185829162595,56.42595273427758
2021-05-26 22:00:00+00:00,BNP.PA,40.663211822509766,7218484,39.39979362487793,66.77356134013331
2021-05-27 22:00:00+00:00,BNP.PA,40.72811508178711,3420514,39.5491979598999,62.419298538721684
2021-05-30 22:00:00+00:00,BNP.PA,40.27381896972656,1717674,39.67341327667236,57.47313596528881
2021-05-31 22:00:00+00:00,BNP.PA,40.89397048950195,2710254,39.84312705993652,57.88748524267294
2021-06-01 22:00:00+00:00,BNP.PA,41.10309219360352,2305482,39.95791110992432,63.57150575282029
2021-06-02 22:00:00+00:00,BNP.PA,41.42037963867188,2414284,40.088206100463864,60.86925390773092
2021-06-03 22:00:00+00:00,BNP.PA,41.18241882324219,2409136,40.21119785308838,58.60503289421165
2021-06-06 22:00:00+00:00,BNP.PA,41.514122009277344,2163689,40.314017105102536,60.613630447735986
2021-06-07 22:00:00+00:00,BNP.PA,40.87234115600586,2485687,40.385454177856445,62.386235155584345
2021-06-08 22:00:00+00:00,BNP.PA,40.54783630371094,2536834,40.412391090393065,57.40163567845291
2021-06-09 22:00:00+00:00,BNP.PA,40.4468879699707,2583272,40.453365898132326,56.20158032258482
2021-06-10 22:00:00+00:00,BNP.PA,40.61273956298828,2244936,40.46799659729004,54.79999999999999
2021-06-13 22:00:00+00:00,BNP.PA,40.706485748291016,2240963,40.48943538665772,57.065982778433586
2021-06-14 22:00:00+00:00,BNP.PA,40.72091293334961,2236093,40.50841464996338,63.582213996734325
2021-06-15 22:00:00+00:00,BNP.PA,40.19449996948242,2751994,40.54101142883301,44.28831482276904
2021-06-16 22:00:00+00:00,BNP.PA,40.60553359985352,4255710,40.584617233276376,48.622440493236184
2021-06-17 22:00:00+00:00,BNP.PA,38.75228500366211,9157129,40.53450031280518,36.99138653612214
2021-06-20 22:00:00+00:00,BNP.PA,38.83881759643555,3740121,40.471763992309576,30.664881781248766
2021-06-21 22:00:00+00:00,BNP.PA,38.92535018920898,2541207,40.42056541442871,29.02779043146282
2021-06-22 22:00:00+00:00,BNP.PA,38.56479644775391,2078825,40.37838077545167,22.72727935143611
2021-06-23 22:00:00+00:00,BNP.PA,39.01188659667969,2231311,40.29581451416016,30.066255233995278
2021-06-24 22:00:00+00:00,BNP.PA,39.271480560302734,1968328,40.22298278808594,29.1275682469351
2021-06-27 22:00:00+00:00,BNP.PA,38.36288833618164,2180758,40.1274362564087,27.749403347746735
2021-06-28 22:00:00+00:00,BNP.PA,38.629695892333984,1881577,40.0142225265503,32.816584798407206
2021-06-29 22:00:00+00:00,BNP.PA,38.12491607666016,3382152,39.86531372070313,30.602395816403586
2021-06-30 22:00:00+00:00,BNP.PA,38.56479644775391,2221551,39.722534561157225,33.64061871503273
2021-07-01 22:00:00+00:00,BNP.PA,37.83648300170898,2515438,39.555237770080566,29.18417103445826
2021-07-04 22:00:00+00:00,BNP.PA,38.6729621887207,2512932,39.41317977905273,36.728937678230295
2021-07-05 22:00:00+00:00,BNP.PA,37.43986511230469,3888630,39.24155597686767,33.64723402193107
2021-07-06 22:00:00+00:00,BNP.PA,36.90625,4501859,39.059476661682126,28.354399073949594
2021-07-07 22:00:00+00:00,BNP.PA,35.84982681274414,5747985,38.8296236038208,31.270333128525024
2021-07-08 22:00:00+00:00,BNP.PA,36.72597503662109,4085902,38.63528537750244,37.626694415638475
2021-07-11 22:00:00+00:00,BNP.PA,36.805294036865234,2984435,38.440225791931155,37.57395126706527
2021-07-12 22:00:00+00:00,BNP.PA,36.65386581420898,3446871,38.23687343597412,38.51820510128812
2021-07-13 22:00:00+00:00,BNP.PA,36.87740707397461,2325622,38.07101879119873,36.82097673548781
2021-07-14 22:00:00+00:00,BNP.PA,36.57454299926758,2379431,37.869469261169435,33.43666683847273
2021-07-15 22:00:00+00:00,BNP.PA,35.96881484985352,3241591,37.730295753479005,34.72860566207068
2021-07-18 22:00:00+00:00,BNP.PA,34.46170425415039,5356223,37.51144008636474,27.045287810502387
2021-07-19 22:00:00+00:00,BNP.PA,35.11429977416992,3413038,37.32088756561279,33.68502610718315
2021-07-20 22:00:00+00:00,BNP.PA,36.22119903564453,3378416,37.203707695007324,38.15594758974036
2021-07-21 22:00:00+00:00,BNP.PA,36.04092025756836,2795497,37.055159378051755,40.39346513330896
2021-07-22 22:00:00+00:00,BNP.PA,36.46637344360352,2172496,36.914904022216795,37.6513048401325
2021-07-25 22:00:00+00:00,BNP.PA,37.28843688964844,2908078,36.86118144989014,49.11169829965951
2021-07-26 22:00:00+00:00,BNP.PA,36.94951629638672,2848419,36.77717247009277,50.25973990284601
2021-07-27 22:00:00+00:00,BNP.PA,36.89182662963867,2060979,36.7155179977417,57.10773624712858
2021-07-28 22:00:00+00:00,BNP.PA,37.54803466796875,2685256,36.66467990875244,55.78092892744669
2021-07-29 22:00:00+00:00,BNP.PA,37.1009521484375,4458532,36.627903366088866,51.976888980485924
2021-08-01 22:00:00+00:00,BNP.PA,36.74039459228516,2599987,36.53127498626709,50.56282594552436
2021-08-02 22:00:00+00:00,BNP.PA,37.06489562988281,2875971,36.512526512145996,51.20370891938292
2021-08-03 22:00:00+00:00,BNP.PA,37.50476837158203,2506064,36.5424524307251,55.86895860900775
2021-08-04 22:00:00+00:00,BNP.PA,37.793212890625,2298270,36.63962173461914,61.990505975258536
2021-08-05 22:00:00+00:00,BNP.PA,38.93977355957031,3701453,36.7503116607666,80.89547744988798
2021-08-08 22:00:00+00:00,BNP.PA,39.09120178222656,1974824,36.86460704803467,79.47617440043706
2021-08-09 22:00:00+00:00,BNP.PA,38.954193115234375,1890728,36.97962341308594,73.65790450427372
2021-08-10 22:00:00+00:00,BNP.PA,39.495025634765625,2531344,37.11050434112549,78.14337105165177
2021-08-11 22:00:00+00:00,BNP.PA,39.17052459716797,2278648,37.240303421020506,72.40141194464724
2021-08-12 22:00:00+00:00,BNP.PA,39.21379470825195,1742758,37.40255241394043,68.31275003465024
2021-08-15 22:00:00+00:00,BNP.PA,38.83160400390625,2128681,37.62104740142822,67.75504857485456
2021-08-16 22:00:00+00:00,BNP.PA,38.11771011352539,2849085,37.771217918396,60.290555660161075
2021-08-17 22:00:00+00:00,BNP.PA,38.46384048461914,2115489,37.88334999084473,58.10982361767865
2021-08-18 22:00:00+00:00,BNP.PA,37.43265914916992,3477745,37.9529369354248,52.66201542318866
2021-08-19 22:00:00+00:00,BNP.PA,37.569671630859375,2451722,38.008101844787596,56.90278626288691
2021-08-22 22:00:00+00:00,BNP.PA,38.009544372558594,2377260,38.04415721893311,57.71494512423843
2021-08-23 22:00:00+00:00,BNP.PA,38.26914596557617,2017813,38.110138702392575,56.43206618213054
2021-08-24 22:00:00+00:00,BNP.PA,39.04793930053711,2308781,38.2179443359375,59.75336010385587
2021-08-25 22:00:00+00:00,BNP.PA,38.701805114746094,2032561,38.27563285827637,47.88729818553249
2021-08-26 22:00:00+00:00,BNP.PA,38.55037689208984,1772273,38.348104095458986,45.19851580513095
2021-08-29 22:00:00+00:00,BNP.PA,38.21866226196289,1632868,38.42201747894287,43.68811775851334
2021-08-30 22:00:00+00:00,BNP.PA,38.74507522583008,3752715,38.50602645874024,43.548411444608455
2021-08-31 22:00:00+00:00,BNP.PA,39.51665496826172,3468246,38.60662078857422,52.764965724371294
2021-09-01 22:00:00+00:00,BNP.PA,39.51665496826172,2563213,38.692792892456055,52.43615573869588
2021-09-02 22:00:00+00:00,BNP.PA,38.84602737426758,2247047,38.68810558319092,50.11087423794122
2021-09-05 22:00:00+00:00,BNP.PA,39.02630615234375,1415624,38.68486080169678,57.608703291142795
2021-09-06 22:00:00+00:00,BNP.PA,39.177734375,2128400,38.69603786468506,56.179758955619654
2021-09-07 22:00:00+00:00,BNP.PA,38.579219818115234,2849163,38.65024757385254,60.72875765666719
2021-09-08 22:00:00+00:00,BNP.PA,38.75228500366211,2585889,38.62933559417725,60.9919507357514
2021-09-09 22:00:00+00:00,BNP.PA,38.0888671875,2921666,38.57308921813965,50.707860609262575
2021-09-12 22:00:00+00:00,BNP.PA,38.954193115234375,2742693,38.57921867370605,55.51681362317897
2021-09-13 22:00:00+00:00,BNP.PA,38.49989700317383,2609909,38.598328018188475,45.34312168317435
2021-09-14 22:00:00+00:00,BNP.PA,38.6729621887207,3737528,38.60878410339355,49.747486048445545
2021-09-15 22:00:00+00:00,BNP.PA,39.05514907836914,2654428,38.68990859985352,54.24755575272037
2021-09-16 22:00:00+00:00,BNP.PA,38.60806274414063,7193199,38.74182815551758,53.21431517853045
2021-09-19 22:00:00+00:00,BNP.PA,36.88462066650391,6340308,38.68558197021484,37.17690982949246
2021-09-20 22:00:00+00:00,BNP.PA,37.03604888916016,3559610,38.62392711639404,31.304302325447708
2021-09-21 22:00:00+00:00,BNP.PA,38.33404159545898,3130687,38.58823223114014,42.54544772519708
2021-09-22 22:00:00+00:00,BNP.PA,39.19936752319336,3271987,38.6131103515625,52.17390488010267
2021-09-23 22:00:00+00:00,BNP.PA,39.51665496826172,2790943,38.661424255371095,52.96682579967336
2021-09-26 22:00:00+00:00,BNP.PA,40.7425422668457,4142484,38.787618255615236,58.37842143640587
2021-09-27 22:00:00+00:00,BNP.PA,40.66097640991211,6204607,38.883413314819336,61.79950442600339
2021-09-28 22:00:00+00:00,BNP.PA,40.97238540649414,3008697,38.95619983673096,62.389344736913834
2021-09-29 22:00:00+00:00,BNP.PA,41.1058464050293,4578672,39.03565940856934,67.89481091369356
2021-09-30 22:00:00+00:00,BNP.PA,40.69805145263672,3262085,39.12826061248779,60.93708131407093
2021-10-03 22:00:00+00:00,BNP.PA,40.3125,2174187,39.19257030487061,61.46711322387567
2021-10-04 22:00:00+00:00,BNP.PA,42.17353439331055,3433936,39.34236030578613,68.24839262121067
2021-10-05 22:00:00+00:00,BNP.PA,41.66934585571289,3120919,39.496866607666014,63.45657504700897
2021-10-06 22:00:00+00:00,BNP.PA,42.32923889160156,4022752,39.675714302062985,68.74409613736543
2021-10-07 22:00:00+00:00,BNP.PA,42.26250457763672,2512322,39.884396171569826,82.51616605483679
2021-10-10 22:00:00+00:00,BNP.PA,42.50718688964844,2173487,40.062045860290525,82.7111291543886
2021-10-11 22:00:00+00:00,BNP.PA,42.40337753295898,1991495,40.25721988677979,78.38296051749344
2021-10-12 22:00:00+00:00,BNP.PA,41.78798294067383,2570059,40.41297092437744,68.70740047659638
2021-10-13 22:00:00+00:00,BNP.PA,41.9881706237793,2301934,40.55962200164795,68.16865087265991
2021-10-14 22:00:00+00:00,BNP.PA,42.8185920715332,3628158,40.77014846801758,66.2036243068656
2021-10-17 22:00:00+00:00,BNP.PA,43.01136779785156,2531950,41.076485824584964,68.03183646759899
2021-10-18 22:00:00+00:00,BNP.PA,43.07809829711914,1632341,41.37858829498291,66.78484984857147
2021-10-19 22:00:00+00:00,BNP.PA,43.13741683959961,1695609,41.61875705718994,66.38755274157734
2021-10-20 22:00:00+00:00,BNP.PA,42.69995880126953,1632139,41.79378662109375,66.07136732243919
2021-10-21 22:00:00+00:00,BNP.PA,42.7889404296875,1472117,41.95740089416504,70.87494276291758
2021-10-24 22:00:00+00:00,BNP.PA,43.1596565246582,1791042,42.078256607055664,61.10174892506644
2021-10-25 22:00:00+00:00,BNP.PA,43.13741683959961,1776944,42.202078628540036,68.53932584269663
2021-10-26 22:00:00+00:00,BNP.PA,42.87049102783203,1814428,42.296983909606936,57.58826574707136
2021-10-27 22:00:00+00:00,BNP.PA,42.60357666015625,2673923,42.37187042236328,54.52763880167716
2021-10-28 22:00:00+00:00,BNP.PA,42.9298095703125,3305280,42.48345832824707,55.49130713213674
2021-10-31 23:00:00+00:00,BNP.PA,44.24216842651367,2958593,42.679941749572755,68.18188676284663
2021-11-01 23:00:00+00:00,BNP.PA,44.06422424316406,2436253,42.77447624206543,74.63888340626825
2021-11-02 23:00:00+00:00,BNP.PA,44.39787673950195,2451496,42.91090278625488,75.35107602312895
2021-11-03 23:00:00+00:00,BNP.PA,43.804718017578125,3309849,42.98467674255371,60.9195674194276
2021-11-04 23:00:00+00:00,BNP.PA,44.12353897094727,2996444,43.07772846221924,61.98085193991437
2021-11-07 23:00:00+00:00,BNP.PA,44.03456878662109,2197950,43.15409755706787,60.25443352836128
2021-11-08 23:00:00+00:00,BNP.PA,43.64901351928711,3114717,43.21637935638428,55.126291969910085
2021-11-09 23:00:00+00:00,BNP.PA,43.89369201660156,2432574,43.321664810180664,62.44210938146097
2021-11-10 23:00:00+00:00,BNP.PA,44.10129165649414,1924097,43.427320861816405,63.34838538954661
2021-11-11 23:00:00+00:00,BNP.PA,43.94559097290039,1781191,43.48367080688477,58.35966676242457
2021-11-14 23:00:00+00:00,BNP.PA,45.391414642333984,4036684,43.60267314910889,68.40197625848819
2021-11-15 23:00:00+00:00,BNP.PA,44.65737915039063,2863609,43.68163719177246,63.55459897170455
2021-11-16 23:00:00+00:00,BNP.PA,44.62030792236328,2305448,43.755781745910646,65.85081095861493
2021-11-17 23:00:00+00:00,BNP.PA,44.13095474243164,2823381,43.82733154296875,59.20456824271506
2021-11-18 23:00:00+00:00,BNP.PA,42.796348571777344,6061153,43.82770195007324,38.95809990275306
2021-11-21 23:00:00+00:00,BNP.PA,43.478477478027344,3210613,43.843642997741696,45.84644815187907
2021-11-22 23:00:00+00:00,BNP.PA,43.663841247558594,3422449,43.86996421813965,44.6831109477797
2021-11-23 23:00:00+00:00,BNP.PA,43.404335021972656,2890182,43.89665641784668,46.95258060020441
2021-11-24 23:00:00+00:00,BNP.PA,43.54520797729492,2252988,43.94373798370361,45.47561464744611
2021-11-25 23:00:00+00:00,BNP.PA,40.99463272094727,6938262,43.84697914123535,32.830789662032686
2021-11-28 23:00:00+00:00,BNP.PA,41.06136322021485,4279493,43.68793888092041,34.839252995665504
2021-11-29 23:00:00+00:00,BNP.PA,40.83893203735352,6784665,43.52667427062988,32.05573210798828
2021-11-30 23:00:00+00:00,BNP.PA,41.95851516723633,3981614,43.404706192016604,38.631016666207884
2021-12-01 23:00:00+00:00,BNP.PA,41.854713439941406,3616387,43.30720596313476,38.844944791623824
2021-12-02 23:00:00+00:00,BNP.PA,41.64710235595703,3232309,43.18338413238526,26.98264181525778
2021-12-05 23:00:00+00:00,BNP.PA,42.51460266113281,3317500,43.10738582611084,37.04039350676911
2021-12-06 23:00:00+00:00,BNP.PA,43.19672775268555,3616051,43.08477153778076,42.01329722460135
2021-12-07 23:00:00+00:00,BNP.PA,43.100341796875,3158275,43.045104026794434,43.951249808016335
2021-12-08 23:00:00+00:00,BNP.PA,42.57391357421875,2108997,42.96873512268066,48.557685648193036
2021-12-09 23:00:00+00:00,BNP.PA,42.0474853515625,2229668,42.87382984161377,40.52993353488962
2021-12-12 23:00:00+00:00,BNP.PA,41.52106094360352,1999697,42.680312156677246,36.43192374860809
2021-12-13 23:00:00+00:00,BNP.PA,41.58779144287109,2791044,42.52683277130127,38.20981846632258
2021-12-14 23:00:00+00:00,BNP.PA,41.43950271606445,2114058,42.36779251098633,36.34617325383736
2021-12-15 23:00:00+00:00,BNP.PA,42.23284912109375,3846669,42.272887229919434,60.39851174782494
2021-12-16 23:00:00+00:00,BNP.PA,41.64710235595703,6650342,42.21542491912842,54.52459727465706
2021-12-19 23:00:00+00:00,BNP.PA,41.83246612548828,3470703,42.133124351501465,57.718850783327795
2021-12-20 23:00:00+00:00,BNP.PA,43.641597747802734,3520999,42.13201217651367,61.81058731445329
2021-12-21 23:00:00+00:00,BNP.PA,44.00490951538086,2012595,42.162040901184085,64.55821026743818
2021-12-22 23:00:00+00:00,BNP.PA,44.486846923828125,2387034,42.209122848510745,68.53825082179506
2021-12-23 23:00:00+00:00,BNP.PA,44.30148696899414,450529,42.37446556091309,62.80551848269616
2021-12-26 23:00:00+00:00,BNP.PA,44.76860427856445,1149917,42.559827613830564,61.62286516327832
2021-12-27 23:00:00+00:00,BNP.PA,45.09483337402344,1517534,42.772622680664064,64.26298646385183
2021-12-28 23:00:00+00:00,BNP.PA,45.01327896118164,1411777,42.92536087036133,68.62972680537622
2021-12-29 23:00:00+00:00,BNP.PA,44.983619689941406,1538504,43.08180618286133,74.2647652242338
2021-12-30 23:00:00+00:00,BNP.PA,45.05776596069336,407780,43.252339363098145,81.58943809107159
2022-01-02 23:00:00+00:00,BNP.PA,45.3765869140625,2177649,43.39543857574463,82.38279125634324
2022-01-03 23:00:00+00:00,BNP.PA,46.89655303955078,3614427,43.58042984008789,87.78235751189965
2022-01-04 23:00:00+00:00,BNP.PA,46.955867767333984,3910434,43.77320613861084,86.4000197565592
2022-01-05 23:00:00+00:00,BNP.PA,47.5935173034668,3645405,44.024186325073245,95.46493131043623
2022-01-06 23:00:00+00:00,BNP.PA,47.823360443115234,3446590,44.31298007965088,95.49556857112563
2022-01-09 23:00:00+00:00,BNP.PA,47.45264053344727,3137609,44.609559059143066,87.03183937086341
2022-01-10 23:00:00+00:00,BNP.PA,47.71955871582031,2376607,44.91614742279053,86.78426777332295
2022-01-11 23:00:00+00:00,BNP.PA,48.43876647949219,3191797,45.26611061096192,87.37741967606333
2022-01-12 23:00:00+00:00,BNP.PA,49.64732360839844,3697141,45.63683433532715,92.3620251128896
2022-01-13 23:00:00+00:00,BNP.PA,49.15797424316406,3351548,46.0123779296875,84.66056863180998
2022-01-16 23:00:00+00:00,BNP.PA,48.97261047363281,2175118,46.369385147094725,81.31750045595933
2022-01-17 23:00:00+00:00,BNP.PA,48.94295501708984,2583320,46.634453010559085,82.00493740628961
2022-01-18 23:00:00+00:00,BNP.PA,48.49066925048828,3220620,46.858740997314456,76.72323583716641
2022-01-19 23:00:00+00:00,BNP.PA,47.53419876098633,3365869,47.011108589172366,66.63347736431506
2022-01-20 23:00:00+00:00,BNP.PA,46.29598236083984,4637406,47.11083335876465,55.49646376695249
2022-01-23 23:00:00+00:00,BNP.PA,44.56099319458008,4598614,47.10045280456543,36.38719626754201
2022-01-24 23:00:00+00:00,BNP.PA,46.01423263549805,3903495,47.14642276763916,45.2788248281898
2022-01-25 23:00:00+00:00,BNP.PA,47.41556930541992,3592168,47.266537284851076,49.17126738103579
2022-01-26 23:00:00+00:00,BNP.PA,47.823360443115234,4330710,47.40852432250976,50.0
2022-01-27 23:00:00+00:00,BNP.PA,46.548072814941406,4386592,47.483039665222165,46.173140278865745
2022-01-30 23:00:00+00:00,BNP.PA,46.71118927001953,3259697,47.54976978302002,45.696197502948564
2022-01-31 23:00:00+00:00,BNP.PA,47.615753173828125,2627765,47.58572978973389,46.54202563685018
2022-02-01 23:00:00+00:00,BNP.PA,47.059669494628906,4933764,47.59091987609863,38.49701376618179
2022-02-02 23:00:00+00:00,BNP.PA,47.18571853637695,4685476,47.57052993774414,40.940029642942385
2022-02-03 23:00:00+00:00,BNP.PA,47.67507553100586,5753921,47.56311569213867,44.20144951402719
2022-02-06 23:00:00+00:00,BNP.PA,48.7056884765625,4012413,47.62576808929443,49.02675051277191
2022-02-07 23:00:00+00:00,BNP.PA,48.93553161621094,5928287,47.68656673431396,51.85871129265371
2022-02-08 23:00:00+00:00,BNP.PA,49.46196365356445,4639837,47.73772659301758,58.35476504909841
2022-02-09 23:00:00+00:00,BNP.PA,49.35074234008789,4697568,47.72289752960205,64.67234588015171
2022-02-10 23:00:00+00:00,BNP.PA,48.11994171142578,5486958,47.67099590301514,67.96408096493704
2022-02-13 23:00:00+00:00,BNP.PA,45.78438568115234,5870770,47.51158466339111,48.934715170279695
2022-02-14 23:00:00+00:00,BNP.PA,47.10416030883789,5033747,47.41964492797852,48.545699807813044
2022-02-15 23:00:00+00:00,BNP.PA,46.52583312988281,3417509,47.321403121948244,44.03546814891349
2022-02-16 23:00:00+00:00,BNP.PA,45.98457717895508,3056110,47.24392204284668,47.22224207151387
2022-02-17 23:00:00+00:00,BNP.PA,45.910423278808594,3610563,47.224644088745116,46.017687027337956
2022-02-20 23:00:00+00:00,BNP.PA,45.27278518676758,3342508,47.26023368835449,38.03033249910062
2022-02-21 23:00:00+00:00,BNP.PA,44.983619689941406,5123430,47.20870304107666,39.09659168316198
2022-02-22 23:00:00+00:00,BNP.PA,44.1531982421875,3938029,47.045584487915036,35.17041144913627
2022-02-23 23:00:00+00:00,BNP.PA,40.84634399414063,10862668,46.69673366546631,23.820343227655044
2022-02-24 23:00:00+00:00,BNP.PA,42.077144622802734,8334214,46.47318725585937,24.971977962622873
2022-02-27 23:00:00+00:00,BNP.PA,38.933406829833984,9992267,46.0842981338501,19.045436675886933
2022-02-28 23:00:00+00:00,BNP.PA,36.28273010253906,9078086,45.51764698028565,13.952525545727099
2022-03-01 23:00:00+00:00,BNP.PA,37.04642105102539,8546584,45.01698455810547,17.50537059849684
2022-03-02 23:00:00+00:00,BNP.PA,37.63587188720703,6764882,44.539492225646974,21.341695363177706
2022-03-03 23:00:00+00:00,BNP.PA,34.99261474609375,9905718,43.905369186401366,20.988623102055726
2022-03-06 23:00:00+00:00,BNP.PA,33.58757019042969,11232668,43.14946327209473,13.829355231692432
2022-03-07 23:00:00+00:00,BNP.PA,34.67379379272461,9239001,42.43637638092041,19.12304605394573
2022-03-08 23:00:00+00:00,BNP.PA,38.12522888183594,8940185,41.86953964233398,32.22072087387562
2022-03-09 23:00:00+00:00,BNP.PA,36.586727142333984,6489280,41.23133888244629,30.21866093787861
2022-03-10 23:00:00+00:00,BNP.PA,36.35316848754883,6630303,40.64300022125244,30.745830776512605
2022-03-13 23:00:00+00:00,BNP.PA,37.82123565673828,4571552,40.24484272003174,35.287843541393585
2022-03-14 23:00:00+00:00,BNP.PA,38.02884292602539,5034069,39.791076850891116,37.08971819313325
2022-03-15 23:00:00+00:00,BNP.PA,40.29767227172852,7170956,39.4796688079834,48.79045326698126
2022-03-16 23:00:00+00:00,BNP.PA,39.33378982543945,4871296,39.147129440307616,43.880255003415776
2022-03-17 23:00:00+00:00,BNP.PA,39.55622100830078,8395483,38.82941932678223,51.5975610400473
2022-03-20 23:00:00+00:00,BNP.PA,39.08169555664063,2714810,38.519864845275876,58.08178493366332
2022-03-21 23:00:00+00:00,BNP.PA,39.741580963134766,2800581,38.25776290893555,57.82898653120004
2022-03-22 23:00:00+00:00,BNP.PA,38.72580337524414,3538842,37.98639316558838,53.08954544422374
2022-03-23 23:00:00+00:00,BNP.PA,37.88796615600586,4128576,37.83847427368164,59.143057109850545
2022-03-24 23:00:00+00:00,BNP.PA,37.0723762512207,5119946,37.58823585510254,61.42997670515442
2022-03-27 22:00:00+00:00,BNP.PA,37.86572265625,3252575,37.53485164642334,60.67443709947499
2022-03-28 22:00:00+00:00,BNP.PA,40.29025650024414,5435672,37.73522796630859,57.77423701937789
2022-03-29 22:00:00+00:00,BNP.PA,39.35603713989258,3173862,37.85070877075195,60.3952365869347
2022-03-30 22:00:00+00:00,BNP.PA,38.50336837768555,3219374,37.89408359527588,57.71278007749151
2022-03-31 22:00:00+00:00,BNP.PA,38.32542037963867,3136950,38.060723876953126,51.99296959088701
2022-04-03 22:00:00+00:00,BNP.PA,38.065914154052734,2910334,38.284641075134275,50.14593844214993
2022-04-04 22:00:00+00:00,BNP.PA,36.33092498779297,5970046,38.3674976348877,33.69893429873807
2022-04-05 22:00:00+00:00,BNP.PA,35.06675338745117,7066223,38.21457386016846,32.88726546402948
2022-04-06 22:00:00+00:00,BNP.PA,34.52179336547852,5211726,38.111327171325684,30.31882799239206
2022-04-07 22:00:00+00:00,BNP.PA,35.47455978393555,4548373,38.06739673614502,36.406838175953524
2022-04-10 22:00:00+00:00,BNP.PA,36.14185333251953,3231849,37.98342761993408,36.442324850199164
2022-04-11 22:00:00+00:00,BNP.PA,36.11590576171875,4048410,37.88778076171875,39.3783787895771
2022-04-12 22:00:00+00:00,BNP.PA,36.27531814575195,2732176,37.68666305541992,43.053334463871735
2022-04-13 22:00:00+00:00,BNP.PA,36.70535659790039,3045221,37.555241394042966,48.36470265095889
2022-04-18 22:00:00+00:00,BNP.PA,36.88330841064453,3412914,37.42159576416016,45.368769884685896
2022-04-19 22:00:00+00:00,BNP.PA,37.984352111816406,4927145,37.36672859191894,37.57985026265058
2022-04-20 22:00:00+00:00,BNP.PA,38.85184860229492,3948277,37.322241973876956,47.26465974329151
2022-04-21 22:00:00+00:00,BNP.PA,38.355079650878906,3333002,37.30370578765869,49.1631839695041
2022-04-24 22:00:00+00:00,BNP.PA,37.70260620117188,3460198,37.29443778991699,46.664026771641346
2022-04-25 22:00:00+00:00,BNP.PA,37.39860916137695,3419503,37.3107494354248,46.44267569029539
2022-04-26 22:00:00+00:00,BNP.PA,36.88330841064453,5309178,37.26162872314453,53.38485906472008
2022-04-27 22:00:00+00:00,BNP.PA,36.671993255615234,3204739,37.080715560913085,61.29374405527443
2022-04-28 22:00:00+00:00,BNP.PA,36.8536491394043,3437157,36.955596160888675,67.28975346172946
2022-05-01 22:00:00+00:00,BNP.PA,36.18634796142578,3142553,36.839745140075685,55.51090568099591
2022-05-02 22:00:00+00:00,BNP.PA,38.051082611083984,3913067,36.82602825164795,62.46975947602858
2022-05-03 22:00:00+00:00,BNP.PA,37.82123565673828,3222145,36.81379432678223,60.849069882802226
2022-05-04 22:00:00+00:00,BNP.PA,37.59138870239258,3557168,36.876817512512204,58.29828809924464
2022-05-05 22:00:00+00:00,BNP.PA,37.50983047485352,3133331,36.99897136688232,55.30565213672208
2022-05-08 22:00:00+00:00,BNP.PA,36.961158752441406,2879032,37.12093963623047,50.48950096230785
2022-05-09 22:00:00+00:00,BNP.PA,37.7545051574707,4506868,37.23493690490723,48.496614869622455
2022-05-10 22:00:00+00:00,BNP.PA,38.66648864746094,4616314,37.361168670654294,48.79461076329163
2022-05-11 22:00:00+00:00,BNP.PA,38.11781311035156,3926995,37.461264038085936,48.467410481081025
2022-05-12 22:00:00+00:00,BNP.PA,38.83702087402344,2968459,37.58934917449951,57.264957682562
2022-05-15 22:00:00+00:00,BNP.PA,38.785118103027344,2924645,37.69333724975586,59.17567955794968
2022-05-16 22:00:00+00:00,BNP.PA,39.667442321777344,3029523,37.8325439453125,67.57134286272837
2022-05-17 22:00:00+00:00,BNP.PA,39.54880905151367,3012460,37.910766792297366,68.37120086372464
2022-05-18 22:00:00+00:00,BNP.PA,39.43758773803711,3457011,37.94005374908447,66.65068862884837
2022-05-19 22:00:00+00:00,BNP.PA,39.82314300537109,4626704,38.01345691680908,74.31822726846049
2022-05-22 22:00:00+00:00,BNP.PA,41.47846221923828,5302162,38.202249717712405,73.57825881350159
2022-05-23 22:00:00+00:00,BNP.PA,41.12830352783203,3369613,38.38873443603516,72.38012087817904
2022-05-24 22:00:00+00:00,BNP.PA,41.27950668334961,3151779,38.60854434967041,75.2273498207399
2022-05-25 22:00:00+00:00,BNP.PA,41.940040588378906,2108082,38.87194671630859,78.07933809964766
2022-05-26 22:00:00+00:00,BNP.PA,42.61649703979492,2563006,39.160089111328126,85.27301910127277
2022-05-29 22:00:00+00:00,BNP.PA,43.21336364746094,2559104,39.511439895629884,84.90300135074686
2022-05-30 22:00:00+00:00,BNP.PA,42.26633071899414,5405021,39.72220230102539,72.91406953789522
2022-05-31 22:00:00+00:00,BNP.PA,42.05146026611328,3000173,39.93371353149414,76.15009687268596
2022-06-01 22:00:00+00:00,BNP.PA,41.940040588378906,1999794,40.15114612579346,72.44174908350125
2022-06-02 22:00:00+00:00,BNP.PA,41.8286247253418,2198101,40.36708583831787,71.82347493042688
2022-06-05 22:00:00+00:00,BNP.PA,42.4016227722168,2336664,40.63910903930664,70.51552942590786
2022-06-06 22:00:00+00:00,BNP.PA,41.7410888671875,2277614,40.83843822479248,65.21236422660584
2022-06-07 22:00:00+00:00,BNP.PA,41.44663238525391,3029462,40.977445411682126,63.595164525397145
2022-06-08 22:00:00+00:00,BNP.PA,40.73834609985352,2837990,41.10847206115723,55.93397499031686
2022-06-09 22:00:00+00:00,BNP.PA,38.677154541015625,4828542,41.10047874450684,32.745094537706535
2022-06-12 22:00:00+00:00,BNP.PA,37.141204833984375,5468632,41.01828308105469,28.571393425078583
2022-06-13 22:00:00+00:00,BNP.PA,37.6704330444336,3826672,40.9184326171875,31.36047857285557
2022-06-14 22:00:00+00:00,BNP.PA,38.42647171020508,3914498,40.86231575012207,32.03098815216268
2022-06-15 22:00:00+00:00,BNP.PA,37.817665100097656,2977303,40.7813196182251,25.286924584145495
2022-06-16 22:00:00+00:00,BNP.PA,37.99274444580078,6469429,40.68979969024658,21.893796629606683
2022-06-19 22:00:00+00:00,BNP.PA,38.474220275878906,2739853,40.539587593078615,28.507041303416244
2022-06-20 22:00:00+00:00,BNP.PA,39.27799987792969,2737509,40.447072410583495,35.26426175176776
2022-06-21 22:00:00+00:00,BNP.PA,39.027320861816406,2549010,40.334463119506836,34.750029359436994
2022-06-22 22:00:00+00:00,BNP.PA,37.19691848754883,4410938,40.09730701446533,29.449174631932294
2022-06-23 22:00:00+00:00,BNP.PA,38.14793395996094,3206957,39.87387886047363,31.73900184431203
2022-06-26 22:00:00+00:00,BNP.PA,38.04447555541992,2131109,39.61543445587158,33.33334479936791
2022-06-27 22:00:00+00:00,BNP.PA,38.12803649902344,2000150,39.40851974487305,34.74763066246072
2022-06-28 22:00:00+00:00,BNP.PA,37.46750259399414,2391623,39.17932186126709,34.90082533439178
2022-06-29 22:00:00+00:00,BNP.PA,36.102657318115234,6778136,38.88745269775391,37.29879392093695
2022-06-30 22:00:00+00:00,BNP.PA,36.05888748168945,2923835,38.59896583557129,43.738526896551726
2022-07-03 22:00:00+00:00,BNP.PA,36.03501129150391,1926639,38.28063526153564,39.95110517310079
2022-07-04 22:00:00+00:00,BNP.PA,34.94075012207031,4253514,37.94061832427978,29.436590748186276
2022-07-05 22:00:00+00:00,BNP.PA,34.56671142578125,3260699,37.59662227630615,30.275197081846258
2022-07-06 22:00:00+00:00,BNP.PA,35.45405960083008,3469291,37.33240795135498,35.822226539814665
2022-07-07 22:00:00+00:00,BNP.PA,36.17825698852539,2940913,37.207463073730466,37.516194000286234
2022-07-10 22:00:00+00:00,BNP.PA,34.9964599609375,3271985,37.100225830078124,27.639249156277018
2022-07-11 22:00:00+00:00,BNP.PA,34.86912536621094,4051308,36.960160446166995,27.999988697718877
2022-07-12 22:00:00+00:00,BNP.PA,34.005653381347656,4133839,36.73911952972412,31.19136148596543
2022-07-13 22:00:00+00:00,BNP.PA,32.71243667602539,4301820,36.48385810852051,19.20645986980503
2022-07-14 22:00:00+00:00,BNP.PA,33.08647537231445,4158222,36.238544654846194,22.747131729500637
2022-07-17 22:00:00+00:00,BNP.PA,33.7828254699707,3976686,36.00397491455078,27.62295117392621
2022-07-18 22:00:00+00:00,BNP.PA,34.936771392822266,3729350,35.78691349029541,37.59748470941723
2022-07-19 22:00:00+00:00,BNP.PA,35.434165954589844,4481824,35.60725574493408,46.41945139704756
2022-07-20 22:00:00+00:00,BNP.PA,35.438140869140625,4486269,35.519316864013675,46.66094579826019
2022-07-21 22:00:00+00:00,BNP.PA,34.86912536621094,3028163,35.355376434326175,44.076014944964264
2022-07-24 22:00:00+00:00,BNP.PA,35.59332275390625,2731324,35.23281879425049,53.44535621698002
2022-07-25 22:00:00+00:00,BNP.PA,35.26704025268555,2306753,35.089768981933595,53.71623221861414
2022-07-26 22:00:00+00:00,BNP.PA,35.306827545166016,2571387,34.98173522949219,49.14150450690115
2022-07-27 22:00:00+00:00,BNP.PA,35.57343292236328,3569601,34.95527400970459,46.274526758621406
2022-07-28 22:00:00+00:00,BNP.PA,36.60800552368164,4012824,34.9827299118042,60.109833885103264
2022-07-31 22:00:00+00:00,BNP.PA,36.49658966064453,2458967,35.00580883026123,60.23013057965704
2022-08-01 22:00:00+00:00,BNP.PA,36.92634201049805,3021875,35.10508842468262,69.41805264810418
2022-08-02 22:00:00+00:00,BNP.PA,37.610748291015625,3426642,35.257290267944335,85.43472465755012
2022-08-03 22:00:00+00:00,BNP.PA,38.462284088134766,3631979,35.40770149230957,86.37594189909987
2022-08-04 22:00:00+00:00,BNP.PA,38.86815643310547,3142565,35.54219646453858,85.81845206908281
2022-08-07 22:00:00+00:00,BNP.PA,38.60155487060547,2072528,35.72245121002197,79.5003945869427
2022-08-08 22:00:00+00:00,BNP.PA,38.60155487060547,1721651,35.909072685241696,77.71594289590197
2022-08-09 22:00:00+00:00,BNP.PA,39.18250274658203,2458219,36.167915153503415,79.75970593264636
2022-08-10 22:00:00+00:00,BNP.PA,39.43716812133789,2161150,36.50415172576904,88.21579316555831
2022-08-11 22:00:00+00:00,BNP.PA,40.13351821899414,3221801,36.856503868103026,88.16062935372355
2022-08-14 22:00:00+00:00,BNP.PA,39.85498046875,1767850,37.160111618041995,88.87392730740017
2022-08-15 22:00:00+00:00,BNP.PA,39.89476776123047,1976129,37.4080114364624,88.87392730740017
2022-08-16 22:00:00+00:00,BNP.PA,39.37350082397461,2222740,37.60497817993164,80.8661924306075
2022-08-17 22:00:00+00:00,BNP.PA,39.01935958862305,2011446,37.78403911590576,72.02036909048346
2022-08-18 22:00:00+00:00,BNP.PA,37.9290771484375,3502588,37.93703670501709,61.09741854796574
2022-08-21 22:00:00+00:00,BNP.PA,36.99000549316406,3432582,38.00687084197998,50.45712492008737
2022-08-22 22:00:00+00:00,BNP.PA,37.10539627075195,2330432,38.0987886428833,46.048511364836266
2022-08-23 22:00:00+00:00,BNP.PA,37.13325500488281,1488730,38.19011001586914,38.07141463147407
2022-08-24 22:00:00+00:00,BNP.PA,37.11335372924805,1575288,38.26710605621338,33.07744092880556
2022-08-25 22:00:00+00:00,BNP.PA,36.4886360168457,2273072,38.26113758087158,30.940378226934783
2022-08-28 22:00:00+00:00,BNP.PA,36.4170036315918,2105680,38.257158279418945,30.54563020910831
2022-08-29 22:00:00+00:00,BNP.PA,36.91837692260742,3238470,38.25676002502441,29.54710705525511
2022-08-30 22:00:00+00:00,BNP.PA,36.99398422241211,3797421,38.22592182159424,27.19173916078239
2022-08-31 22:00:00+00:00,BNP.PA,36.59209060668945,2158502,38.132412147521975,15.015766879303484
2022-09-01 22:00:00+00:00,BNP.PA,37.78582763671875,2718913,38.07829570770264,32.68972762655848
2022-09-04 22:00:00+00:00,BNP.PA,36.97408676147461,2335144,37.99692230224609,28.360886751466424
2022-09-05 22:00:00+00:00,BNP.PA,37.05366897583008,1843576,37.919528007507324,31.608867953286833
2022-09-06 22:00:00+00:00,BNP.PA,37.01785659790039,2197475,37.811295700073245,33.289062320845716
2022-09-07 22:00:00+00:00,BNP.PA,37.753997802734375,3900572,37.72713718414307,48.44635216378703
2022-09-08 22:00:00+00:00,BNP.PA,38.740821838378906,3859842,37.65750236511231,65.40611375992071
2022-09-11 22:00:00+00:00,BNP.PA,40.23697280883789,3984384,37.6766019821167,72.1689685641388
2022-09-12 22:00:00+00:00,BNP.PA,40.02210235595703,2999069,37.68296871185303,69.92312711124207
2022-09-13 22:00:00+00:00,BNP.PA,39.99026870727539,2742837,37.713807106018066,69.80823336842349
2022-09-14 22:00:00+00:00,BNP.PA,40.07780838012695,4252554,37.766729545593265,76.68633179226819
2022-09-15 22:00:00+00:00,BNP.PA,39.254127502441406,5528043,37.83298206329346,68.97288003285723
2022-09-18 22:00:00+00:00,BNP.PA,39.27799987792969,1461626,37.947381782531735,66.85616744085662
2022-09-19 22:00:00+00:00,BNP.PA,38.54981994628906,3029883,38.0196029663086,60.16639006445521
2022-09-20 22:00:00+00:00,BNP.PA,38.17180252075195,2577821,38.07153034210205,60.354715622390145
2022-09-21 22:00:00+00:00,BNP.PA,38.37474060058594,2696429,38.134599685668945,54.43646696530487
2022-09-22 22:00:00+00:00,BNP.PA,37.32823181152344,3892872,38.17657947540283,52.57674272984794
2022-09-25 22:00:00+00:00,BNP.PA,36.77513122558594,2675534,38.19448585510254,48.10401693835231
2022-09-26 22:00:00+00:00,BNP.PA,35.89972305297852,3415273,38.14355316162109,43.16967319237946
2022-09-27 22:00:00+00:00,BNP.PA,34.49906921386719,5605309,38.01880741119385,31.609697809871605
2022-09-28 22:00:00+00:00,BNP.PA,33.85047149658203,3692206,37.88172645568848,21.27160272499104
2022-09-29 22:00:00+00:00,BNP.PA,34.702003479003906,3760558,37.727535247802734,14.820409297372677
2022-10-02 22:00:00+00:00,BNP.PA,34.92085647583008,3177201,37.62487373352051,17.593508528489608
2022-10-03 22:00:00+00:00,BNP.PA,36.1901969909668,4372071,37.58170013427734,29.13933523365496
2022-10-04 22:00:00+00:00,BNP.PA,35.10787582397461,2810487,37.48620109558105,25.403690169541193
2022-10-05 22:00:00+00:00,BNP.PA,34.72587585449219,2506012,37.334794998168945,26.565055368707505
2022-10-06 22:00:00+00:00,BNP.PA,34.709964752197266,2734191,37.13325214385986,26.33966800378255
2022-10-09 22:00:00+00:00,BNP.PA,34.845252990722656,2617328,36.8636661529541,29.55643185182565
2022-10-10 22:00:00+00:00,BNP.PA,34.03351211547852,2782908,36.564236640930176,28.206204803350644
2022-10-11 22:00:00+00:00,BNP.PA,33.69926452636719,2914797,36.24968643188477,25.713083192114368
2022-10-12 22:00:00+00:00,BNP.PA,34.57069396972656,4126814,35.97433071136474,35.4105075862648
2022-10-13 22:00:00+00:00,BNP.PA,35.06410217285156,3511718,35.76482944488525,40.889799181386714
2022-10-16 22:00:00+00:00,BNP.PA,36.11459732055664,2828882,35.6066593170166,51.12313578362285
2022-10-17 22:00:00+00:00,BNP.PA,36.7432975769043,3058586,35.516333198547365,62.76019310628437
2022-10-18 22:00:00+00:00,BNP.PA,36.54036331176758,2237308,35.43476123809815,66.1106061831513
2022-10-19 22:00:00+00:00,BNP.PA,36.92235565185547,2184488,35.36214199066162,64.09092141551238
2022-10-20 22:00:00+00:00,BNP.PA,36.91041946411133,2530135,35.341251373291016,62.96682117565394
2022-10-23 22:00:00+00:00,BNP.PA,37.37598037719727,2552287,35.371293830871586,58.63271191448997
2022-10-24 22:00:00+00:00,BNP.PA,37.6704330444336,2209328,35.45982933044434,71.07332446179439
2022-10-25 22:00:00+00:00,BNP.PA,37.58687210083008,2184367,35.614219474792485,74.742004464159
2022-10-26 22:00:00+00:00,BNP.PA,37.722164154052734,3169911,35.80780410766602,75.52261846427933
2022-10-27 22:00:00+00:00,BNP.PA,37.630645751953125,2262537,35.95423622131348,73.77722983780623
2022-10-30 23:00:00+00:00,BNP.PA,37.79776382446289,1832430,36.098081588745124,86.10691536696152
2022-10-31 23:00:00+00:00,BNP.PA,38.07232666015625,2333452,36.192188072204594,92.43251126354538
2022-11-01 23:00:00+00:00,BNP.PA,38.10416030883789,2352678,36.34200229644776,90.95950113334553
2022-11-02 23:00:00+00:00,BNP.PA,39.3018798828125,3910416,36.570802497863774,92.22847993772007
2022-11-03 23:00:00+00:00,BNP.PA,40.29268264770508,4682120,36.84993839263917,92.13491358814981
2022-11-06 23:00:00+00:00,BNP.PA,40.340431213378906,2305872,37.12469730377198,91.09100210647766
2022-11-07 23:00:00+00:00,BNP.PA,40.340431213378906,1674044,37.44004325866699,95.5196190876563
2022-11-08 23:00:00+00:00,BNP.PA,39.99822616577149,1815729,37.754991340637204,87.19930613544201
2022-11-09 23:00:00+00:00,BNP.PA,40.46776580810547,3325677,38.049844932556155,88.73488776258719
2022-11-10 23:00:00+00:00,BNP.PA,41.19196701049805,3406809,38.356238174438474,89.33556369264451
2022-11-13 23:00:00+00:00,BNP.PA,41.526214599609375,2326226,38.62681903839111,89.42234488009134
2022-11-14 23:00:00+00:00,BNP.PA,41.75700378417969,2472530,38.87750434875488,91.39023952517522
2022-11-15 23:00:00+00:00,BNP.PA,41.454586029052734,2392345,39.12321548461914,85.85623381135206
2022-11-16 23:00:00+00:00,BNP.PA,41.78883361816406,2014820,39.36653938293457,88.1664859959161
2022-11-17 23:00:00+00:00,BNP.PA,42.42549896240234,3488225,39.64229335784912,89.10554502898272
2022-11-20 23:00:00+00:00,BNP.PA,41.876373291015625,2304354,39.86731300354004,80.71969519603533
2022-11-21 23:00:00+00:00,BNP.PA,41.73312377929688,2193598,40.070447540283205,78.78777424932676
2022-11-22 23:00:00+00:00,BNP.PA,41.97187805175781,1838265,40.28969783782959,74.9812976837683
2022-11-23 23:00:00+00:00,BNP.PA,42.3618278503418,1940313,40.521681022644046,71.81197150362016
2022-11-24 23:00:00+00:00,BNP.PA,42.4414176940918,1853140,40.76221961975098,71.9999392841766
2022-11-27 23:00:00+00:00,BNP.PA,42.019622802734375,2326623,40.973312568664554,66.156085572677
2022-11-28 23:00:00+00:00,BNP.PA,42.63241195678711,2007813,41.201316833496094,74.09010100220769
2022-11-29 23:00:00+00:00,BNP.PA,42.52099609375,3479986,41.4221586227417,70.09331350290748
2022-11-30 23:00:00+00:00,BNP.PA,41.88433456420898,3118973,41.55128135681152,56.89375938158986
2022-12-01 23:00:00+00:00,BNP.PA,41.97983551025391,3186583,41.63563899993896,54.74206067527934
2022-12-04 23:00:00+00:00,BNP.PA,41.63762664794922,1915379,41.70049877166748,48.780464993024324
2022-12-05 23:00:00+00:00,BNP.PA,41.74904251098633,1969471,41.77092933654785,53.130271866078374
2022-12-06 23:00:00+00:00,BNP.PA,41.38296890258789,2131657,41.84016647338867,45.71438238689506
2022-12-07 23:00:00+00:00,BNP.PA,41.38296890258789,1764207,41.88592662811279,37.28165822013125
2022-12-08 23:00:00+00:00,BNP.PA,42.09124755859375,2243527,41.93089065551758,52.52337101725073
2022-12-11 23:00:00+00:00,BNP.PA,41.92412567138672,1756729,41.95078620910645,52.23052003592344
2022-12-12 23:00:00+00:00,BNP.PA,42.68016052246094,3030839,41.99694404602051,57.37973236586095
2022-12-13 23:00:00+00:00,BNP.PA,42.58466339111328,2177111,42.05344791412354,52.47354117600229
2022-12-14 23:00:00+00:00,BNP.PA,41.12034225463867,4148176,42.020023345947266,38.7837512210163
2022-12-15 23:00:00+00:00,BNP.PA,41.81271362304688,7100962,41.98938407897949,48.320458083910275
2022-12-18 23:00:00+00:00,BNP.PA,41.54212951660156,2071760,41.97267189025879,40.629264291133495
2022-12-19 23:00:00+00:00,BNP.PA,42.13103866577149,3012487,41.99256763458252,46.90263127116808
2022-12-20 23:00:00+00:00,BNP.PA,42.99053192138672,2745649,42.04350032806396,58.48595784280159
2022-12-21 23:00:00+00:00,BNP.PA,42.82341384887695,2009654,42.06657962799072,56.40099827542183
2022-12-22 23:00:00+00:00,BNP.PA,42.8154525756836,1163360,42.08528137207031,59.41480389179383
2022-12-26 23:00:00+00:00,BNP.PA,42.9746208190918,965885,42.13303127288818,59.7222861071637
2022-12-27 23:00:00+00:00,BNP.PA,42.624454498291016,1272926,42.13263339996338,59.87339406567296
2022-12-28 23:00:00+00:00,BNP.PA,42.90299224853516,1373142,42.151733207702634,61.575727010794736
2022-12-29 23:00:00+00:00,BNP.PA,42.37774658203125,1445544,42.17640380859375,52.244400056898925
2023-01-01 23:00:00+00:00,BNP.PA,43.71473693847656,1815541,42.263148880004884,61.85458648682502
2023-01-02 23:00:00+00:00,BNP.PA,44.57422637939453,2816969,42.40997886657715,62.370050664296194
2023-01-03 23:00:00+00:00,BNP.PA,46.404632568359375,4045737,42.6427583694458,70.33897272326959
2023-01-04 23:00:00+00:00,BNP.PA,46.64337921142578,2872672,42.905778884887695,83.82063626658812
2023-01-05 23:00:00+00:00,BNP.PA,47.041290283203125,2907109,43.18869495391846,83.21533259922136
2023-01-08 23:00:00+00:00,BNP.PA,46.96966171264648,2782877,43.43261566162109,85.37339348588259
2023-01-09 23:00:00+00:00,BNP.PA,46.43645858764648,2572775,43.65823230743408,78.2653796181929
2023-01-10 23:00:00+00:00,BNP.PA,46.63541793823242,2443551,43.855995178222656,76.20134576392581
2023-01-11 23:00:00+00:00,BNP.PA,47.49490737915039,2719523,44.101507377624515,80.5410075157667
2023-01-12 23:00:00+00:00,BNP.PA,47.638160705566406,2728685,44.4273983001709,80.98154307318748
2023-01-15 23:00:00+00:00,BNP.PA,47.399410247802734,1702088,44.70673313140869,78.13757168224016
2023-01-16 23:00:00+00:00,BNP.PA,47.34370040893555,2486995,44.99681167602539,81.17762690336129
2023-01-17 23:00:00+00:00,BNP.PA,47.463077545166016,3025726,45.26341361999512,80.77329224045909
2023-01-18 23:00:00+00:00,BNP.PA,46.874168395996094,3488537,45.45759544372559,80.08515760435655
2023-01-19 23:00:00+00:00,BNP.PA,47.471038818359375,2382700,45.68997669219971,77.89593742103116
2023-01-22 23:00:00+00:00,BNP.PA,47.90874481201172,1784574,45.944641304016116,76.41863670158423
2023-01-23 23:00:00+00:00,BNP.PA,48.3464469909668,1841156,46.213232612609865,69.74104171239622
2023-01-24 23:00:00+00:00,BNP.PA,48.537445068359375,2128499,46.50888214111328,69.44439222910415
2023-01-25 23:00:00+00:00,BNP.PA,49.1263542175293,2841249,46.82005023956299,70.59743012119831
2023-01-26 23:00:00+00:00,BNP.PA,49.3651008605957,2429677,47.16941795349121,72.90714862086529
2023-01-29 23:00:00+00:00,BNP.PA,49.42876815795898,1793454,47.45511951446533,81.43810778834778
2023-01-30 23:00:00+00:00,BNP.PA,50.05747222900391,3056957,47.7292818069458,82.97543542876807
2023-01-31 23:00:00+00:00,BNP.PA,50.28825759887695,2744729,47.92346305847168,80.6282415927723
2023-02-01 23:00:00+00:00,BNP.PA,49.02289581298828,4348984,48.0424388885498,62.184855332535776
2023-02-02 23:00:00+00:00,BNP.PA,49.1183967590332,3156908,48.14629421234131,65.51726512773399
2023-02-05 23:00:00+00:00,BNP.PA,48.3464469909668,2881745,48.21513347625732,58.01531931502171
2023-02-06 23:00:00+00:00,BNP.PA,49.61180877685547,3829578,48.373900985717775,64.51615397183653
2023-02-07 23:00:00+00:00,BNP.PA,50.81350326538086,3805555,48.5828052520752,74.57796060664191
2023-02-08 23:00:00+00:00,BNP.PA,51.25917053222656,3342155,48.771018409729,74.08908709308385
2023-02-09 23:00:00+00:00,BNP.PA,50.606590270996094,2799846,48.91943988800049,66.69948835939707
2023-02-12 23:00:00+00:00,BNP.PA,50.39171600341797,2157758,49.06905517578125,63.01922840634863
2023-02-13 23:00:00+00:00,BNP.PA,51.23529052734375,2298323,49.26363468170166,65.8559169350333
2023-02-14 23:00:00+00:00,BNP.PA,51.092044830322266,1899481,49.44508304595947,62.191517652236044
2023-02-15 23:00:00+00:00,BNP.PA,52.36537170410156,3307863,49.71964321136475,66.49172020252132
2023-02-16 23:00:00+00:00,BNP.PA,52.07090759277344,2752714,49.94963665008545,64.16379111843116
2023-02-19 23:00:00+00:00,BNP.PA,52.12661743164063,1462503,50.1605302810669,61.818153295619645
2023-02-20 23:00:00+00:00,BNP.PA,52.04703903198242,2041804,50.34555988311767,60.222038350546896
2023-02-21 23:00:00+00:00,BNP.PA,50.90104675292969,3352806,50.46373996734619,61.069407672273606
2023-02-22 23:00:00+00:00,BNP.PA,51.56158065795898,2452406,50.58550128936768,63.50041146295311
2023-02-23 23:00:00+00:00,BNP.PA,50.845340728759766,3831674,50.659513282775876,63.893790669460685
2023-02-26 23:00:00+00:00,BNP.PA,52.09478378295898,2439951,50.792814064025876,63.829763726459625
2023-02-27 23:00:00+00:00,BNP.PA,52.6439094543457,3849072,50.92213592529297,60.99428094840939
2023-02-28 23:00:00+00:00,BNP.PA,50.45538330078125,4959378,50.93049221038818,46.00789675111593
2023-03-01 23:00:00+00:00,BNP.PA,50.4315071105957,3652068,51.000922775268556,49.0725064453901
2023-03-02 23:00:00+00:00,BNP.PA,51.13979721069336,3249357,51.101992797851565,53.76604272169828
2023-03-05 23:00:00+00:00,BNP.PA,51.68095779418945,3164372,51.2687183380127,52.31406965601416
2023-03-06 23:00:00+00:00,BNP.PA,50.86921310424805,3295274,51.33158855438232,48.91808374840067
2023-03-07 23:00:00+00:00,BNP.PA,50.93288040161133,1940506,51.33755741119385,42.119081267783635
2023-03-08 23:00:00+00:00,BNP.PA,49.85055541992188,2765650,51.267126655578615,38.75909138312627
2023-03-09 23:00:00+00:00,BNP.PA,47.94853210449219,6856373,51.134223747253415,32.17924562071464
2023-03-12 23:00:00+00:00,BNP.PA,44.68564224243164,10002668,50.848920059204104,25.307001245816963
2023-03-13 23:00:00+00:00,BNP.PA,46.06242370605469,7140995,50.59027671813965,34.01683881152505
2023-03-14 23:00:00+00:00,BNP.PA,41.406837463378906,13047147,50.10601634979248,23.46092073085019
2023-03-15 23:00:00+00:00,BNP.PA,41.948001861572266,8644803,49.585147857666016,26.53235024228472
2023-03-16 23:00:00+00:00,BNP.PA,41.12830352783203,12469201,49.038017654418944,20.40383346322254
2023-03-19 23:00:00+00:00,BNP.PA,41.8286247253418,10905686,48.523118019104004,21.048150251003804
2023-03-20 23:00:00+00:00,BNP.PA,43.56352996826172,6659062,48.098942565917966,31.09172177653825
2023-03-21 23:00:00+00:00,BNP.PA,43.3486557006836,4711648,47.721323013305664,30.76924989047116
2023-03-22 23:00:00+00:00,BNP.PA,42.4016227722168,3873255,47.26332511901855,26.578501783201915
2023-03-23 23:00:00+00:00,BNP.PA,40.16535186767578,10854004,46.729325675964354,21.705133975562205
2023-03-26 22:00:00+00:00,BNP.PA,41.21583938598633,4539832,46.18537845611572,26.555856297206546
2023-03-27 22:00:00+00:00,BNP.PA,41.35909271240234,5222051,45.621137619018555,26.838672095839485
2023-03-28 22:00:00+00:00,BNP.PA,42.473243713378906,3732322,45.22203063964844,32.17992441903536
2023-03-29 22:00:00+00:00,BNP.PA,43.39640426635742,4314925,44.87027549743652,38.45843155923507
2023-03-30 22:00:00+00:00,BNP.PA,43.93756866455078,5196347,44.51016407012939,47.799634976135216
2023-04-02 22:00:00+00:00,BNP.PA,44.4071044921875,4194961,44.146471405029295,44.85657553555706
2023-04-03 22:00:00+00:00,BNP.PA,44.83685302734375,3970103,43.84485340118408,64.4534068039633
2023-04-04 22:00:00+00:00,BNP.PA,44.43098068237305,3415146,43.51975841522217,60.58345262585551
2023-04-05 22:00:00+00:00,BNP.PA,45.54513549804688,3534417,43.30448741912842,68.36530823560466
2023-04-10 22:00:00+00:00,BNP.PA,45.29842758178711,3216583,43.17198219299316,64.9931165258763
2023-04-11 22:00:00+00:00,BNP.PA,45.41780471801758,2922765,43.20859031677246,59.31254312985683
2023-04-12 22:00:00+00:00,BNP.PA,45.79184341430664,2548133,43.19506130218506,62.077105116770156
2023-04-13 22:00:00+00:00,BNP.PA,47.264122009277344,4096092,43.48792552947998,72.84965752626584
2023-04-16 22:00:00+00:00,BNP.PA,46.30912780761719,3324472,43.70598182678223,82.82308613483565
2023-04-17 22:00:00+00:00,BNP.PA,47.2800407409668,3174581,44.01356868743896,82.67578640474957
2023-04-18 22:00:00+00:00,BNP.PA,47.431243896484375,3029795,44.29369964599609,82.69061574543763
2023-04-19 22:00:00+00:00,BNP.PA,46.83436965942383,2922620,44.4572416305542,74.8638217597234
2023-04-20 22:00:00+00:00,BNP.PA,46.68316650390625,3385239,44.62396717071533,70.54723141018147
2023-04-23 22:00:00+00:00,BNP.PA,47.065162658691406,2206738,44.85714416503906,69.9491951024857
2023-04-24 22:00:00+00:00,BNP.PA,45.94304656982422,3051349,45.14602890014648,59.0440208626274
2023-04-25 22:00:00+00:00,BNP.PA,45.84754943847656,4370114,45.377614402770995,56.19509831796958
2023-04-26 22:00:00+00:00,BNP.PA,46.7468376159668,3348552,45.64700164794922,63.385462187912566
2023-04-27 22:00:00+00:00,BNP.PA,46.62745666503906,3943712,45.854712295532224,57.0685720549692
2023-05-01 22:00:00+00:00,BNP.PA,45.330265045166016,4337766,45.95140533447265,50.18284042802098
2023-05-02 22:00:00+00:00,BNP.PA,44.797061920166016,3463053,45.99437999725342,46.59687134013719
2023-05-03 22:00:00+00:00,BNP.PA,44.51852035522461,3964184,45.99995079040527,42.94532933519207
2023-05-04 22:00:00+00:00,BNP.PA,46.07038116455078,3500140,46.06162719726562,43.44405579755203
2023-05-07 22:00:00+00:00,BNP.PA,46.38871383666992,2212553,46.15951385498047,50.46994433109237
2023-05-08 22:00:00+00:00,BNP.PA,46.492164611816406,3284317,46.206865310668945,44.81669963474945
2023-05-09 22:00:00+00:00,BNP.PA,46.0942497253418,3164316,46.24665641784668,41.48069644944956
2023-05-10 22:00:00+00:00,BNP.PA,45.64063262939453,3124670,46.25779781341553,42.252077421041655
2023-05-11 22:00:00+00:00,BNP.PA,46.54787826538086,3047458,46.29559955596924,49.20038978320677
2023-05-14 22:00:00+00:00,BNP.PA,46.66725158691406,2098800,46.26575603485107,47.57282908863467
2023-05-15 22:00:00+00:00,BNP.PA,46.50012969970703,2817527,46.275306129455565,53.846186261227565
2023-05-16 22:00:00+00:00,BNP.PA,46.65929412841797,3034253,46.244268798828124,55.555567158988744
2023-05-17 22:00:00+00:00,BNP.PA,47.463077545166016,3280289,46.245860481262206,54.96686429226721
2023-05-18 22:00:00+00:00,BNP.PA,47.63019561767578,4601652,46.285651779174806,56.90789542840924
2023-05-21 22:00:00+00:00,BNP.PA,48.787967681884766,5860566,46.39089183807373,74.28673706052071
2023-05-22 22:00:00+00:00,BNP.PA,48.59217071533203,2969892,46.46724224090576,77.98301439619087
2023-05-23 22:00:00+00:00,BNP.PA,47.706817626953125,3744865,46.555430793762206,71.57781684777417
2023-05-24 22:00:00+00:00,BNP.PA,47.82600021362305,3172646,46.654353332519534,64.74015246677561
2023-05-25 22:00:00+00:00,BNP.PA,47.93667221069336,2544293,46.71384506225586,63.466207381744084
2023-05-28 22:00:00+00:00,BNP.PA,47.75789260864258,1989836,46.77036685943604,60.86854550826533
2023-05-29 22:00:00+00:00,BNP.PA,47.06834030151367,3961516,46.85727062225342,57.96537250263275
2023-05-30 22:00:00+00:00,BNP.PA,45.97867965698242,5349242,46.91635150909424,52.50383838817647
2023-05-31 22:00:00+00:00,BNP.PA,46.37027740478516,2737440,47.00893936157227,48.57575855838885
2023-06-01 22:00:00+00:00,BNP.PA,48.081390380859375,3325828,47.109489822387694,59.03410514330945
2023-06-04 22:00:00+00:00,BNP.PA,47.60465621948242,2820715,47.17028694152832,56.78766286100887
2023-06-05 22:00:00+00:00,BNP.PA,48.0728759765625,2602283,47.249322509765626,58.369009537041975
2023-06-06 22:00:00+00:00,BNP.PA,48.31974792480469,2621472,47.36059741973877,55.42992103594801
2023-06-07 22:00:00+00:00,BNP.PA,48.53257751464844,2574474,47.505194664001465,55.686705905996774
2023-06-08 22:00:00+00:00,BNP.PA,47.73235702514648,2612630,47.56441860198974,43.03372947542888
2023-06-11 22:00:00+00:00,BNP.PA,48.03882598876953,2954193,47.63299732208252,46.40089560771113
2023-06-12 22:00:00+00:00,BNP.PA,48.251651763916016,2974169,47.72057342529297,53.88350121732433
2023-06-13 22:00:00+00:00,BNP.PA,48.966739654541016,3298383,47.83594570159912,57.49437867716714
2023-06-14 22:00:00+00:00,BNP.PA,47.91964340209961,2937664,47.8587739944458,49.90038204734531
2023-06-15 22:00:00+00:00,BNP.PA,48.15800476074219,8271686,47.885164451599124,52.324438796744396
2023-06-18 22:00:00+00:00,BNP.PA,48.36231994628906,2390814,47.863882064819336,57.96647873603142
2023-06-19 22:00:00+00:00,BNP.PA,48.294212341308594,2289036,47.84898414611816,66.3069133986287
2023-06-20 22:00:00+00:00,BNP.PA,48.55812072753906,2554634,47.891549301147464,65.68985232887049
2023-06-21 22:00:00+00:00,BNP.PA,47.43439865112305,3122823,47.87196922302246,44.93331955173151
2023-06-22 22:00:00+00:00,BNP.PA,46.69376754760742,3075836,47.809823989868164,43.14983923419941
2023-06-25 22:00:00+00:00,BNP.PA,47.01726150512695,2892775,47.772792434692384,41.88480846279318
2023-06-26 22:00:00+00:00,BNP.PA,47.3918342590332,3308505,47.78896713256836,43.00389140870147
2023-06-27 22:00:00+00:00,BNP.PA,47.55358123779297,3213637,47.86771221160889,42.56145025025305
2023-06-28 22:00:00+00:00,BNP.PA,48.34529113769531,3651226,47.96646289825439,54.66318942804924
2023-06-29 22:00:00+00:00,BNP.PA,49.13699722290039,5687909,48.019243240356445,57.780408372859824
2023-07-02 22:00:00+00:00,BNP.PA,49.74142456054688,2386997,48.12608165740967,59.999969273014926
2023-07-03 22:00:00+00:00,BNP.PA,49.28171920776367,1270228,48.186523818969725,52.18933317212289
2023-07-04 22:00:00+00:00,BNP.PA,48.813507080078125,2797200,48.2112117767334,56.756727142076926
2023-07-05 22:00:00+00:00,BNP.PA,46.617149353027344,6672168,48.115440368652344,41.01292240328224
2023-07-06 22:00:00+00:00,BNP.PA,46.92361831665039,3310169,48.075003433227536,41.707552069247726
2023-07-09 22:00:00+00:00,BNP.PA,47.11941909790039,2493724,48.02903308868408,43.326906500635104
2023-07-10 22:00:00+00:00,BNP.PA,47.8089714050293,2535717,48.00689907073975,45.94093736784821
2023-07-11 22:00:00+00:00,BNP.PA,48.268672943115234,4296194,47.971995735168456,54.870771982838484
2023-07-12 22:00:00+00:00,BNP.PA,48.53257751464844,2670516,48.002642440795896,61.368418619723165
2023-07-13 22:00:00+00:00,BNP.PA,48.22610855102539,2209915,48.00604763031006,57.48944738819902
2023-07-16 22:00:00+00:00,BNP.PA,48.27718734741211,1677982,48.00179100036621,55.7142843073723
2023-07-17 22:00:00+00:00,BNP.PA,49.04335784912109,1910941,48.03924827575683,58.919466808938594
2023-07-18 22:00:00+00:00,BNP.PA,49.34130859375,1892365,48.07840766906738,56.33800013399371
2023-07-19 22:00:00+00:00,BNP.PA,49.41792678833008,2028378,48.17758407592773,51.96662789169927
2023-07-20 22:00:00+00:00,BNP.PA,49.38387680053711,3090044,48.31208953857422,47.279781242508605
2023-07-23 22:00:00+00:00,BNP.PA,49.69034576416016,1838833,48.44574375152588,53.18304271057996
2023-07-24 22:00:00+00:00,BNP.PA,49.877628326416016,1388311,48.57003345489502,58.66848310790444
2023-07-25 22:00:00+00:00,BNP.PA,49.47751998901367,2636487,48.66623039245606,82.94124314336399
2023-07-26 22:00:00+00:00,BNP.PA,50.95026397705078,5221786,48.796479034423825,86.55336413496295
2023-07-27 22:00:00+00:00,BNP.PA,51.23119354248047,3477639,48.90118885040283,86.75802886277869
2023-07-30 22:00:00+00:00,BNP.PA,51.09498977661133,2410299,48.96886711120605,82.60145542955155
2023-07-31 22:00:00+00:00,BNP.PA,50.14153671264648,2469141,49.011857986450195,66.92316601358367
2023-08-01 22:00:00+00:00,BNP.PA,49.04335784912109,3537471,49.02335052490234,54.01070896255572
2023-08-02 22:00:00+00:00,BNP.PA,49.62224197387695,2629468,49.17360515594483,60.512860579961234
2023-08-03 22:00:00+00:00,BNP.PA,50.473541259765625,2588979,49.351101303100585,64.75976458657296
2023-08-06 22:00:00+00:00,BNP.PA,50.69487380981445,1710037,49.52987403869629,61.975310007938646
2023-08-07 22:00:00+00:00,BNP.PA,49.17105102539063,4102500,49.597978019714354,48.95179359032776
2023-08-08 22:00:00+00:00,BNP.PA,49.84357833862305,2608353,49.67672328948974,52.44142266005713
2023-08-09 22:00:00+00:00,BNP.PA,51.33335113525391,3238523,49.81676197052002,59.58160232159004
2023-08-10 22:00:00+00:00,BNP.PA,50.69487380981445,2591264,49.94020023345947,54.78118269593548
2023-08-13 22:00:00+00:00,BNP.PA,50.805545806884766,1960447,50.06661815643311,54.448990102950376
2023-08-14 22:00:00+00:00,BNP.PA,50.03937530517578,1999256,50.11641902923584,52.60251510316446
2023-08-15 22:00:00+00:00,BNP.PA,49.78398895263672,1853675,50.138553047180174,43.911132956422065
2023-08-16 22:00:00+00:00,BNP.PA,49.903167724609375,2241534,50.16281509399414,42.94755649912082
2023-08-17 22:00:00+00:00,BNP.PA,49.56264877319336,2779188,50.17175369262695,42.03538033262748
2023-08-20 22:00:00+00:00,BNP.PA,49.6648063659668,1862482,50.17047672271728,47.28153667180322
2023-08-21 22:00:00+00:00,BNP.PA,49.84357833862305,2034228,50.16877422332764,55.09761314488372
2023-08-22 22:00:00+00:00,BNP.PA,49.80952453613281,2103839,50.1853744506836,51.282029855797425
2023-08-23 22:00:00+00:00,BNP.PA,49.74993515014648,2343960,50.12535800933838,44.44442491923882
2023-08-24 22:00:00+00:00,BNP.PA,49.6392707824707,1851658,50.04576187133789,41.75537366581972
2023-08-27 22:00:00+00:00,BNP.PA,50.65231323242188,2279296,50.023628044128415,62.57228259532234
2023-08-28 22:00:00+00:00,BNP.PA,50.99283218383789,2141387,50.06619281768799,60.33692182271835
2023-08-29 22:00:00+00:00,BNP.PA,50.975807189941406,2336342,50.16281528472901,45.62501166937388
2023-08-30 22:00:00+00:00,BNP.PA,50.83108901977539,7896015,50.22325763702393,51.89584430588355
2023-08-31 22:00:00+00:00,BNP.PA,50.72893142700195,2127581,50.23602714538574,48.93114723388312
2023-09-03 22:00:00+00:00,BNP.PA,50.60123443603516,1659669,50.23134517669678,59.53764861294598
2023-09-04 22:00:00+00:00,BNP.PA,50.55867004394531,2000571,50.300726127624515,64.17449570740558
2023-09-05 22:00:00+00:00,BNP.PA,49.88614273071289,2923414,50.302854347229,49.740947078442595
2023-09-06 22:00:00+00:00,BNP.PA,49.86060333251953,2284877,50.229216957092284,55.014335477128085
2023-09-07 22:00:00+00:00,BNP.PA,49.74142456054688,2162431,50.18154449462891,51.282077469778585
2023-09-10 22:00:00+00:00,BNP.PA,50.66082763671875,3147534,50.1743085861206,60.95896367183627
2023-09-11 22:00:00+00:00,BNP.PA,50.96729278564453,2550025,50.22070446014404,64.46815691673457
2023-09-12 22:00:00+00:00,BNP.PA,50.984317779541016,2191422,50.28072090148926,65.59144033365988
2023-09-13 22:00:00+00:00,BNP.PA,52.18465042114258,3850193,50.39479503631592,75.21079015894469
2023-09-14 22:00:00+00:00,BNP.PA,52.32085800170898,8094602,50.5327054977417,70.00000914497247
2023-09-17 22:00:00+00:00,BNP.PA,51.171607971191406,3667191,50.60804557800293,51.794904791340656
2023-09-18 22:00:00+00:00,BNP.PA,52.02290725708008,2620758,50.71701202392578,59.00442264504489
2023-09-19 22:00:00+00:00,BNP.PA,52.84015274047852,3583372,50.868543434143064,65.4855630696855
2023-09-20 22:00:00+00:00,BNP.PA,52.482608795166016,2590604,51.005177116394044,63.005078508674686
2023-09-21 22:00:00+00:00,BNP.PA,51.70792770385742,2669268,51.108609962463376,57.48852250147256
2023-09-24 22:00:00+00:00,BNP.PA,51.43550491333008,2766032,51.14776954650879,55.75417299393634
2023-09-25 22:00:00+00:00,BNP.PA,51.27376174926758,2252126,51.16181602478027,59.760503335823415
2023-09-26 22:00:00+00:00,BNP.PA,51.171607971191406,2797880,51.17160606384277,59.12326678318784
2023-09-27 22:00:00+00:00,BNP.PA,51.47807312011719,2239087,51.203955268859865,61.77829935816632
2023-09-28 22:00:00+00:00,BNP.PA,51.44402313232422,2830079,51.23970985412598,56.0367609958965
2023-10-01 22:00:00+00:00,BNP.PA,50.814056396484375,2061569,51.25035095214844,48.87498025544137
2023-10-02 22:00:00+00:00,BNP.PA,50.05640411376953,2670595,51.225237655639646,43.85570154987262
2023-10-03 22:00:00+00:00,BNP.PA,49.920196533203125,2668329,51.22694034576416,32.54591740424428
2023-10-04 22:00:00+00:00,BNP.PA,50.39692306518555,2472235,51.25375633239746,35.91020939073539
2023-10-05 22:00:00+00:00,BNP.PA,51.06093597412109,1990871,51.319731903076175,49.12749118529108
2023-10-08 22:00:00+00:00,BNP.PA,50.252201080322266,1872289,51.299300575256346,35.9458981569622
2023-10-09 22:00:00+00:00,BNP.PA,50.93324661254883,3160128,51.29759826660156,34.5304202512842
2023-10-10 22:00:00+00:00,BNP.PA,51.28227615356445,2218506,51.312496185302734,40.24895442611812
2023-10-11 22:00:00+00:00,BNP.PA,50.60123443603516,2667375,51.23332538604736,40.87075443020769
2023-10-12 22:00:00+00:00,BNP.PA,49.06889724731445,4694932,51.07072734832764,33.83722384326799
2023-10-15 22:00:00+00:00,BNP.PA,49.23064422607422,2702406,50.97367916107178,36.046511022034665
2023-10-16 22:00:00+00:00,BNP.PA,49.10294723510742,2171922,50.827681159973146,35.921183739317286
2023-10-17 22:00:00+00:00,BNP.PA,48.787967681884766,2468130,50.625071907043456,31.712971486866238
2023-10-18 22:00:00+00:00,BNP.PA,48.27718734741211,3220816,50.414800834655765,29.78260689561786
2023-10-19 22:00:00+00:00,BNP.PA,47.29819488525391,3689118,50.19431419372559,28.5119901370701
2023-10-22 22:00:00+00:00,BNP.PA,47.7834358215332,2807822,50.011710739135744,35.62971948957758
2023-10-23 22:00:00+00:00,BNP.PA,47.59614944458008,2569012,49.827830123901364,35.40107592585932
2023-10-24 22:00:00+00:00,BNP.PA,47.82600021362305,2730173,49.66054973602295,33.333349819819134
2023-10-25 22:00:00+00:00,BNP.PA,46.58310317993164,5750038,49.415801239013675,22.99797249643332
2023-10-26 22:00:00+00:00,BNP.PA,46.5405387878418,3093023,49.17062702178955,25.33939725116356
2023-10-29 23:00:00+00:00,BNP.PA,45.7318000793457,3759647,48.916514205932614,16.017756634812585
2023-10-30 23:00:00+00:00,BNP.PA,46.217044830322266,3247176,48.72454624176025,17.486375728227543
2023-10-31 23:00:00+00:00,BNP.PA,46.31068801879883,2717312,48.54407081604004,20.21281159939207
2023-11-01 23:00:00+00:00,BNP.PA,47.29819488525391,3304816,48.38913440704346,36.700786241997086
2023-11-02 23:00:00+00:00,BNP.PA,48.21759796142578,3397647,48.246967506408694,43.1687787330894
2023-11-05 23:00:00+00:00,BNP.PA,48.36231994628906,2526854,48.15247344970703,45.017208059685395
2023-11-06 23:00:00+00:00,BNP.PA,47.63019943237305,2976344,47.987321090698245,42.62473232936391
2023-11-07 23:00:00+00:00,BNP.PA,47.75789260864258,2226445,47.81110191345215,46.52222475425901
2023-11-08 23:00:00+00:00,BNP.PA,47.74938201904297,2075065,47.668509292602536,53.47311620826711
2023-11-09 23:00:00+00:00,BNP.PA,47.34075927734375,2489497,47.582102394104005,46.551721063963946
2023-11-12 23:00:00+00:00,BNP.PA,47.49399185180664,1629208,47.495269775390625,49.19998757262248
2023-11-13 23:00:00+00:00,BNP.PA,47.681278228759766,3144007,47.424186325073244,48.85905281354244
2023-11-14 23:00:00+00:00,BNP.PA,47.98774719238281,1773206,47.384175300598145,62.99210987045961
2023-11-15 23:00:00+00:00,BNP.PA,47.74938201904297,1746207,47.357785034179685,60.79023981640068
2023-11-16 23:00:00+00:00,BNP.PA,48.294212341308594,2600953,47.40758590698242,74.00318603120424
2023-11-19 23:00:00+00:00,BNP.PA,48.35380554199219,1565294,47.43610439300537,71.75041995074753
2023-11-20 23:00:00+00:00,BNP.PA,48.064361572265625,1393885,47.45951499938965,67.16662471928238
2023-11-21 23:00:00+00:00,BNP.PA,48.16651916503906,976809,47.47654094696045,60.28223220012822
2023-11-22 23:00:00+00:00,BNP.PA,48.43893814086914,1119936,47.569332695007326,53.09526324380899
2023-11-23 23:00:00+00:00,BNP.PA,48.54960250854492,1275412,47.66978588104248,52.6441818305203
2023-11-26 23:00:00+00:00,BNP.PA,48.03030776977539,1421699,47.78471126556396,56.01019060978629
2023-11-27 23:00:00+00:00,BNP.PA,48.081390380859375,1237697,47.87792854309082,54.97387050798548
2023-11-28 23:00:00+00:00,BNP.PA,48.45595932006836,1440565,47.985192108154294,59.764667429318514
2023-11-29 23:00:00+00:00,BNP.PA,49.179569244384766,3361523,48.07926082611084,73.37657865971173
2023-11-30 23:00:00+00:00,BNP.PA,49.20510482788086,1337401,48.12863616943359,72.48316361616854
2023-12-03 23:00:00+00:00,BNP.PA,49.77547454833984,1595873,48.19929389953613,74.99993169181163
2023-12-04 23:00:00+00:00,BNP.PA,50.87364959716797,3181718,48.36146640777588,78.97428276852041
2023-12-05 23:00:00+00:00,BNP.PA,51.63982009887695,2813151,48.555562782287595,85.31679164355165
2023-12-06 23:00:00+00:00,BNP.PA,52.02290725708008,2523276,48.769239044189455,84.87256567582398
2023-12-07 23:00:00+00:00,BNP.PA,52.652862548828125,2699114,49.03484420776367,86.33087124045122
2023-12-10 23:00:00+00:00,BNP.PA,52.08249282836914,2198940,49.264269256591795,82.41756415472598
2023-12-11 23:00:00+00:00,BNP.PA,51.776023864746094,1848851,49.46900653839111,78.19145196062891
2023-12-12 23:00:00+00:00,BNP.PA,51.34186935424805,2044571,49.636712646484376,72.11417751182157
2023-12-13 23:00:00+00:00,BNP.PA,53.52970123291016,4771017,49.92572860717773,78.81776574201328
2023-12-14 23:00:00+00:00,BNP.PA,53.70847702026367,9283183,50.19644184112549,84.20519745054315
2023-12-17 23:00:00+00:00,BNP.PA,53.11256790161133,1563237,50.434379959106444,78.4408574093905
2023-12-18 23:00:00+00:00,BNP.PA,53.02743911743164,1836408,50.68253383636475,76.71648272860872
2023-12-19 23:00:00+00:00,BNP.PA,53.51268005371094,2125843,50.94984188079834,76.0491804556902
2023-12-20 23:00:00+00:00,BNP.PA,53.52970123291016,1458810,51.20438003540039,76.02463654665956
2023-12-21 23:00:00+00:00,BNP.PA,53.64037322998047,1279974,51.45891857147217,74.6204481234551
2023-12-26 23:00:00+00:00,BNP.PA,53.62335205078125,1184940,51.73857078552246,70.31457494898937
2023-12-27 23:00:00+00:00,BNP.PA,53.16364669799805,856379,51.9926836013794,61.791874138771824
2023-12-28 23:00:00+00:00,BNP.PA,53.2828254699707,764511,52.23402690887451,60.16483854686018
2024-01-01 23:00:00+00:00,BNP.PA,53.93833160400391,1453297,52.47196502685547,60.328397038468324
2024-01-02 23:00:00+00:00,BNP.PA,52.499629974365234,2161179,52.63669128417969,52.94118279928518
2024-01-03 23:00:00+00:00,BNP.PA,53.55524444580078,2020844,52.825679779052734,61.34640179435903
2024-01-04 23:00:00+00:00,BNP.PA,53.6318588256836,1708603,52.96359024047852,65.30143968988628
2024-01-07 23:00:00+00:00,BNP.PA,53.75104141235352,1121894,53.06915130615234,52.0440436575569
2024-01-08 23:00:00+00:00,BNP.PA,53.3168830871582,1334945,53.13385009765625,46.546580490975394
2024-01-09 23:00:00+00:00,BNP.PA,53.14662170410156,1448019,53.158538055419925,50.32469256593328
2024-01-10 23:00:00+00:00,BNP.PA,51.75900268554688,2383953,53.14236354827881,40.312098477675086
2024-01-11 23:00:00+00:00,BNP.PA,51.78454208374024,1827811,53.14278945922852,35.80420614721464
2024-01-14 23:00:00+00:00,BNP.PA,52.03141403198242,1328875,53.177266693115236,38.14016913153255
2024-01-15 23:00:00+00:00,BNP.PA,51.71643829345703,1726074,53.08660354614258,35.24804788502355
2024-01-16 23:00:00+00:00,BNP.PA,51.28227615356445,1829354,52.96529350280762,33.12881883945221
2024-01-17 23:00:00+00:00,BNP.PA,51.63982009887695,1662660,52.8916561126709,38.85428443558533
2024-01-18 23:00:00+00:00,BNP.PA,51.597259521484375,1550707,52.82014713287354,37.53152666073337
2024-01-21 23:00:00+00:00,BNP.PA,52.38045120239258,1657658,52.76353569030762,38.68969776529655
2024-01-22 23:00:00+00:00,BNP.PA,52.07398223876953,1379736,52.69074974060059,46.30177975668461
2024-01-23 23:00:00+00:00,BNP.PA,52.77204895019531,2228528,52.64733352661133,42.74445028723933
2024-01-24 23:00:00+00:00,BNP.PA,52.51665496826172,1315686,52.59199867248535,39.999958952298385
2024-01-25 23:00:00+00:00,BNP.PA,53.24877548217773,2078747,52.59625511169433,45.94222604647939
2024-01-28 23:00:00+00:00,BNP.PA,52.81461334228516,1483122,52.57284450531006,45.94219772891036
2024-01-29 23:00:00+00:00,BNP.PA,52.95082473754883,1746594,52.52346916198731,48.40941897169263
2024-01-30 23:00:00+00:00,BNP.PA,53.24877548217773,2628768,52.56092643737793,64.7059045034067
2024-01-31 23:00:00+00:00,BNP.PA,48.34529113769531,9865002,52.300428771972655,32.705451400917795
2024-02-01 23:00:00+00:00,BNP.PA,47.72384643554688,5384986,52.00502815246582,29.12542568896812
2024-02-04 23:00:00+00:00,BNP.PA,47.75789260864258,3623657,51.70537071228027,30.279857503869962
2024-02-05 23:00:00+00:00,BNP.PA,46.88957214355469,3989882,51.3840051651001,29.024361898662164
2024-02-06 23:00:00+00:00,BNP.PA,46.65120697021485,3496049,51.059234428405766,25.904581231466338
2024-02-07 23:00:00+00:00,BNP.PA,46.42987060546875,2920886,50.79277782440185,25.464803059129224
2024-02-08 23:00:00+00:00,BNP.PA,45.493438720703125,4901434,50.47822265625,17.768910931036586
2024-02-11 23:00:00+00:00,BNP.PA,46.11488723754883,3202069,50.18239631652832,22.91020769856381
2024-02-12 23:00:00+00:00,BNP.PA,45.825443267822266,2452307,49.88784656524658,17.202547271451948
2024-02-13 23:00:00+00:00,BNP.PA,45.90205764770508,2374115,49.618835639953616,18.233813227732696
2024-02-14 23:00:00+00:00,BNP.PA,45.97867965698242,2517763,49.335778617858885,12.739936639913267
2024-02-15 23:00:00+00:00,BNP.PA,46.29366302490234,2901560,49.07059879302979,16.16607368209354
2024-02-18 23:00:00+00:00,BNP.PA,46.62566757202149,2292612,48.78285961151123,17.835447114097576
2024-02-19 23:00:00+00:00,BNP.PA,47.24711608886719,3168091,48.54151630401611,20.452625573134526
2024-02-20 23:00:00+00:00,BNP.PA,47.5876350402832,2638341,48.282295608520506,43.22678199592272
2024-02-21 23:00:00+00:00,BNP.PA,47.860050201416016,2618808,48.049465370178225,51.29866303722379
2024-02-22 23:00:00+00:00,BNP.PA,48.00476837158203,2247149,47.78726501464844,52.30523724883255
2024-02-25 23:00:00+00:00,BNP.PA,47.11090850830078,2763767,47.502079772949216,52.056948787214885
2024-02-26 23:00:00+00:00,BNP.PA,47.33224105834961,2130501,47.22115058898926,56.34916514038793
2024-02-27 23:00:00+00:00,BNP.PA,47.204551696777344,2386211,46.918939399719235,57.35056928743514
2024-02-28 23:00:00+00:00,BNP.PA,47.144962310791016,3837416,46.85892295837402,68.79855008653801
2024-02-29 23:00:00+00:00,BNP.PA,47.80045700073242,2517235,46.8627534866333,69.03852152886573
2024-03-03 23:00:00+00:00,BNP.PA,48.7539176940918,3111764,46.91255474090576,78.76269192437674
2024-03-04 23:00:00+00:00,BNP.PA,48.72837829589844,1968996,47.00449504852295,78.04069422861343
2024-03-05 23:00:00+00:00,BNP.PA,48.7539176940918,2614268,47.1096305847168,77.8158335436214
2024-03-06 23:00:00+00:00,BNP.PA,49.707366943359375,3758442,47.27350540161133,80.33292658124876
2024-03-07 23:00:00+00:00,BNP.PA,50.16707229614258,2857525,47.507187080383304,80.76934804743013
2024-03-10 23:00:00+00:00,BNP.PA,50.26922607421875,2759877,47.7149040222168,78.86190057750906
2024-03-11 23:00:00+00:00,BNP.PA,50.83108901977539,4012391,47.965186309814456,79.7193230197068
2024-03-12 23:00:00+00:00,BNP.PA,51.886695861816406,4745114,48.26441822052002,82.26478026677198
2024-03-13 23:00:00+00:00,BNP.PA,51.29078674316406,3209386,48.5300235748291,74.55480326739854
2024-03-14 23:00:00+00:00,BNP.PA,52.108036041259766,8949165,48.820742225646974,87.77356971533005
2024-03-17 23:00:00+00:00,BNP.PA,52.2357292175293,2282031,49.10124530792236,87.59800073240959
2024-03-18 23:00:00+00:00,BNP.PA,52.78056335449219,2947725,49.37791767120361,90.18406864389166
2024-03-19 23:00:00+00:00,BNP.PA,52.720970153808594,2885055,49.63458442687988,90.1840190589401
2024-03-20 23:00:00+00:00,BNP.PA,53.32539367675781,3666581,49.90785160064697,90.11122798330112
2024-03-21 23:00:00+00:00,BNP.PA,53.46160125732422,2715480,50.18069324493408,88.77977164986649
2024-03-24 23:00:00+00:00,BNP.PA,53.19770050048828,2176630,50.485032844543454,85.42510513183659
2024-03-25 23:00:00+00:00,BNP.PA,54.74706268310547,3717066,50.85577392578125,88.26086808283478
2024-03-26 23:00:00+00:00,BNP.PA,55.05353164672852,2891033,51.24822292327881,87.20380228904003
2024-03-27 23:00:00+00:00,BNP.PA,56.06657791137695,3467964,51.69430370330811,88.11881578584132
2024-04-01 22:00:00+00:00,BNP.PA,55.6920051574707,2995647,52.08888111114502,83.84696887805273
2024-04-02 22:00:00+00:00,BNP.PA,56.63694381713867,3081188,52.483032417297366,84.58415932477301
2024-04-03 22:00:00+00:00,BNP.PA,57.17327117919922,2583051,52.9052770614624,83.56757385213103
2024-04-04 22:00:00+00:00,BNP.PA,56.65397644042969,2913205,53.300279998779295,84.38862407150852
2024-04-07 22:00:00+00:00,BNP.PA,57.02854537963867,1847356,53.66633892059326,83.44904129908252
2024-04-08 22:00:00+00:00,BNP.PA,56.7305908203125,2233616,53.994514846801756,79.86423103028595
2024-04-09 22:00:00+00:00,BNP.PA,56.80721282958984,2452350,54.321414184570315,78.52833260541482
2024-04-10 22:00:00+00:00,BNP.PA,55.76862335205078,3214765,54.568290901184085,68.96184580155719
2024-04-11 22:00:00+00:00,BNP.PA,55.64093017578125,2351756,54.75600261688233,65.31531167841592
2024-04-14 22:00:00+00:00,BNP.PA,55.98995971679688,2592068,54.99096126556397,66.2650430924476
2024-04-15 22:00:00+00:00,BNP.PA,54.33844375610352,3485230,55.10248165130615,56.22677497204568
2024-04-16 22:00:00+00:00,BNP.PA,54.61085891723633,2277500,55.221238136291504,49.13609592299216
2024-04-17 22:00:00+00:00,BNP.PA,55.72605514526367,2716710,55.36851272583008,53.86873961485083
2024-04-18 22:00:00+00:00,BNP.PA,55.70051574707031,2722009,55.517490005493165,47.624286686884936
2024-04-21 22:00:00+00:00,BNP.PA,56.713565826416016,2691459,55.68689861297607,56.12245644486187
2024-04-22 22:00:00+00:00,BNP.PA,57.93092346191406,3112172,55.91036472320557,57.509904087431394
2024-04-23 22:00:00+00:00,BNP.PA,57.65851211547852,3367663,56.13340530395508,52.90520352617619
2024-04-24 22:00:00+00:00,BNP.PA,58.19482421875,3638561,56.305793380737306,59.20650520949199
2024-04-25 22:00:00+00:00,BNP.PA,57.04557037353516,3211049,56.405395317077634,50.09310458630318
2024-04-28 22:00:00+00:00,BNP.PA,57.649993896484375,2454535,56.484566116333006,54.864870538442865
2024-04-29 22:00:00+00:00,BNP.PA,57.55635070800781,2349914,56.57778339385986,53.95681278933325
2024-05-01 22:00:00+00:00,BNP.PA,57.42013931274414,1771056,56.616943168640134,59.642140475676136
2024-05-02 22:00:00+00:00,BNP.PA,57.58189010620117,1775234,56.63737411499024,61.28713104102459
2024-05-05 22:00:00+00:00,BNP.PA,58.08415985107422,1067014,56.70888328552246,61.965011328992375
2024-05-06 22:00:00+00:00,BNP.PA,59.25043869018555,2449417,56.81997795104981,79.71163572863142
2024-05-07 22:00:00+00:00,BNP.PA,59.53987884521485,2043377,56.96044235229492,79.75333601980324
2024-05-08 22:00:00+00:00,BNP.PA,60.11025238037109,1688075,57.12559432983399,78.32785241499738
2024-05-09 22:00:00+00:00,BNP.PA,60.61251449584961,2520057,57.36778888702393,79.89638373957474
2024-05-12 22:00:00+00:00,BNP.PA,60.97856903076172,1870517,57.63467082977295,78.17771610405083
2024-05-13 22:00:00+00:00,BNP.PA,60.88492965698242,1763827,57.87941932678223,72.91944018407187
2024-05-14 22:00:00+00:00,BNP.PA,61.08072662353516,1803259,58.216533470153806,76.8716261186864
2024-05-15 22:00:00+00:00,BNP.PA,60.9615478515625,1340519,58.534067916870114,73.24752485402985
2024-05-16 22:00:00+00:00,BNP.PA,61.55746078491211,2796769,58.82563819885254,91.79815853661111
2024-05-19 22:00:00+00:00,BNP.PA,62.05973052978516,2085075,59.14359893798828,91.6399269779564
2024-05-20 22:00:00+00:00,BNP.PA,62.09606552124024,4197847,59.41272392272949,93.33629996263784
2024-05-21 22:00:00+00:00,BNP.PA,61.35098648071289,1611847,59.583727073669436,83.61628330316779
2024-05-22 22:00:00+00:00,BNP.PA,60.96027374267578,1593552,59.7488151550293,77.8028647257488
2024-05-23 22:00:00+00:00,BNP.PA,61.069313049316406,1333372,59.89253959655762,76.26678302900095
2024-05-26 22:00:00+00:00,BNP.PA,60.93301773071289,962501,60.0869119644165,68.08295533930897
2024-05-27 22:00:00+00:00,BNP.PA,61.5963249206543,1390311,60.284228515625,70.45703447851879
2024-05-28 22:00:00+00:00,BNP.PA,60.81489944458008,1873775,60.44715595245361,56.72718691206904
2024-05-29 22:00:00+00:00,BNP.PA,61.5963249206543,1654206,60.65596523284912,58.917025675778426
2024-05-30 22:00:00+00:00,BNP.PA,61.51454162597656,3289110,60.85259780883789,55.1218658637056
2024-06-02 22:00:00+00:00,BNP.PA,61.84165191650391,1415332,61.040472412109374,58.75210166437162
2024-06-03 22:00:00+00:00,BNP.PA,60.72403335571289,2450741,61.114152145385745,47.207877485229375
2024-06-04 22:00:00+00:00,BNP.PA,60.178855895996094,1613978,61.146100997924805,44.256308100929644
2024-06-05 22:00:00+00:00,BNP.PA,60.74220275878906,2181388,61.1776985168457,43.9885934746079
2024-06-06 22:00:00+00:00,BNP.PA,60.30606460571289,2120025,61.16237602233887,36.94177451635938
2024-06-09 22:00:00+00:00,BNP.PA,57.43477630615234,7509856,60.985186386108396,25.594699068350394
2024-06-10 22:00:00+00:00,BNP.PA,55.19953918457031,6746748,60.700916862487794,22.1399459925468
2024-06-11 22:00:00+00:00,BNP.PA,56.17177581787109,4627597,60.45546932220459,29.397982201144387
2024-06-12 22:00:00+00:00,BNP.PA,54.518062591552734,5973973,60.1332950592041,25.12076930766078
2024-06-13 22:00:00+00:00,BNP.PA,53.073333740234375,8617206,59.70908870697021,22.849963881106248
2024-06-16 22:00:00+00:00,BNP.PA,53.73663330078125,4341390,59.29293384552002,22.84992321601429
2024-06-17 22:00:00+00:00,BNP.PA,54.02739715576172,2718136,58.88950042724609,25.730954908182056
2024-06-18 22:00:00+00:00,BNP.PA,53.34592056274414,2947548,58.48924713134765,20.287911866899137
2024-06-19 22:00:00+00:00,BNP.PA,54.618011474609375,2735541,58.17213401794434,27.12476256561237
2024-06-20 22:00:00+00:00,BNP.PA,53.909278869628906,6377244,57.81413230895996,24.33860409738429
2024-06-23 22:00:00+00:00,BNP.PA,55.67202758789063,3799351,57.55108280181885,34.31149492687955
2024-06-24 22:00:00+00:00,BNP.PA,55.02689743041992,3411239,57.22261142730713,34.0998079339728
2024-06-25 22:00:00+00:00,BNP.PA,54.74522018432617,3252961,56.919127464294434,31.164382494807867
2024-06-26 22:00:00+00:00,BNP.PA,54.53623580932617,3437993,56.56612300872803,31.615507809233392
2024-06-27 22:00:00+00:00,BNP.PA,54.09100341796875,4476230,56.194946098327634,37.397257201485175
2024-06-30 22:00:00+00:00,BNP.PA,56.03547668457031,4655869,55.90463733673096,53.221267515612716
2024-07-01 22:00:00+00:00,BNP.PA,55.63568115234375,2578874,55.6502197265625,47.83882421112335
2024-07-02 22:00:00+00:00,BNP.PA,56.998634338378906,3555561,55.49120864868164,60.24006719765072
2024-07-03 22:00:00+00:00,BNP.PA,58.07990646362305,2798016,55.35809383392334,71.30704814189598
2024-07-04 22:00:00+00:00,BNP.PA,57.84366226196289,2358461,55.23497371673584,68.13806339400844
2024-07-07 22:00:00+00:00,BNP.PA,56.82599258422852,3007412,55.20453453063965,61.61389320097253
2024-07-08 22:00:00+00:00,BNP.PA,55.49029922485352,3863035,55.21907253265381,58.44064270304296
2024-07-09 22:00:00+00:00,BNP.PA,55.990047454833984,1924593,55.20998611450195,55.75018921038755
2024-07-10 22:00:00+00:00,BNP.PA,56.3535041809082,1692308,55.301758193969725,60.54902288769786
2024-07-11 22:00:00+00:00,BNP.PA,56.735130310058594,1800462,55.48484802246094,55.20926716677144
2024-07-14 22:00:00+00:00,BNP.PA,57.007720947265625,1580214,55.64840240478516,60.07394712264677
2024-07-15 22:00:00+00:00,BNP.PA,56.85325241088867,1353639,55.7896951675415,60.861433232438394
2024-07-16 22:00:00+00:00,BNP.PA,57.27122116088867,1890688,55.98596019744873,63.7946745352648
2024-07-17 22:00:00+00:00,BNP.PA,57.83457946777344,2131235,56.146788597106934,68.65944137052462
2024-07-18 22:00:00+00:00,BNP.PA,57.28939437866211,2758555,56.31579437255859,57.263167663572474
2024-07-21 22:00:00+00:00,BNP.PA,58.63417053222656,2579090,56.46390151977539,65.65461993279578
2024-07-22 22:00:00+00:00,BNP.PA,58.77956008911133,2555763,56.65153465270996,60.65217381384053
2024-07-23 22:00:00+00:00,BNP.PA,58.22529220581055,2674629,56.82553825378418,50.92809955835397
2024-07-24 22:00:00+00:00,BNP.PA,58.66143035888672,2229646,57.03179798126221,55.0904741528541
2024-07-25 22:00:00+00:00,BNP.PA,58.5705680847168,1721058,57.25577621459961,62.27618174321616
2024-07-28 22:00:00+00:00,BNP.PA,58.07081985473633,1857337,57.35754337310791,70.57967769452895
2024-07-29 22:00:00+00:00,BNP.PA,58.37066650390625,1455532,57.494292640686034,69.61073601105126
2024-07-30 22:00:00+00:00,BNP.PA,57.66193389892578,2630196,57.52745761871338,60.19827038200141
2024-07-31 22:00:00+00:00,BNP.PA,55.84466552734375,3792758,57.41569557189941,44.32868413226899
2024-08-01 22:00:00+00:00,BNP.PA,54.20912170410156,4648756,57.233968544006345,34.81259714202672
2024-08-04 22:00:00+00:00,BNP.PA,53.2459716796875,4847967,57.0549674987793,32.00361287709785
2024-08-05 22:00:00+00:00,BNP.PA,52.54632568359375,3470163,56.90776882171631,27.072324737728096
2024-08-06 22:00:00+00:00,BNP.PA,54.02739715576172,3846128,56.8096363067627,33.03640570258784
2024-08-07 22:00:00+00:00,BNP.PA,53.99105072021485,1704485,56.69151363372803,34.60557712460917
2024-08-08 22:00:00+00:00,BNP.PA,53.83658599853516,1725418,56.546586418151854,24.80915449512473
2024-08-11 22:00:00+00:00,BNP.PA,53.83658599853516,1361369,56.38802967071533,23.643337847573818
2024-08-12 22:00:00+00:00,BNP.PA,53.854759216308594,1408935,56.23810501098633,25.28256443159401
2024-08-13 22:00:00+00:00,BNP.PA,54.29090118408203,1798601,56.089089012146,25.282596670541295
2024-08-14 22:00:00+00:00,BNP.PA,54.94511795043945,1901263,55.9446159362793,30.724611344529265
2024-08-15 22:00:00+00:00,BNP.PA,55.53572845458984,1845643,55.856932640075684,36.65068640917461
2024-08-18 22:00:00+00:00,BNP.PA,55.75380325317383,1402256,55.712914276123044,36.10038915141647
2024-08-19 22:00:00+00:00,BNP.PA,55.34491729736328,1388031,55.541182136535646,37.288129208220404
2024-08-20 22:00:00+00:00,BNP.PA,55.59024810791016,1415680,55.409429931640624,48.3132524026303
2024-08-21 22:00:00+00:00,BNP.PA,55.49938583374024,1219696,55.251327705383304,60.757624814655394
2024-08-22 22:00:00+00:00,BNP.PA,55.80832290649414,1539381,55.11321544647217,73.97964975763497
2024-08-25 22:00:00+00:00,BNP.PA,55.8355827331543,824515,55.00145359039307,85.21405100501435
2024-08-26 22:00:00+00:00,BNP.PA,56.32624435424805,1394488,54.89923248291016,81.23462574674957
2024-08-27 22:00:00+00:00,BNP.PA,56.226295471191406,1194154,54.827450561523435,79.85446638012374
2024-08-28 22:00:00+00:00,BNP.PA,56.435279846191406,1482081,54.85698127746582,84.21055274665892
2024-08-29 22:00:00+00:00,BNP.PA,56.86233901977539,2283144,54.98964214324951,85.80648015478552
2024-09-01 22:00:00+00:00,BNP.PA,56.72604370117188,868046,55.16364574432373,83.05441425236408
2024-09-02 22:00:00+00:00,BNP.PA,56.0445671081543,2131707,55.33855781555176,69.10892653018809
2024-09-03 22:00:00+00:00,BNP.PA,56.26263427734375,1702441,55.45031967163086,65.8643082805333
2024-09-04 22:00:00+00:00,BNP.PA,57.7982292175293,2748287,55.640678596496585,72.19252497449982
2024-09-05 22:00:00+00:00,BNP.PA,56.49888229370117,2823213,55.773793411254886,56.029405227596015
2024-09-08 22:00:00+00:00,BNP.PA,56.85325241088867,1689491,55.92462673187256,62.31455798821617
2024-09-09 22:00:00+00:00,BNP.PA,56.49888229370117,1531845,56.05683288574219,57.28862518780537
2024-09-10 22:00:00+00:00,BNP.PA,56.88959884643555,1731219,56.186767768859866,60.63978372192147
2024-09-11 22:00:00+00:00,BNP.PA,57.671024322509766,2425097,56.32306308746338,63.294418095585556
2024-09-12 22:00:00+00:00,BNP.PA,57.58015441894531,1562486,56.42528438568115,62.33926649020989
2024-09-15 22:00:00+00:00,BNP.PA,57.507469177246094,1078696,56.51296768188477,58.87977288043245
2024-09-16 22:00:00+00:00,BNP.PA,58.56148147583008,2197849,56.67379589080811,65.35241164942967
2024-09-17 22:00:00+00:00,BNP.PA,58.28889846801758,1495272,56.80872840881348,62.08533941121666
2024-09-18 22:00:00+00:00,BNP.PA,59.2156982421875,2272187,56.99454402923584,64.40488793767304
2024-09-19 22:00:00+00:00,BNP.PA,58.86133193969727,4555256,57.147194480896,62.73022884951188
2024-09-22 22:00:00+00:00,BNP.PA,56.70787048339844,3820413,57.190808868408205,53.364061397830284
2024-09-23 22:00:00+00:00,BNP.PA,57.08040618896485,1969233,57.22851696014404,54.08349473729128
2024-09-24 22:00:00+00:00,BNP.PA,56.61700820922852,1645527,57.2480525970459,43.39431371260693
2024-09-25 22:00:00+00:00,BNP.PA,57.4620361328125,2172542,57.299390411376955,55.674541975451255
2024-09-26 22:00:00+00:00,BNP.PA,57.51655578613281,2468619,57.33210124969482,54.0510681404008
2024-09-29 22:00:00+00:00,BNP.PA,55.92644119262695,3401241,57.29212112426758,46.962376561503056
2024-09-30 22:00:00+00:00,BNP.PA,55.55390167236328,3016067,57.26758785247803,42.89850569364833
2024-10-01 22:00:00+00:00,BNP.PA,55.39035034179688,1856508,57.22397365570068,37.02166308704963
2024-10-02 22:00:00+00:00,BNP.PA,54.59983825683594,2721746,57.06405410766602,34.29115230226411
2024-10-03 22:00:00+00:00,BNP.PA,55.29948806762695,3156894,57.0040843963623,39.083528568157675
2024-10-06 22:00:00+00:00,BNP.PA,56.162689208984375,2118029,56.96955623626709,37.91206742171752
2024-10-07 22:00:00+00:00,BNP.PA,56.24446868896485,1697615,56.95683555603027,39.49576702548727
2024-10-08 22:00:00+00:00,BNP.PA,56.42618942260742,1933761,56.933665084838864,34.47923675301659
2024-10-09 22:00:00+00:00,BNP.PA,56.26263427734375,1495515,56.86324558258057,35.22722984943864
2024-10-10 22:00:00+00:00,BNP.PA,56.48070907592773,1447840,56.80827331542969,48.34434802917105
2024-10-13 22:00:00+00:00,BNP.PA,57.17127227783203,1498110,56.791463470458986,50.63293022781232
2024-10-14 22:00:00+00:00,BNP.PA,57.88909530639648,2926156,56.75784416198731,58.55744654643241
2024-10-15 22:00:00+00:00,BNP.PA,58.5887451171875,2547930,56.7728364944458,57.73068245468013
2024-10-16 22:00:00+00:00,BNP.PA,59.61549758911133,3538311,56.79282646179199,62.70624776288291
2024-10-17 22:00:00+00:00,BNP.PA,60.21519470214844,3181758,56.860519599914554,79.50001653072115
2024-10-20 22:00:00+00:00,BNP.PA,59.78814315795898,1753455,57.01453323364258,78.90826962553506
2024-10-21 22:00:00+00:00,BNP.PA,59.69727325439453,1314922,57.14537658691406,79.69922873767604
2024-10-22 22:00:00+00:00,BNP.PA,59.27022171020508,1702979,57.27803726196289,83.9050767626271
2024-10-23 22:00:00+00:00,BNP.PA,59.361083984375,1747989,57.372989654541016,82.34448885753847
2024-10-24 22:00:00+00:00,BNP.PA,59.361083984375,1462627,57.465216064453124,79.53027131051233
2024-10-27 23:00:00+00:00,BNP.PA,59.988037109375,1879445,57.66829586029053,81.40248390123271
2024-10-28 23:00:00+00:00,BNP.PA,59.91535186767578,2294320,57.886368370056154,79.81380206381004
2024-10-29 23:00:00+00:00,BNP.PA,59.51554870605469,2065998,58.09262828826904,76.71650301712523
2024-10-30 23:00:00+00:00,BNP.PA,57.01680755615234,7008244,58.213476753234865,53.20307254280677
2024-10-31 23:00:00+00:00,BNP.PA,57.280311584472656,3008056,58.312517929077146,50.6865206201166
2024-11-03 23:00:00+00:00,BNP.PA,57.1258430480957,1950835,58.36067562103271,44.82757550971454
2024-11-04 23:00:00+00:00,BNP.PA,57.007720947265625,2153744,58.39883823394776,38.36894208717851
2024-11-05 23:00:00+00:00,BNP.PA,55.49029922485352,5045283,58.35204372406006,21.695709164614726
2024-11-06 23:00:00+00:00,BNP.PA,53.65485763549805,5322315,58.22165489196777,11.513812036001454
2024-11-07 23:00:00+00:00,BNP.PA,54.29998779296875,4731196,58.11261882781982,18.60701793433323
2024-11-10 23:00:00+00:00,BNP.PA,55.37217330932617,3062744,58.02266387939453,27.756967285959206
2024-11-11 23:00:00+00:00,BNP.PA,53.954708099365234,3871602,57.82594451904297,25.1907921256052
2024-11-12 23:00:00+00:00,BNP.PA,53.71846008300781,2782805,57.58243026733398,24.016689127755612
2024-11-13 23:00:00+00:00,BNP.PA,54.0364875793457,2110841,57.303479766845705,26.178854129654454
2024-11-14 23:00:00+00:00,BNP.PA,54.618011474609375,2304077,57.02362060546875,25.87755974918643
2024-11-17 23:00:00+00:00,BNP.PA,54.89968490600586,1536817,56.779197692871094,27.884590478055117
2024-11-18 23:00:00+00:00,BNP.PA,53.8911018371582,3298668,56.488889122009276,26.46386592074613
2024-11-19 23:00:00+00:00,BNP.PA,53.146026611328125,3040698,56.18267936706543,31.016035777414956
2024-11-20 23:00:00+00:00,BNP.PA,52.900691986083984,3475100,55.85965976715088,28.48212414830263
2024-11-21 23:00:00+00:00,BNP.PA,51.71946716308594,5607002,55.47757892608642,25.871840524032166
2024-11-24 23:00:00+00:00,BNP.PA,51.77398681640625,4787044,55.06687641143799,26.50896534059116
2024-11-25 23:00:00+00:00,BNP.PA,51.15611267089844,2952549,54.62891445159912,28.83761387405542
2024-11-26 23:00:00+00:00,BNP.PA,50.54732894897461,4618436,54.18050346374512,32.76209395845906
2024-11-27 23:00:00+00:00,BNP.PA,51.0107307434082,2383392,53.88019962310791,31.378585759113008
2024-11-28 23:00:00+00:00,BNP.PA,51.46504974365234,3399190,53.589436531066895,26.2168381504366
2024-12-01 23:00:00+00:00,BNP.PA,50.82900619506836,4192383,53.274594688415526,28.973116679155368
2024-12-02 23:00:00+00:00,BNP.PA,50.68362045288086,3632470,52.95838966369629,29.33169004900232
2024-12-03 23:00:00+00:00,BNP.PA,51.33784103393555,2626120,52.75076675415039,32.42602591899961
2024-12-04 23:00:00+00:00,BNP.PA,52.67353439331055,3646351,52.701700592041014,38.469838262458055
2024-12-05 23:00:00+00:00,BNP.PA,53.218711853027344,3758878,52.647636795043944,40.33438780017976
2024-12-08 23:00:00+00:00,BNP.PA,54.57258224487305,3643529,52.607657241821286,53.76886478786712
2024-12-09 23:00:00+00:00,BNP.PA,54.2454719543457,3017820,52.622195434570315,56.37510468015982
2024-12-10 23:00:00+00:00,BNP.PA,54.14552307128906,1806949,52.643548583984376,57.341906859646016
2024-12-11 23:00:00+00:00,BNP.PA,53.53673553466797,3064965,52.61856098175049,61.494225694933725
2024-12-12 23:00:00+00:00,BNP.PA,53.55490493774414,2159456,52.565405654907224,61.31634634263403
2024-12-15 23:00:00+00:00,BNP.PA,53.44586944580078,1775368,52.49271488189697,65.55552445725698
2024-12-16 23:00:00+00:00,BNP.PA,52.92795181274414,3075365,52.44455738067627,66.37499173465247
2024-12-17 23:00:00+00:00,BNP.PA,53.273231506347656,2891991,52.450917625427245,65.81956181141283
2024-12-18 23:00:00+00:00,BNP.PA,52.52815246582031,2800740,52.432290649414064,57.1428571428572
2024-12-19 23:00:00+00:00,BNP.PA,52.228302001953125,4839471,52.457732391357425,59.84653221100237
2024-12-22 23:00:00+00:00,BNP.PA,52.19195556640625,1395481,52.47863082885742,60.779232391920345
2024-12-23 23:00:00+00:00,BNP.PA,52.28282165527344,479686,52.53496627807617,57.34463863112523
2024-12-26 23:00:00+00:00,BNP.PA,53.19145584106445,2338135,52.66717262268067,54.311647959676236
2024-12-29 23:00:00+00:00,BNP.PA,53.36409378051758,1667203,52.784840774536136,51.29032629399978
2024-12-30 23:00:00+00:00,BNP.PA,53.809329986572266,796685,52.90205478668213,41.923084375635796
2025-01-01 23:00:00+00:00,BNP.PA,53.83658599853516,1571471,53.052433776855466,45.37986670678173
2025-01-02 23:00:00+00:00,BNP.PA,53.146026611328125,2635522,53.17555408477783,40.03623298631607
2025-01-05 23:00:00+00:00,BNP.PA,54.545318603515625,3444327,53.335927963256836,58.685457113761025
2025-01-06 23:00:00+00:00,BNP.PA,54.88151550292969,3010929,53.44632701873779,60.830910808953895
2025-01-07 23:00:00+00:00,BNP.PA,54.64527130126953,2534021,53.517654991149904,59.59307186016793
2025-01-08 23:00:00+00:00,BNP.PA,54.47262954711914,1759110,53.51265735626221,63.0769240705982
2025-01-09 23:00:00+00:00,BNP.PA,53.92744827270508,3177621,53.49675617218018,55.35714397275618
2025-01-12 23:00:00+00:00,BNP.PA,54.19095230102539,2249295,53.49902763366699,64.78189654880067
2025-01-13 23:00:00+00:00,BNP.PA,55.25405883789063,3608506,53.584893798828126,73.68423252819649
2025-01-14 23:00:00+00:00,BNP.PA,56.40802383422852,4240049,53.72754974365235,78.0871929757684
2025-01-15 23:00:00+00:00,BNP.PA,56.52613830566406,2413140,53.88156318664551,78.16646055085079
2025-01-16 23:00:00+00:00,BNP.PA,56.55340194702149,3346287,54.062835693359375,75.27323219230405
2025-01-19 23:00:00+00:00,BNP.PA,57.19853210449219,2581551,54.2591007232666,76.91328149390094
2025-01-20 23:00:00+00:00,BNP.PA,57.34391403198242,1841077,54.499888801574706,75.89880077905752
2025-01-21 23:00:00+00:00,BNP.PA,56.61700820922852,2831825,54.71932411193848,68.47828126132913
2025-01-22 23:00:00+00:00,BNP.PA,57.5892448425293,2412811,54.98918857574463,78.46332273907586
2025-01-23 23:00:00+00:00,BNP.PA,57.7982292175293,1858272,55.26495895385742,74.58791438515154
2025-01-26 23:00:00+00:00,BNP.PA,58.36158752441406,3000292,55.5234655380249,75.4316194188875
2025-01-27 23:00:00+00:00,BNP.PA,58.67960739135742,2440646,55.78924121856689,79.13385501404665
2025-01-28 23:00:00+00:00,BNP.PA,58.76138305664063,2128766,56.036843872070314,81.38298614736073
2025-01-29 23:00:00+00:00,BNP.PA,59.66093444824219,2838071,56.32806129455567,89.8862431910715
2025-01-30 23:00:00+00:00,BNP.PA,59.715450286865234,2930668,56.65653247833252,89.58335383273155
2025-02-02 23:00:00+00:00,BNP.PA,58.44336318969727,4014970,56.8514347076416,72.18711271399427
2025-02-03 23:00:00+00:00,BNP.PA,60.92393493652344,5238937,57.153555679321286,76.52082314940816
2025-02-04 23:00:00+00:00,BNP.PA,60.33332061767578,3172600,57.4379581451416,71.18303031332121
2025-02-05 23:00:00+00:00,BNP.PA,62.02338409423828,4195725,57.81549587249756,75.682604707011
2025-02-06 23:00:00+00:00,BNP.PA,63.10465240478516,4583335,58.274356079101565,76.63934115956421
2025-02-09 23:00:00+00:00,BNP.PA,63.14099884033203,3623884,58.72185840606689,76.40728289817343
2025-02-10 23:00:00+00:00,BNP.PA,63.72252655029297,2409379,59.14528179168701,82.8020037608378
2025-02-11 23:00:00+00:00,BNP.PA,64.45852661132812,2772529,59.547806930541995,82.41852885484028
2025-02-12 23:00:00+00:00,BNP.PA,63.69526672363281,3067525,59.90626335144043,76.44658087416384
2025-02-13 23:00:00+00:00,BNP.PA,63.5589714050293,2784882,60.25654182434082,74.23724001407491
2025-02-16 23:00:00+00:00,BNP.PA,63.4499397277832,1505907,60.56911220550537,72.68797516306859
2025-02-17 23:00:00+00:00,BNP.PA,64.59481811523438,2644716,60.93165740966797,75.19622142357665
2025-02-18 23:00:00+00:00,BNP.PA,63.87699508666992,2497449,61.29465675354004,68.50077152459892
2025-02-19 23:00:00+00:00,BNP.PA,64.39491271972656,3309235,61.6349401473999,69.73177056775774
2025-02-20 23:00:00+00:00,BNP.PA,64.62207794189453,2525080,61.97613258361817,78.57139581182012
2025-02-23 23:00:00+00:00,BNP.PA,64.58573150634766,1770629,62.287339782714845,71.87835325801066
2025-02-24 23:00:00+00:00,BNP.PA,65.52162170410156,2874998,62.629440498352054,79.7705529196585
2025-02-25 23:00:00+00:00,BNP.PA,66.07588958740234,2369568,62.99516582489014,76.73855744584029
2025-02-26 23:00:00+00:00,BNP.PA,65.97593688964844,2299727,63.31091594696045,71.76302820933029
2025-02-27 23:00:00+00:00,BNP.PA,66.2031021118164,4812789,63.635298538208005,72.55685918345785
2025-03-02 23:00:00+00:00,BNP.PA,67.25711822509766,3282247,64.07598628997803,74.34288512627367
2025-03-03 23:00:00+00:00,BNP.PA,65.13999938964844,3943060,64.28678951263427,53.94319315563168
2025-03-04 23:00:00+00:00,BNP.PA,67.8386459350586,5127533,64.66205577850342,69.58763890541988
2025-03-05 23:00:00+00:00,BNP.PA,70.11931610107422,4960960,65.06685237884521,75.7857141786155
2025-03-06 23:00:00+00:00,BNP.PA,69.57412719726562,3555933,65.39032611846923,73.27341136275273
2025-03-09 23:00:00+00:00,BNP.PA,67.63874053955078,3997676,65.61521320343017,60.91202833052719
2025-03-10 23:00:00+00:00,BNP.PA,66.29396057128906,4200358,65.74378490447998,58.291754141538775
2025-03-11 23:00:00+00:00,BNP.PA,66.95726776123047,3137680,65.8687219619751,58.70370955862727
2025-03-12 23:00:00+00:00,BNP.PA,66.8300552368164,2891928,66.02546138763428,57.55124810438634
2025-03-13 23:00:00+00:00,BNP.PA,68.80178833007812,3843234,66.28760223388672,62.73322638726122
2025-03-16 23:00:00+00:00,BNP.PA,70.79170227050781,3644074,66.65469036102294,64.96386195709533
2025-03-17 23:00:00+00:00,BNP.PA,72.88156127929688,5488254,67.06902751922607,67.7740641364934
2025-03-18 23:00:00+00:00,BNP.PA,73.47217559814453,3170970,67.54878654479981,69.08837504599447
2025-03-19 23:00:00+00:00,BNP.PA,71.82754516601562,3094729,67.92041816711426,63.35776919400073
2025-03-20 23:00:00+00:00,BNP.PA,72.43633270263672,7614235,68.31113090515137,62.566120916126394
2025-03-23 23:00:00+00:00,BNP.PA,72.1728286743164,2433226,68.6904857635498,68.74997711698407
2025-03-24 23:00:00+00:00,BNP.PA,74.12638854980469,3139788,69.12072410583497,67.45707997686927
2025-03-25 23:00:00+00:00,BNP.PA,73.05420684814453,2745755,69.46963996887207,58.73445117742369
2025-03-26 23:00:00+00:00,BNP.PA,72.39089965820312,2585313,69.7903881072998,58.32439715761971
2025-03-27 23:00:00+00:00,BNP.PA,71.37322998046875,3530438,70.04889450073242,61.66950604374882
2025-03-30 22:00:00+00:00,BNP.PA,69.88307189941406,4346990,70.18019218444825,61.11425069435716
2025-03-31 22:00:00+00:00,BNP.PA,71.31871032714844,3214861,70.48912773132324,62.889360775296645
2025-04-01 22:00:00+00:00,BNP.PA,70.64632415771484,3709465,70.62951164245605,60.926137401191944
2025-04-02 22:00:00+00:00,BNP.PA,66.96634674072266,5866719,70.47186317443848,45.2132703684971
2025-04-03 22:00:00+00:00,BNP.PA,62.39592361450195,10424235,70.11295299530029,30.701752386169957
2025-04-06 22:00:00+00:00,BNP.PA,60.06072616577149,10054532,69.73405227661132,20.859136140149246
2025-04-07 22:00:00+00:00,BNP.PA,60.14250946044922,5756388,69.42647972106934,18.985203255092145
2025-04-08 22:00:00+00:00,BNP.PA,57.95269775390625,6059025,68.97625122070312,18.51546575229102
2025-04-09 22:00:00+00:00,BNP.PA,61.08749008178711,7709559,68.68912296295166,26.896046026635034
2025-04-10 22:00:00+00:00,BNP.PA,59.61549758911133,5435045,68.22980842590331,25.634696573299465
2025-04-13 22:00:00+00:00,BNP.PA,62.241455078125,4086459,67.80229606628419,27.52579485133063
2025-04-14 22:00:00+00:00,BNP.PA,64.13141632080078,3565333,67.36478881835937,33.633346478587825
2025-04-15 22:00:00+00:00,BNP.PA,65.04005432128906,3171170,66.9431827545166,36.63695838204965
2025-04-16 22:00:00+00:00,BNP.PA,64.27679443359375,2922984,66.56564521789551,36.9790064084168
2025-04-21 22:00:00+00:00,BNP.PA,65.0763931274414,2644851,66.19764823913575,40.95108405272211
2025-04-22 22:00:00+00:00,BNP.PA,67.07538604736328,4756299,65.94277610778809,42.17756163369372
2025-04-23 22:00:00+00:00,BNP.PA,65.63066101074219,3705193,65.51798973083496,41.00978101167638
2025-04-24 22:00:00+00:00,BNP.PA,66.15766143798828,2764070,65.17316246032715,48.36577293685695
2025-04-27 22:00:00+00:00,BNP.PA,67.32980346679688,2642379,64.92010765075683,61.55808150718755
2025-04-28 22:00:00+00:00,BNP.PA,67.96585083007812,2497609,64.7497386932373,70.12024488221834
2025-04-29 22:00:00+00:00,BNP.PA,67.50244140625,4196187,64.63070716857911,68.37563921701891
2025-05-01 22:00:00+00:00,BNP.PA,69.38331604003906,3468875,64.53393745422363,78.9861313930749
2025-05-04 22:00:00+00:00,BNP.PA,69.38331604003906,1620728,64.47078704833984,75.0136472519507
2025-05-05 22:00:00+00:00,BNP.PA,69.05620574951172,2001007,64.5752799987793,80.5767617475577
2025-05-06 22:00:00+00:00,BNP.PA,69.07437896728516,2265470,64.90920276641846,76.62883664507075
2025-05-07 22:00:00+00:00,BNP.PA,69.96484375,2070844,65.40440864562989,74.65431992875196
2025-05-08 22:00:00+00:00,BNP.PA,70.4191665649414,2295628,65.91824150085449,73.64211842201448
2025-05-11 22:00:00+00:00,BNP.PA,71.82754516601562,3834741,66.61198387145996,81.40587237758687
2025-05-12 22:00:00+00:00,BNP.PA,71.85480499267578,2186571,67.1503496170044,80.12921726297056
2025-05-13 22:00:00+00:00,BNP.PA,72.61805725097656,2561125,67.80047760009765,77.67693122378462
2025-05-14 22:00:00+00:00,BNP.PA,72.3272933959961,2256067,68.30476951599121,87.79479380258063
2025-05-15 22:00:00+00:00,BNP.PA,72.136474609375,3672767,68.70502243041992,85.07450795745164
2025-05-18 22:00:00+00:00,BNP.PA,74.6022720336914,5096061,69.18313331604004,87.04141087487206
2025-05-19 22:00:00+00:00,BNP.PA,75.07608795166016,2975979,69.72309799194336,86.82365715288199
2025-05-20 22:00:00+00:00,BNP.PA,75.3661880493164,2780363,70.2375877380371,91.47050279590347
2025-05-21 22:00:00+00:00,BNP.PA,74.94071197509766,3162888,70.63085403442383,84.62235336503956
2025-05-22 22:00:00+00:00,BNP.PA,73.33552551269531,4076993,71.01609725952149,70.51833731534352
2025-05-25 22:00:00+00:00,BNP.PA,74.66996002197266,2931682,71.4417121887207,76.38477713328399
2025-05-26 22:00:00+00:00,BNP.PA,74.86334991455078,2167272,71.81838951110839,76.76742804488967
2025-05-27 22:00:00+00:00,BNP.PA,74.05109405517578,3133556,72.12265167236328,69.03192472981492
2025-05-28 22:00:00+00:00,BNP.PA,74.29283905029297,1870054,72.46217155456543,68.406311356788
2025-05-29 22:00:00+00:00,BNP.PA,74.59259796142578,4022585,72.72263565063477,64.68576948730022
2025-06-01 22:00:00+00:00,BNP.PA,74.17680358886719,2724245,72.96231002807617,61.84380217068985
2025-06-02 22:00:00+00:00,BNP.PA,74.66996002197266,2766585,73.24299774169921,60.76267584835803
2025-06-03 22:00:00+00:00,BNP.PA,74.10911560058594,3045846,73.49473457336425,59.0885423355227
2025-06-04 22:00:00+00:00,BNP.PA,74.94071197509766,2986549,73.74352798461913,63.425945204338596
2025-06-05 22:00:00+00:00,BNP.PA,75.55957794189453,2413794,74.0005485534668,55.56804970046594
2025-06-08 22:00:00+00:00,BNP.PA,75.89801788330078,2143681,74.20407218933106,54.85714234188092
2025-06-09 22:00:00+00:00,BNP.PA,73.77066802978516,2760639,74.29986534118652,42.25347417207357
2025-06-10 22:00:00+00:00,BNP.PA,73.7029800415039,2853957,74.35411148071289,43.77430114772796
2025-06-11 22:00:00+00:00,BNP.PA,73.95439910888672,2283451,74.43546676635742,53.60365923547354
2025-06-12 22:00:00+00:00,BNP.PA,72.79402160644531,3175580,74.46834411621094,38.850532391011974
2025-06-15 22:00:00+00:00,BNP.PA,74.94071197509766,2674401,74.48526611328126,50.37315355231878
2025-06-16 22:00:00+00:00,BNP.PA,73.46124267578125,2378298,74.4045238494873,47.326924100866925
2025-06-17 22:00:00+00:00,BNP.PA,74.04142761230469,1998538,74.33828582763672,48.89456780697523
2025-06-18 22:00:00+00:00,BNP.PA,72.17515563964844,2486125,74.20000801086425,40.65769602949354
2025-06-19 22:00:00+00:00,BNP.PA,71.84638977050781,6445923,74.12555122375488,40.93303222114173
2025-06-22 22:00:00+00:00,BNP.PA,70.66667938232422,2307376,73.92538719177246,35.21429658308959
2025-06-23 22:00:00+00:00,BNP.PA,72.89071655273438,2810546,73.82675552368164,45.992336910913835
2025-06-24 22:00:00+00:00,BNP.PA,72.72633361816406,1893621,73.76051750183106,42.38189353554284
2025-06-25 22:00:00+00:00,BNP.PA,72.78434753417969,2188805,73.68509292602539,40.06916950186274
2025-06-26 22:00:00+00:00,BNP.PA,74.36052703857422,2723252,73.67348937988281,44.945969154466425
2025-06-29 22:00:00+00:00,BNP.PA,73.7996826171875,2989700,73.65463333129883,50.106327001802214
2025-06-30 22:00:00+00:00,BNP.PA,72.71665954589844,1980122,73.55696830749511,46.635870207288
2025-07-01 22:00:00+00:00,BNP.PA,74.09944152832031,1874526,73.55648460388184,50.459264355664985
2025-07-02 22:00:00+00:00,BNP.PA,74.05109405517578,1355567,73.51200370788574,54.28196013756992
2025-07-03 22:00:00+00:00,BNP.PA,72.40723419189453,1917871,73.35438652038575,41.06412064195989
2025-07-06 22:00:00+00:00,BNP.PA,73.4322280883789,1672266,73.23109703063965,49.89427247620367
2025-07-07 22:00:00+00:00,BNP.PA,73.88671112060547,2042039,73.23689918518066,49.43100927882201
2025-07-08 22:00:00+00:00,BNP.PA,76.26547241210938,2796494,73.36502380371094,64.49625457227714
2025-07-09 22:00:00+00:00,BNP.PA,75.33717346191406,1650212,73.43416252136231,61.86718332581169
2025-07-10 22:00:00+00:00,BNP.PA,74.0704345703125,2517311,73.49798316955567,61.50325627830775
2025-07-13 22:00:00+00:00,BNP.PA,74.14778900146484,1152671,73.45833702087403,54.96942647726786
2025-07-14 22:00:00+00:00,BNP.PA,73.71265411376953,1385854,73.47090759277344,53.817379724147294
2025-07-15 22:00:00+00:00,BNP.PA,73.5676040649414,1859385,73.44721641540528,53.01116968762301
2025-07-16 22:00:00+00:00,BNP.PA,74.6022720336914,1945017,73.56857223510742,50.96974645687221
2025-07-17 22:00:00+00:00,BNP.PA,75.26947784423828,2275262,73.73972663879394,55.84611453649312
2025-07-20 22:00:00+00:00,BNP.PA,75.17278289794922,2046652,73.9650318145752,60.60101937121433
2025-07-21 22:00:00+00:00,BNP.PA,74.53458404541016,1872782,74.04722518920899,52.00715375146133
2025-07-22 22:00:00+00:00,BNP.PA,75.88835144042969,2504092,74.20532608032227,57.56371172255491
2025-07-23 22:00:00+00:00,BNP.PA,76.1881103515625,3344023,74.37551422119141,67.5022585632924
2025-07-24 22:00:00+00:00,BNP.PA,76.26547241210938,1786751,74.47076148986817,64.37687522018715
2025-07-27 22:00:00+00:00,BNP.PA,74.82467651367188,2408876,74.52201118469239,54.326492318022396
2025-07-28 22:00:00+00:00,BNP.PA,75.88835144042969,2005100,74.68059577941895,48.02030082776497
2025-07-29 22:00:00+00:00,BNP.PA,76.45886993408203,1846735,74.79856719970704,56.11817295824396
2025-07-30 22:00:00+00:00,BNP.PA,77.41616821289062,3766634,74.96682090759278,68.88648093659774
2025-07-31 22:00:00+00:00,BNP.PA,74.00274658203125,4220952,75.04659652709961,49.40524942233079
2025-08-03 22:00:00+00:00,BNP.PA,75.9076919555664,2302451,75.17036972045898,58.03256939031227
2025-08-04 22:00:00+00:00,BNP.PA,75.7916488647461,1604332,75.26561660766602,58.15603313110422
2025-08-05 22:00:00+00:00,BNP.PA,76.6812744140625,1703408,75.28640670776367,57.70611021842449
2025-08-06 22:00:00+00:00,BNP.PA,76.87466430664062,2244475,75.36328125,56.16644401679516
2025-08-07 22:00:00+00:00,BNP.PA,78.80862426757812,2361635,75.60019073486328,62.239615036308656
2025-08-10 22:00:00+00:00,BNP.PA,78.85697174072266,1897384,75.83564987182618,65.15254607193063
2025-08-11 22:00:00+00:00,BNP.PA,79.05036163330078,1564728,76.10253524780273,62.06640949122935
2025-08-12 22:00:00+00:00,BNP.PA,80.2010726928711,2356352,76.43420867919922,64.37978665993042
2025-08-13 22:00:00+00:00,BNP.PA,81.16804504394531,1807921,76.76249732971192,66.51465885107996
2025-08-14 22:00:00+00:00,BNP.PA,80.93596649169922,1635719,77.04582176208496,72.41132906381063
2025-08-17 22:00:00+00:00,BNP.PA,79.5725326538086,1581378,77.26580924987793,63.219984942851276
2025-08-18 22:00:00+00:00,BNP.PA,80.12371063232422,1300079,77.54526557922364,63.16886349679797
2025-08-19 22:00:00+00:00,BNP.PA,80.55884552001953,1211752,77.77879028320312,61.73285959488413
2025-08-20 22:00:00+00:00,BNP.PA,79.98833465576172,1265804,77.96880149841309,78.3684668416291
2025-08-21 22:00:00+00:00,BNP.PA,80.62653350830078,1233531,78.18685455322266,75.41664680481747
2025-08-24 22:00:00+00:00,BNP.PA,77.77395629882812,2581332,78.33431854248047,58.24620847379843
2025-08-25 22:00:00+00:00,BNP.PA,74.4862289428711,7613260,78.26421241760254,42.387623727010784
2025-08-26 22:00:00+00:00,BNP.PA,74.00274658203125,2336368,78.14140625,40.23668823219391
2025-08-27 22:00:00+00:00,BNP.PA,74.36052703857422,1862419,77.98862419128417,33.063285255711946
2025-08-28 22:00:00+00:00,BNP.PA,74.29283905029297,2247764,78.00312881469726,32.6470229911064
2025-08-31 22:00:00+00:00,BNP.PA,74.50557708740234,1059034,77.93302307128906,32.74597015720819
2025-09-01 22:00:00+00:00,BNP.PA,73.4322280883789,2582440,77.8150520324707,24.15060608144252
2025-09-02 22:00:00+00:00,BNP.PA,73.6739730834961,2341664,77.66468696594238,19.702859074586883
2025-09-03 22:00:00+00:00,BNP.PA,74.99872589111328,2919021,77.57089004516601,27.94535750804299
2025-09-04 22:00:00+00:00,BNP.PA,73.99307250976562,1909320,77.33011245727539,28.70844015831156
2025-09-07 22:00:00+00:00,BNP.PA,74.16712951660156,1766240,77.09562034606934,26.595693018286596
2025-09-08 22:00:00+00:00,BNP.PA,75.29850006103516,1938234,76.90802726745605,30.403478854024556
2025-09-09 22:00:00+00:00,BNP.PA,75.57891845703125,1840483,76.67691955566406,33.21058787097434
2025-09-10 22:00:00+00:00,BNP.PA,76.78764343261719,2343944,76.45789947509766,35.9915632723946
2025-09-11 22:00:00+00:00,BNP.PA,76.6812744140625,1409867,76.24516487121582,45.01325203376587
2025-09-14 22:00:00+00:00,BNP.PA,77.67726135253906,1719663,76.15040130615235,68.41522230528969
2025-09-15 22:00:00+00:00,BNP.PA,76.5555648803711,2393805,75.97199401855468,63.72139181070718
2025-09-16 22:00:00+00:00,BNP.PA,75.10509490966797,2515175,75.69930648803711,53.581368312273945
2025-09-17 22:00:00+00:00,BNP.PA,75.80132293701172,1948956,75.48995590209961,56.84209069265268
2025-09-18 22:00:00+00:00,BNP.PA,76.97135925292969,3492262,75.30719718933105,60.29050756039239
2025-09-21 22:00:00+00:00,BNP.PA,76.08174896240234,1604751,75.22258682250977,61.22952494774529
2025-09-22 22:00:00+00:00,BNP.PA,76.32349395751953,1741098,75.31445007324218,61.22952494774529
2025-09-23 22:00:00+00:00,BNP.PA,75.6369400024414,2068144,75.39615974426269,52.859658886574934
2025-09-24 22:00:00+00:00,BNP.PA,75.84000396728516,1829519,75.47013359069824,58.91691990349375
2025-09-25 22:00:00+00:00,BNP.PA,77.54000091552734,2121040,75.63249168395996,64.19287378654491
2025-09-28 22:00:00+00:00,BNP.PA,77.44999694824219,1784329,75.77971267700195,59.92305088395772
2025-09-29 22:00:00+00:00,BNP.PA,77.33000183105469,1999582,75.97460136413574,58.197586705450064
2025-09-30 22:00:00+00:00,BNP.PA,78.33999633789062,2153316,76.20790252685546,57.40502698957101
2025-10-01 22:00:00+00:00,BNP.PA,77.52999877929688,1954767,76.33446617126465,53.79390078371724
2025-10-02 22:00:00+00:00,BNP.PA,78.0,1792351,76.53481254577636,51.51386968309728
2025-10-05 22:00:00+00:00,BNP.PA,75.5,3901585,76.6014560699463,45.615586209956234
2025-10-06 22:00:00+00:00,BNP.PA,74.62999725341797,2571730,76.56803092956542,47.92664687605296
2025-10-07 22:00:00+00:00,BNP.PA,75.19999694824219,2875560,76.54908485412598,47.346545226595886
2025-10-08 22:00:00+00:00,BNP.PA,75.54000091552734,1638496,76.48670272827148,43.1846368343695
2025-10-09 22:00:00+00:00,BNP.PA,75.5,2481923,76.42763900756836,46.986181278917456
2025-10-12 22:00:00+00:00,BNP.PA,75.44000244140625,1638579,76.31577606201172,45.33512299780615
2025-10-13 22:00:00+00:00,BNP.PA,75.75,2825363,76.27549781799317,50.621683188669664
2025-10-14 22:00:00+00:00,BNP.PA,76.83000183105469,2720061,76.3617431640625,54.964887162177156
2025-10-15 22:00:00+00:00,BNP.PA,77.9800033569336,2101921,76.47067718505859,52.33546988818319
2025-10-16 22:00:00+00:00,BNP.PA,74.88999938964844,3930791,76.36660919189453,39.69405017709781
2025-10-19 22:00:00+00:00,BNP.PA,69.0999984741211,13072979,76.01752166748047,27.25262147035143
2025-10-20 22:00:00+00:00,BNP.PA,67.93000030517578,8255408,75.59784698486328,21.479474847046376
2025-10-21 22:00:00+00:00,BNP.PA,68.37000274658203,4939853,75.23450012207032,24.38481649142824
2025-10-22 22:00:00+00:00,BNP.PA,68.72000122070312,2585062,74.87849998474121,23.873891676403886
2025-10-23 22:00:00+00:00,BNP.PA,68.4800033569336,3571036,74.42550010681153,27.354860684863326
2025-10-26 23:00:00+00:00,BNP.PA,69.19000244140625,3334281,74.01250038146972,32.26860037450669
2025-10-27 23:00:00+00:00,BNP.PA,66.73999786376953,5873124,73.48300018310547,25.435555352735264
2025-10-28 23:00:00+00:00,BNP.PA,66.94000244140625,3258597,72.91300048828126,24.824374383294668
2025-10-29 23:00:00+00:00,BNP.PA,66.47000122070312,3524572,72.36000061035156,24.214752304067147
2025-10-30 23:00:00+00:00,BNP.PA,67.05999755859375,2472901,71.81300048828125,26.773833388312312
2025-11-02 23:00:00+00:00,BNP.PA,66.0,3618749,71.33800048828125,24.055360388234092
2025-11-03 23:00:00+00:00,BNP.PA,66.0,2903321,70.90650062561035,19.424060628461987
2025-11-04 23:00:00+00:00,BNP.PA,65.9800033569336,1892765,70.44550094604492,13.811825468186157
2025-11-05 23:00:00+00:00,BNP.PA,65.33999633789062,3823499,69.93550071716308,16.206653391272795
2025-11-06 23:00:00+00:00,BNP.PA,65.48999786376953,1814972,69.43500061035157,28.73970391857671
2025-11-09 23:00:00+00:00,BNP.PA,67.0,2722131,69.01300048828125,44.733865748721016
2025-11-10 23:00:00+00:00,BNP.PA,67.55000305175781,1931233,68.60300064086914,45.41387711909608
2025-11-11 23:00:00+00:00,BNP.PA,69.29000091552734,3265461,68.22600059509277,52.7589504976089
2025-11-12 23:00:00+00:00,BNP.PA,69.58999633789062,2319791,67.80650024414062,55.3416373007382
2025-11-13 23:00:00+00:00,BNP.PA,68.83000183105469,2190683,67.50350036621094,48.275859549018115
2025-11-16 23:00:00+00:00,BNP.PA,68.30000305175781,2167821,67.46350059509277,59.154963630518665
2025-11-17 23:00:00+00:00,BNP.PA,66.69000244140625,3245412,67.4015007019043,48.74118738974633
2025-11-18 23:00:00+00:00,BNP.PA,67.06999969482422,2342031,67.33650054931641,53.048776232858074
2025-11-19 23:00:00+00:00,BNP.PA,70.0199966430664,5282670,67.40150032043456,62.1311544097001
2025-11-20 23:00:00+00:00,BNP.PA,70.47000122070312,3303109,67.50100021362304,69.28387676055411
2025-11-23 23:00:00+00:00,BNP.PA,70.41999816894531,3883575,67.5625,68.98624742573466
2025-11-24 23:00:00+00:00,BNP.PA,71.7699966430664,3335567,67.81399993896484,72.32071218655956
2025-11-25 23:00:00+00:00,BNP.PA,72.33999633789062,2653974,68.08399963378906,77.13179578289453
2025-11-26 23:00:00+00:00,BNP.PA,73.38999938964844,2130568,68.42999954223633,78.62320342902697
2025-11-27 23:00:00+00:00,BNP.PA,73.69000244140625,2643969,68.76149978637696,76.56872274566173
2025-11-30 23:00:00+00:00,BNP.PA,73.44000244140625,2626864,69.13349990844726,73.96258180341852
2025-12-01 23:00:00+00:00,BNP.PA,75.08000183105469,3159346,69.5875,73.74898843198038
2025-12-02 23:00:00+00:00,BNP.PA,74.25,2835770,70.00099983215333,68.31762270008565
2025-12-03 23:00:00+00:00,BNP.PA,75.69000244140625,3038154,70.5185001373291,75.59699971418257
2025-12-04 23:00:00+00:00,BNP.PA,75.38999938964844,2167322,71.01350021362305,76.91719479556487
2025-12-07 23:00:00+00:00,BNP.PA,76.41999816894531,2442558,71.48450012207032,88.64172662916813
2025-12-08 23:00:00+00:00,BNP.PA,77.54000091552734,3069994,71.98400001525879,89.27227230893914
2025-12-09 23:00:00+00:00,BNP.PA,77.01000213623047,2511250,72.37000007629395,82.0348000486714
2025-12-10 23:00:00+00:00,BNP.PA,78.66999816894531,3579181,72.82400016784668,83.82834128795652
2025-12-11 23:00:00+00:00,BNP.PA,78.08999633789062,2804777,73.28699989318848,80.31617635528707
2025-12-14 23:00:00+00:00,BNP.PA,79.08000183105469,2338526,73.82599983215331,79.7396076795435
2025-12-15 23:00:00+00:00,BNP.PA,78.86000061035156,2830574,74.43449974060059,77.30315999596166
2025-12-16 23:00:00+00:00,BNP.PA,80.08000183105469,2628188,75.0849998474121,77.62177404925646
2025-12-17 23:00:00+00:00,BNP.PA,80.23999786376953,3186321,75.59599990844727,77.36002748364653
2025-12-18 23:00:00+00:00,BNP.PA,80.5999984741211,6202498,76.10249977111816,79.63572195931287
2025-12-21 23:00:00+00:00,BNP.PA,80.25,1314995,76.5939998626709,73.9573404757797
2025-12-22 23:00:00+00:00,BNP.PA,80.61000061035156,1609457,77.03600006103515,80.81393457650977
2025-12-23 23:00:00+00:00,BNP.PA,80.5199966430664,308092,77.44500007629395,76.92301803920502
2025-12-28 23:00:00+00:00,BNP.PA,80.22000122070312,1514671,77.78650016784668,76.92308346573492
2025-12-29 23:00:00+00:00,BNP.PA,81.0999984741211,1464283,78.15699996948243,76.53061489289004
2025-12-30 23:00:00+00:00,BNP.PA,80.79000091552734,544818,78.52449989318848,70.2871549863509
2026-01-01 23:00:00+00:00,BNP.PA,81.91999816894531,1682436,78.866499710083,78.51335676796964
2026-01-04 23:00:00+00:00,BNP.PA,81.87000274658203,1649193,79.24749984741212,72.85720046691945
2026-01-05 23:00:00+00:00,BNP.PA,80.56999969482422,2245560,79.491499710083,66.0622112415071
2026-01-06 23:00:00+00:00,BNP.PA,79.69999694824219,2025327,79.70699958801269,54.07892015829005
2026-01-07 23:00:00+00:00,BNP.PA,82.5,2827587,80.01099967956543,67.8782023994388
2026-01-08 23:00:00+00:00,BNP.PA,87.19999694824219,7020926,80.49399948120117,76.06149766370538
2026-01-11 23:00:00+00:00,BNP.PA,86.9800033569336,2824644,80.99249954223633,74.56272736675515
2026-01-12 23:00:00+00:00,BNP.PA,86.9000015258789,2020882,81.40399971008301,73.43753370503961
2026-01-13 23:00:00+00:00,BNP.PA,87.0,2111508,81.84949989318848,75.5875912028773
2026-01-14 23:00:00+00:00,BNP.PA,87.37999725341797,1876145,82.26449966430664,75.62454554222768
2026-01-15 23:00:00+00:00,BNP.PA,87.20999908447266,2694899,82.6819995880127,75.16935102391352
2026-01-18 23:00:00+00:00,BNP.PA,86.8499984741211,2089247,83.02049942016602,74.83148160742115
2026-01-19 23:00:00+00:00,BNP.PA,86.41999816894531,2450661,83.32949943542481,70.6201758074599
2026-01-20 23:00:00+00:00,BNP.PA,85.76000213623047,2233765,83.58749961853027,68.75474318564727
2026-01-21 23:00:00+00:00,BNP.PA,88.3499984741211,2575597,83.99249954223633,71.85590542237381
2026-01-22 23:00:00+00:00,BNP.PA,88.13999938964844,1940045,84.36899948120117,71.0827233318574
2026-01-25 23:00:00+00:00,BNP.PA,88.54000091552734,1679082,84.76999969482422,78.52544462976374
2026-01-26 23:00:00+00:00,BNP.PA,90.1500015258789,2415190,85.26649971008301,85.5201090003615
2026-01-27 23:00:00+00:00,BNP.PA,90.38999938964844,2398166,85.73099975585937,82.46919037853166
2026-01-28 23:00:00+00:00,BNP.PA,90.04000091552734,2573739,86.19349975585938,68.20519993466093
2026-01-29 23:00:00+00:00,BNP.PA,91.1999969482422,2624728,86.65749969482422,74.14188781625174
2026-02-01 23:00:00+00:00,BNP.PA,92.37999725341795,1862043,87.18299942016601,77.84556028861493
2026-02-02 23:00:00+00:00,BNP.PA,91.91999816894533,2307349,87.75049934387206,74.11768137796105
2026-02-03 23:00:00+00:00,BNP.PA,90.93000030517578,2873951,88.31199951171875,66.42002250004592
2026-02-04 23:00:00+00:00,BNP.PA,91.9800033569336,4560294,88.78599967956544,70.40209368045272
2026-02-05 23:00:00+00:00,BNP.PA,93.18000030517578,2447477,89.0849998474121,75.25941802195666
2026-02-08 23:00:00+00:00,BNP.PA,94.38999938964844,2006427,89.45549964904785,79.93993921697438
2026-02-09 23:00:00+00:00,BNP.PA,93.02999877929688,2012757,89.76199951171876,75.94576535532813
2026-02-10 23:00:00+00:00,BNP.PA,92.6999969482422,2538430,90.04699935913087,68.51064382392008
2026-02-11 23:00:00+00:00,BNP.PA,91.58999633789062,2447724,90.25749931335449,63.63635815350473
2026-02-12 23:00:00+00:00,BNP.PA,89.4000015258789,3943675,90.3669994354248,52.97784409181065
2021-03-11 23:00:00+00:00,CS.PA,17.025516510009766,4351211,15.703005123138428,87.60954859531151
2021-03-14 23:00:00+00:00,CS.PA,16.891895294189453,4739235,15.821222305297852,83.20899207038829
2021-03-15 23:00:00+00:00,CS.PA,16.784257888793945,4066265,15.935393810272217,79.21425647548679
2021-03-16 23:00:00+00:00,CS.PA,16.661771774291992,4519361,16.03713116645813,69.83160099847962
2021-03-17 23:00:00+00:00,CS.PA,16.89560890197754,5792283,16.16035923957825,80.34063035827002
2021-03-18 23:00:00+00:00,CS.PA,16.954994201660156,13890530,16.27111597061157,77.36191261335532
2021-03-21 23:00:00+00:00,CS.PA,16.68404197692871,5202987,16.365578413009644,65.33800602938099
2021-03-22 23:00:00+00:00,CS.PA,16.654348373413086,4186459,16.452803230285646,57.02483813908253
2021-03-23 23:00:00+00:00,CS.PA,16.713733673095703,5643649,16.534831476211547,60.706887360192475
2021-03-24 23:00:00+00:00,CS.PA,16.702600479125977,4231656,16.584939336776735,60.33066625896103
2021-03-25 23:00:00+00:00,CS.PA,16.724872589111328,4561533,16.649151706695555,49.07174675179516
2021-03-28 22:00:00+00:00,CS.PA,16.817663192749023,4576487,16.699259567260743,47.540955986004484
2021-03-29 22:00:00+00:00,CS.PA,17.18511962890625,6837589,16.75716190338135,58.531393245208044
2021-03-30 22:00:00+00:00,CS.PA,16.988399505615234,6871119,16.786484241485596,53.55728676336921
2021-03-31 22:00:00+00:00,CS.PA,17.07748031616211,3903477,16.823786735534668,51.44629020510523
2021-04-05 22:00:00+00:00,CS.PA,17.2259464263916,4969182,16.868512535095213,59.22132679612612
2021-04-06 22:00:00+00:00,CS.PA,17.40039825439453,4783652,16.90098991394043,66.40319456955675
2021-04-07 22:00:00+00:00,CS.PA,17.40039825439453,3776179,16.926786136627197,71.03600075180373
2021-04-08 22:00:00+00:00,CS.PA,17.444936752319336,4200158,16.95443820953369,67.53555137200654
2021-04-11 22:00:00+00:00,CS.PA,17.57855796813965,5557337,16.990627098083497,69.00457723103682
2021-04-12 22:00:00+00:00,CS.PA,17.597116470336914,5257747,17.019207096099855,82.88774388568288
2021-04-13 22:00:00+00:00,CS.PA,17.52659797668457,5017518,17.05094223022461,80.51972493473073
2021-04-14 22:00:00+00:00,CS.PA,17.378128051757812,5208209,17.080635738372802,71.8827505622495
2021-04-15 22:00:00+00:00,CS.PA,17.597116470336914,10280112,17.127402973175048,75.91398253481654
2021-04-18 22:00:00+00:00,CS.PA,17.630523681640625,3990358,17.1641487121582,76.0683807608013
2021-04-19 22:00:00+00:00,CS.PA,17.199966430664062,8693961,17.1763973236084,59.21285958682161
2021-04-20 22:00:00+00:00,CS.PA,17.199966430664062,5641861,17.202193546295167,50.43478358010542
2021-04-21 22:00:00+00:00,CS.PA,17.192543029785156,4799424,17.22910327911377,56.72373327704571
2021-04-22 22:00:00+00:00,CS.PA,17.20738983154297,5534974,17.253786087036133,54.498726538721684
2021-04-25 22:00:00+00:00,CS.PA,17.25935173034668,4359254,17.28162364959717,51.239672931330304
2021-04-26 22:00:00+00:00,CS.PA,17.14800262451172,7675047,17.302780151367188,40.17335202699491
2021-04-27 22:00:00+00:00,CS.PA,17.392976760864258,5627768,17.33154582977295,49.75734300884691
2021-04-28 22:00:00+00:00,CS.PA,17.40410804748535,5007210,17.342495250701905,48.63522877100457
2021-04-29 22:00:00+00:00,CS.PA,17.4634952545166,5952237,17.366250038146973,45.95298089127535
2021-05-02 22:00:00+00:00,CS.PA,17.749296188354492,6041723,17.399840831756592,54.50551485951396
2021-05-03 22:00:00+00:00,CS.PA,17.58969497680664,8036308,17.418028259277342,51.774482342074236
2021-05-04 22:00:00+00:00,CS.PA,17.64908218383789,7163617,17.430462455749513,58.022014262061425
2021-05-05 22:00:00+00:00,CS.PA,17.93488121032715,8044911,17.45718660354614,59.61949212019287
2021-05-06 22:00:00+00:00,CS.PA,17.93488311767578,6671632,17.481683921813964,58.83624604071146
2021-05-09 22:00:00+00:00,CS.PA,18.183425903320312,7092964,17.511927318572997,81.92621286123303
2021-05-10 22:00:00+00:00,CS.PA,17.808635711669922,8342294,17.522503280639647,65.89217238872124
2021-05-11 22:00:00+00:00,CS.PA,17.907262802124023,5181104,17.54153652191162,67.81276768898307
2021-05-12 22:00:00+00:00,CS.PA,17.800743103027344,6096605,17.562667274475096,64.14177781414506
2021-05-13 22:00:00+00:00,CS.PA,18.049291610717773,4448040,17.58527603149414,67.21406732404623
2021-05-16 22:00:00+00:00,CS.PA,18.001949310302734,3375995,17.603847312927247,69.14289379168804
2021-05-17 22:00:00+00:00,CS.PA,17.86781120300293,4426932,17.63723955154419,61.200946647589745
2021-05-18 22:00:00+00:00,CS.PA,17.59164810180664,7370487,17.65682363510132,53.93223557340453
2021-05-19 22:00:00+00:00,CS.PA,17.65477180480957,4297355,17.67993507385254,54.004306014524815
2021-05-20 22:00:00+00:00,CS.PA,17.788909912109375,5115531,17.70901107788086,50.88553041007532
2021-05-23 22:00:00+00:00,CS.PA,17.769182205200195,1823048,17.734502601623536,54.27992646583945
2021-05-24 22:00:00+00:00,CS.PA,17.587703704833984,4547164,17.75648765563965,48.61694190296416
2021-05-25 22:00:00+00:00,CS.PA,17.532468795776367,3552170,17.763462257385253,39.880880437264146
2021-05-26 22:00:00+00:00,CS.PA,17.710004806518555,5760944,17.778757095336914,44.808689273407595
2021-05-27 22:00:00+00:00,CS.PA,17.994056701660156,5243330,17.80528516769409,45.69893032097303
2021-05-30 22:00:00+00:00,CS.PA,17.816524505615234,3164687,17.808646583557127,50.196810302657696
2021-05-31 22:00:00+00:00,CS.PA,17.982223510742188,3773074,17.828273010253906,51.809566608313844
2021-06-01 22:00:00+00:00,CS.PA,18.029565811157227,2859483,17.847297191619873,55.68628975151128
2021-06-02 22:00:00+00:00,CS.PA,17.994056701660156,3644047,17.850255966186523,48.46485857233279
2021-06-03 22:00:00+00:00,CS.PA,18.017728805541992,3209196,17.854398250579834,50.44440600649125
2021-06-06 22:00:00+00:00,CS.PA,18.13608741760254,3984343,17.852031326293947,57.62335775918138
2021-06-07 22:00:00+00:00,CS.PA,18.065073013305664,3635573,17.864853191375733,65.22836006051807
2021-06-08 22:00:00+00:00,CS.PA,17.721837997436523,5747158,17.855581951141357,51.82788499327319
2021-06-09 22:00:00+00:00,CS.PA,17.59954071044922,4731919,17.84552183151245,44.80522470369836
2021-06-10 22:00:00+00:00,CS.PA,17.678442001342773,4804931,17.8269793510437,47.5890853585611
2021-06-13 22:00:00+00:00,CS.PA,17.73367691040039,3111039,17.813565731048584,54.15731435710794
2021-06-14 22:00:00+00:00,CS.PA,17.94671630859375,4294556,17.817510986328124,60.824773097683874
2021-06-15 22:00:00+00:00,CS.PA,17.94277000427246,4887816,17.835067081451417,56.68929392857065
2021-06-16 22:00:00+00:00,CS.PA,18.05718040466309,5159627,17.855187511444093,52.01006276473378
2021-06-17 22:00:00+00:00,CS.PA,17.398332595825195,17634471,17.835658645629884,39.80769463201753
2021-06-20 22:00:00+00:00,CS.PA,17.220800399780273,8378838,17.808239555358888,31.54878279880019
2021-06-21 22:00:00+00:00,CS.PA,17.106388092041016,4718336,17.78417377471924,28.333343778453695
2021-06-22 22:00:00+00:00,CS.PA,16.90123748779297,4596960,17.75261220932007,26.24360430885079
2021-06-23 22:00:00+00:00,CS.PA,17.145841598510742,5466646,17.724404048919677,32.7074074578467
2021-06-24 22:00:00+00:00,CS.PA,17.34309959411621,4546017,17.69185619354248,34.7495539539634
2021-06-27 22:00:00+00:00,CS.PA,17.047210693359375,5047004,17.65339050292969,31.98319769180962
2021-06-28 22:00:00+00:00,CS.PA,17.094554901123047,4019078,17.60900707244873,37.59755026002093
2021-06-29 22:00:00+00:00,CS.PA,16.873620986938477,8033385,17.55120983123779,36.18613659279503
2021-06-30 22:00:00+00:00,CS.PA,17.114276885986328,5598204,17.507220840454103,39.88682793401148
2021-07-01 22:00:00+00:00,CS.PA,17.16162109375,3771223,17.4644154548645,39.716287739038506
2021-07-04 22:00:00+00:00,CS.PA,17.283924102783203,3119706,17.421807289123535,37.68333538909993
2021-07-05 22:00:00+00:00,CS.PA,17.011703491210938,5517789,17.3691388130188,34.266711101971964
2021-07-06 22:00:00+00:00,CS.PA,17.05510139465332,4105803,17.335801982879637,32.65034793222054
2021-07-07 22:00:00+00:00,CS.PA,16.79471778869629,8586081,17.295560836791992,37.87644290663802
2021-07-08 22:00:00+00:00,CS.PA,17.212909698486328,7513423,17.27228422164917,49.855486382464704
2021-07-11 22:00:00+00:00,CS.PA,17.220800399780273,3558765,17.246640396118163,52.18047189941149
2021-07-12 22:00:00+00:00,CS.PA,17.177400588989258,3685367,17.208174610137938,55.608928791408694
2021-07-13 22:00:00+00:00,CS.PA,17.212909698486328,2606064,17.171681594848632,51.48860148593442
2021-07-14 22:00:00+00:00,CS.PA,17.1734561920166,3851311,17.12749538421631,45.95107161716773
2021-07-15 22:00:00+00:00,CS.PA,17.059045791625977,4636424,17.110531044006347,50.309262524758445
2021-07-18 22:00:00+00:00,CS.PA,16.569841384887695,9904556,17.077983093261718,38.86099987447919
2021-07-19 22:00:00+00:00,CS.PA,16.735536575317383,5638288,17.059440517425536,46.9982436267201
2021-07-20 22:00:00+00:00,CS.PA,17.074827194213867,8444648,17.068120002746582,49.17768428451814
2021-07-21 22:00:00+00:00,CS.PA,17.1734561920166,4673484,17.069500732421876,50.241534610878205
2021-07-22 22:00:00+00:00,CS.PA,17.177400588989258,4386782,17.061215782165526,47.71567707562165
2021-07-25 22:00:00+00:00,CS.PA,17.279977798461914,4773462,17.072854137420656,56.20437247849359
2021-07-26 22:00:00+00:00,CS.PA,17.205018997192383,3695286,17.078377342224123,53.417254614163255
2021-07-27 22:00:00+00:00,CS.PA,17.220800399780273,2941465,17.09573631286621,60.93115705164591
2021-07-28 22:00:00+00:00,CS.PA,17.291812896728516,3584454,17.10461311340332,52.46302016475705
2021-07-29 22:00:00+00:00,CS.PA,17.264196395874023,5107963,17.10974187850952,51.33815772757857
2021-08-01 22:00:00+00:00,CS.PA,17.994056701660156,13778837,17.14524850845337,67.6922911637509
2021-08-02 22:00:00+00:00,CS.PA,18.22287940979004,6604326,17.205807304382326,70.1892435367655
2021-08-03 22:00:00+00:00,CS.PA,18.26627540588379,4023467,17.266366004943848,71.81102230316283
2021-08-04 22:00:00+00:00,CS.PA,18.447755813598636,4654799,17.349017906188966,76.99386776013824
2021-08-05 22:00:00+00:00,CS.PA,18.684467315673828,4839636,17.42259578704834,95.57822486024448
2021-08-08 22:00:00+00:00,CS.PA,18.755483627319336,3130807,17.49932994842529,95.39007639346062
2021-08-09 22:00:00+00:00,CS.PA,18.810714721679688,2876420,17.580995655059816,94.71544116274248
2021-08-10 22:00:00+00:00,CS.PA,19.01980972290039,4188814,17.671340656280517,94.999995351341
2021-08-11 22:00:00+00:00,CS.PA,19.14605712890625,4484839,17.769970703125,95.28130623733769
2021-08-12 22:00:00+00:00,CS.PA,19.28808212280273,3574139,17.881422519683838,95.36540952426914
2021-08-15 22:00:00+00:00,CS.PA,19.197343826293945,3677931,18.01279764175415,94.69031092126355
2021-08-16 22:00:00+00:00,CS.PA,19.067153930664062,2917599,18.129378509521484,89.39403681634731
2021-08-17 22:00:00+00:00,CS.PA,19.26835823059082,5247162,18.23905506134033,89.95224755705361
2021-08-18 22:00:00+00:00,CS.PA,18.877782821655277,8420369,18.324271392822265,78.44232620939344
2021-08-19 22:00:00+00:00,CS.PA,18.9290714263916,3590002,18.411854934692382,71.66369843339166
2021-08-22 22:00:00+00:00,CS.PA,19.05137252807617,3456021,18.500424671173096,70.19237116450063
2021-08-23 22:00:00+00:00,CS.PA,19.07109832763672,3213580,18.593728637695314,69.84443648081643
2021-08-24 22:00:00+00:00,CS.PA,19.043481826782227,2537206,18.68486270904541,65.89479062552806
2021-08-25 22:00:00+00:00,CS.PA,18.968524932861328,2582833,18.768698310852052,58.295049972596466
2021-08-26 22:00:00+00:00,CS.PA,18.98824882507324,2350982,18.854900932312013,57.00711988975652
2021-08-29 22:00:00+00:00,CS.PA,18.90145492553711,2287381,18.900270843505858,52.68068446652275
2021-08-30 22:00:00+00:00,CS.PA,18.76337432861328,6497274,18.92729558944702,42.092490907123164
2021-08-31 22:00:00+00:00,CS.PA,18.826496124267575,4163045,18.955306625366212,39.74676262514966
2021-09-01 22:00:00+00:00,CS.PA,18.751537322998047,2809219,18.97049570083618,32.010544114148416
2021-09-02 22:00:00+00:00,CS.PA,18.61345672607422,3544499,18.9669451713562,31.025600021817596
2021-09-05 22:00:00+00:00,CS.PA,18.751537322998047,3374184,18.966747856140138,39.7958353066539
2021-09-06 22:00:00+00:00,CS.PA,18.65685272216797,2704960,18.95905475616455,28.767008976527194
2021-09-07 22:00:00+00:00,CS.PA,18.439868927001957,4908543,18.930057716369628,32.710250814434986
2021-09-08 22:00:00+00:00,CS.PA,18.424087524414062,3428685,18.89395923614502,29.48704638322971
2021-09-09 22:00:00+00:00,CS.PA,18.32545661926269,4202331,18.845827960968016,19.93440043227443
2021-09-12 22:00:00+00:00,CS.PA,18.526660919189453,4918609,18.812293815612794,30.397567293614046
2021-09-13 22:00:00+00:00,CS.PA,18.3491268157959,4890307,18.776392459869385,27.43573024180641
2021-09-14 22:00:00+00:00,CS.PA,18.353073120117188,4413262,18.730628204345702,29.032111331759822
2021-09-15 22:00:00+00:00,CS.PA,18.408302307128903,4499786,18.707154178619383,30.708458587701656
2021-09-16 22:00:00+00:00,CS.PA,18.22287940979004,8529608,18.671844577789308,28.817549504449318
2021-09-19 22:00:00+00:00,CS.PA,17.650827407836914,8550203,18.601817321777343,22.67424592358833
2021-09-20 22:00:00+00:00,CS.PA,17.852031707763672,5019109,18.54086399078369,27.586088897546233
2021-09-21 22:00:00+00:00,CS.PA,18.183425903320312,4706806,18.497861194610596,38.31156701775315
2021-09-22 22:00:00+00:00,CS.PA,18.447755813598636,4937333,18.47182273864746,46.759196049334165
2021-09-23 22:00:00+00:00,CS.PA,18.546384811401367,4054178,18.44972953796387,45.92470562203377
2021-09-26 22:00:00+00:00,CS.PA,18.84227752685547,5128558,18.446770668029785,53.4107574143697
2021-09-27 22:00:00+00:00,CS.PA,18.61739921569824,6636893,18.439471912384032,53.25608681872009
2021-09-28 22:00:00+00:00,CS.PA,18.889619827270508,4799998,18.44262809753418,57.80421749348508
2021-09-29 22:00:00+00:00,CS.PA,19.004030227661133,7235633,18.455252742767335,61.31579047810498
2021-09-30 22:00:00+00:00,CS.PA,18.83833122253418,5504653,18.466496467590332,55.2596494232266
2021-10-03 22:00:00+00:00,CS.PA,18.7949333190918,3903581,18.46866626739502,57.88004102337275
2021-10-04 22:00:00+00:00,CS.PA,19.157894134521484,5056534,18.493718338012695,62.62376711558302
2021-10-05 22:00:00+00:00,CS.PA,18.739702224731445,8202487,18.50871000289917,54.666705343468855
2021-10-06 22:00:00+00:00,CS.PA,19.102659225463867,6071233,18.54263858795166,61.79893178353268
2021-10-07 22:00:00+00:00,CS.PA,19.08687973022461,3567200,18.580709743499757,72.63677433670091
2021-10-10 22:00:00+00:00,CS.PA,19.11449432373047,3039381,18.610101413726806,71.05258135803899
2021-10-11 22:00:00+00:00,CS.PA,18.96457862854004,4133688,18.640874004364015,63.86557922070888
2021-10-12 22:00:00+00:00,CS.PA,18.546384811401367,7077613,18.650539588928222,51.6600065231739
2021-10-13 22:00:00+00:00,CS.PA,18.70025062561035,4952127,18.665137004852294,52.54241454688481
2021-10-14 22:00:00+00:00,CS.PA,18.877782821655277,4913333,18.697882175445557,50.61055647721219
2021-10-17 22:00:00+00:00,CS.PA,18.862003326416016,2937818,18.75844097137451,54.532192159886854
2021-10-18 22:00:00+00:00,CS.PA,18.88567352294922,3309483,18.81012306213379,49.91946213630478
2021-10-19 22:00:00+00:00,CS.PA,18.933015823364254,3226857,18.847602558135986,48.509916547002064
2021-10-20 22:00:00+00:00,CS.PA,18.727867126464844,3413201,18.8616081237793,47.71989804796658
2021-10-21 22:00:00+00:00,CS.PA,18.893564224243164,4062649,18.878967094421387,51.93800599492246
2021-10-24 22:00:00+00:00,CS.PA,18.88172912597656,2526540,18.88093967437744,43.704990617701256
2021-10-25 22:00:00+00:00,CS.PA,19.292030334472656,6002805,18.914671230316163,62.63542836597573
2021-10-26 22:00:00+00:00,CS.PA,19.260467529296875,3437769,18.93321361541748,54.25533994064731
2021-10-27 22:00:00+00:00,CS.PA,19.264413833618164,3486065,18.946232795715332,54.81799801439201
2021-10-28 22:00:00+00:00,CS.PA,19.85224723815918,9944696,18.99692859649658,65.3530655323986
2021-10-31 23:00:00+00:00,CS.PA,19.966657638549805,5089139,19.055514812469482,71.16663927055427
2021-11-01 23:00:00+00:00,CS.PA,20.187589645385746,4487489,19.106999588012695,87.81827131844263
2021-11-02 23:00:00+00:00,CS.PA,20.23493385314941,4649550,19.181761169433592,87.1893782666007
2021-11-03 23:00:00+00:00,CS.PA,20.159975051879883,4801790,19.234626960754394,82.69627355535579
2021-11-04 23:00:00+00:00,CS.PA,20.12052154541016,8638153,19.286309051513673,81.70971995817084
2021-11-07 23:00:00+00:00,CS.PA,20.1915340423584,4554227,19.340161037445068,82.135900273836
2021-11-08 23:00:00+00:00,CS.PA,20.0061092376709,3819537,19.39223756790161,74.72724044330701
2021-11-09 23:00:00+00:00,CS.PA,20.25465965270996,6656168,19.47765130996704,84.49189796162842
2021-11-10 23:00:00+00:00,CS.PA,20.321725845336918,3708688,19.55872507095337,83.76856719185781
2021-11-11 23:00:00+00:00,CS.PA,20.341453552246094,3821233,19.63190860748291,84.3865192206427
2021-11-14 23:00:00+00:00,CS.PA,20.40457534790039,4887687,19.709037208557127,81.33320870828308
2021-11-15 23:00:00+00:00,CS.PA,20.16392135620117,4990783,19.772949600219725,72.76349075754317
2021-11-16 23:00:00+00:00,CS.PA,20.171810150146484,3911329,19.834889316558836,72.81749438599967
2021-11-17 23:00:00+00:00,CS.PA,20.06528854370117,4844358,19.901760387420655,57.068078067474275
2021-11-18 23:00:00+00:00,CS.PA,19.85619163513184,8891390,19.949891757965087,46.551715925599645
2021-11-21 23:00:00+00:00,CS.PA,20.03767204284668,5415783,20.007688903808592,45.20202760116013
2021-11-22 23:00:00+00:00,CS.PA,20.1165771484375,5191765,20.048916244506835,46.28711064413879
2021-11-23 23:00:00+00:00,CS.PA,20.152084350585938,4693271,20.09349708557129,49.74618355033812
2021-11-24 23:00:00+00:00,CS.PA,20.096851348876957,2780583,20.13511896133423,49.246263507735364
2021-11-25 23:00:00+00:00,CS.PA,19.11449432373047,14012814,20.098231315612793,28.29892109306485
2021-11-28 23:00:00+00:00,CS.PA,19.122386932373047,8369734,20.056017780303954,30.8220215718885
2021-11-29 23:00:00+00:00,CS.PA,19.21312522888184,14001872,20.00729455947876,25.735277127535838
2021-11-30 23:00:00+00:00,CS.PA,19.911426544189453,9412445,19.991119194030762,42.61367655309706
2021-12-01 23:00:00+00:00,CS.PA,19.80885124206543,6948510,19.97356300354004,40.68966069110107
2021-12-02 23:00:00+00:00,CS.PA,19.729944229125977,5536185,19.95403413772583,38.2716033007866
2021-12-05 23:00:00+00:00,CS.PA,20.09290313720703,7916387,19.94910259246826,48.815716988357615
2021-12-06 23:00:00+00:00,CS.PA,20.215208053588867,7918648,19.95955753326416,50.697092450764195
2021-12-07 23:00:00+00:00,CS.PA,20.15602684020996,6140483,19.95462589263916,51.48002113027042
2021-12-08 23:00:00+00:00,CS.PA,20.144193649291992,5491314,19.945749282836914,55.02064837905232
2021-12-09 23:00:00+00:00,CS.PA,20.01794815063477,3530730,19.929574012756348,49.6494079500079
2021-12-12 23:00:00+00:00,CS.PA,19.97849464416504,3863277,19.90826997756958,47.51067149803969
2021-12-13 23:00:00+00:00,CS.PA,20.069232940673828,5222360,19.903535556793212,48.535531844883295
2021-12-14 23:00:00+00:00,CS.PA,20.069232940673828,4520312,19.89840669631958,49.50209957183307
2021-12-15 23:00:00+00:00,CS.PA,20.321725845336918,8562001,19.911228561401366,79.53655197130612
2021-12-16 23:00:00+00:00,CS.PA,20.02583694458008,11154770,19.91971082687378,69.37387520041888
2021-12-19 23:00:00+00:00,CS.PA,19.63131523132324,6771164,19.899392986297606,57.93408168139463
2021-12-20 23:00:00+00:00,CS.PA,20.04950714111328,5912981,19.896039485931396,52.93128245328184
2021-12-21 23:00:00+00:00,CS.PA,20.14813804626465,2856284,19.895842170715333,57.21472699191419
2021-12-22 23:00:00+00:00,CS.PA,20.42430305480957,4629185,19.912214756011963,63.62232114257995
2021-12-23 23:00:00+00:00,CS.PA,20.432191848754883,802925,19.978099632263184,57.73382780673794
2021-12-26 23:00:00+00:00,CS.PA,20.60972595214844,2715949,20.052466583251952,58.771875511555976
2021-12-27 23:00:00+00:00,CS.PA,20.7596435546875,2905866,20.129792499542237,62.900536698590216
2021-12-28 23:00:00+00:00,CS.PA,20.71624755859375,2363135,20.170033550262453,62.06322634723403
2021-12-29 23:00:00+00:00,CS.PA,20.739917755126957,2565084,20.216586875915528,65.91300063396383
2021-12-30 23:00:00+00:00,CS.PA,20.66101455688477,900017,20.263140392303466,64.78634738951672
2022-01-02 23:00:00+00:00,CS.PA,20.90956115722656,3047418,20.303973293304445,67.040027476055
2022-01-03 23:00:00+00:00,CS.PA,21.308025360107425,6358155,20.35861415863037,71.62536159693987
2022-01-04 23:00:00+00:00,CS.PA,21.34353256225586,4146524,20.417989444732665,69.29957223420253
2022-01-05 23:00:00+00:00,CS.PA,21.552629470825195,5183669,20.488411235809327,79.81510795922225
2022-01-06 23:00:00+00:00,CS.PA,21.67493057250977,4165592,20.571260356903075,94.65525476313327
2022-01-09 23:00:00+00:00,CS.PA,21.62364196777344,5510629,20.653517723083496,90.96513521026091
2022-01-10 23:00:00+00:00,CS.PA,21.970821380615234,4656117,20.748597145080566,92.00004219294306
2022-01-11 23:00:00+00:00,CS.PA,22.029998779296875,4687639,20.84663543701172,91.11115017868532
2022-01-12 23:00:00+00:00,CS.PA,22.26276588439941,4172854,20.943687438964844,92.02902866431708
2022-01-13 23:00:00+00:00,CS.PA,22.32194328308105,4180744,21.058492755889894,91.57092380859761
2022-01-16 23:00:00+00:00,CS.PA,22.51920318603516,3680205,21.20288715362549,91.76034099386531
2022-01-17 23:00:00+00:00,CS.PA,22.566545486450195,5054821,21.328739070892333,93.83176472182937
2022-01-18 23:00:00+00:00,CS.PA,22.09706687927246,6044495,21.426185512542723,76.54321263980623
2022-01-19 23:00:00+00:00,CS.PA,21.958984375,5458042,21.502919578552245,74.81142862143089
2022-01-20 23:00:00+00:00,CS.PA,21.71043586730957,7657568,21.56683177947998,65.30916276848254
2022-01-23 23:00:00+00:00,CS.PA,21.118656158447266,8785456,21.592278289794923,46.62922569018638
2022-01-24 23:00:00+00:00,CS.PA,21.418493270874023,5601546,21.625220775604248,51.219540955363456
2022-01-25 23:00:00+00:00,CS.PA,21.958984375,6863810,21.68735761642456,55.96753926642911
2022-01-26 23:00:00+00:00,CS.PA,22.20358657836914,5982773,21.76054105758667,57.49438937469239
2022-01-27 23:00:00+00:00,CS.PA,22.03788948059082,6793838,21.829384803771973,55.68799357620889
2022-01-30 23:00:00+00:00,CS.PA,22.057615280151367,7095609,21.886787509918214,51.30951675220277
2022-01-31 23:00:00+00:00,CS.PA,22.29432487487793,4616581,21.93610248565674,53.78528104379502
2022-02-01 23:00:00+00:00,CS.PA,22.49553108215332,4358810,21.99370241165161,53.36371915387181
2022-02-02 23:00:00+00:00,CS.PA,22.29432487487793,4612370,22.030787181854247,49.61662045636998
2022-02-03 23:00:00+00:00,CS.PA,21.67493057250977,8519114,22.030787181854247,39.50979908881838
2022-02-06 23:00:00+00:00,CS.PA,22.05367088317871,5507417,22.052288627624513,44.1123328031614
2022-02-07 23:00:00+00:00,CS.PA,22.54681968688965,8487041,22.081088542938232,55.13513819575897
2022-02-08 23:00:00+00:00,CS.PA,22.68490028381348,7479705,22.113833618164065,58.28828652254305
2022-02-09 23:00:00+00:00,CS.PA,22.574438095092773,4746866,22.129417228698735,60.1861079679863
2022-02-10 23:00:00+00:00,CS.PA,22.42451858520508,5361941,22.134545993804934,67.18592329079081
2022-02-13 23:00:00+00:00,CS.PA,21.75778007507324,8514081,22.09647483825684,54.071973512165236
2022-02-14 23:00:00+00:00,CS.PA,22.187807083129883,6757454,22.077537918090822,52.82103038423427
2022-02-15 23:00:00+00:00,CS.PA,22.09312057495117,4540879,22.077340602874756,48.58585148266323
2022-02-16 23:00:00+00:00,CS.PA,21.45400047302246,7628009,22.05209140777588,43.33333042966206
2022-02-17 23:00:00+00:00,CS.PA,21.24095916748047,6815362,22.028617572784423,41.06987995229629
2022-02-20 23:00:00+00:00,CS.PA,20.964794158935547,4870587,22.020924472808836,35.585982200867434
2022-02-21 23:00:00+00:00,CS.PA,20.751754760742188,6329987,21.987587547302248,31.143348264799727
2022-02-22 23:00:00+00:00,CS.PA,20.60972595214844,5480688,21.92012462615967,31.54710443635014
2022-02-23 23:00:00+00:00,CS.PA,19.355154037475582,15841883,21.77770299911499,27.693469646321574
2022-02-24 23:00:00+00:00,CS.PA,19.544523239135746,10640398,21.65303468704224,24.960599826715523
2022-02-27 23:00:00+00:00,CS.PA,19.153947830200195,13298270,21.50785131454468,15.434061607841912
2022-02-28 23:00:00+00:00,CS.PA,18.32939910888672,12149050,21.30960502624512,11.071928908794177
2022-03-01 23:00:00+00:00,CS.PA,18.404359817504883,14706231,21.105046463012698,12.491147430284443
2022-03-02 23:00:00+00:00,CS.PA,18.5345516204834,10293591,20.917057800292973,14.886064878024555
2022-03-03 23:00:00+00:00,CS.PA,17.560087203979492,14278835,20.711315631866455,14.102587523594096
2022-03-06 23:00:00+00:00,CS.PA,17.532468795776367,17066795,20.48525552749634,7.246400674882324
2022-03-07 23:00:00+00:00,CS.PA,17.8046875,12456066,20.248148918151855,11.859669645686509
2022-03-08 23:00:00+00:00,CS.PA,19.20523452758789,15176013,20.074165630340577,32.38566603788979
2022-03-09 23:00:00+00:00,CS.PA,18.648962020874023,8728389,19.87789182662964,30.73314957122335
2022-03-10 23:00:00+00:00,CS.PA,19.01586532592773,11603675,19.70745916366577,35.70602820072776
2022-03-13 23:00:00+00:00,CS.PA,19.627370834350582,9146526,19.600938701629637,42.208850044077074
2022-03-14 23:00:00+00:00,CS.PA,19.77728843688965,7059919,19.480412769317624,44.238122283506286
2022-03-15 23:00:00+00:00,CS.PA,20.167863845825195,9638415,19.384149932861327,56.38956086108682
2022-03-16 23:00:00+00:00,CS.PA,20.203371047973636,6132036,19.321618461608885,55.30831717189722
2022-03-17 23:00:00+00:00,CS.PA,20.10079574584961,11951470,19.264610290527344,57.999990330799456
2022-03-20 23:00:00+00:00,CS.PA,20.152084350585938,4462469,19.223974800109865,67.71473188730337
2022-03-21 23:00:00+00:00,CS.PA,20.518985748291016,5502363,19.212336349487305,69.44845866290561
2022-03-22 23:00:00+00:00,CS.PA,20.2901668548584,5301346,19.196358394622802,65.85888875028685
2022-03-23 23:00:00+00:00,CS.PA,20.25465965270996,4493640,19.24133367538452,79.3133198600661
2022-03-24 23:00:00+00:00,CS.PA,20.2901668548584,4318153,19.278615856170653,79.94863798270474
2022-03-27 22:00:00+00:00,CS.PA,20.41246795654297,5443055,19.341541862487794,79.27374674873649
2022-03-28 22:00:00+00:00,CS.PA,21.154163360595703,7339171,19.482780075073244,75.6757150653979
2022-03-29 22:00:00+00:00,CS.PA,20.9332332611084,4924842,19.609223747253417,83.01032744175578
2022-03-30 22:00:00+00:00,CS.PA,20.960847854614254,4781846,19.730538558959957,81.16314420056749
2022-03-31 22:00:00+00:00,CS.PA,21.122602462768555,3819329,19.908664321899412,77.99121342437928
2022-04-03 22:00:00+00:00,CS.PA,20.70441055297852,4907593,20.06726140975952,65.77184126112695
2022-04-04 22:00:00+00:00,CS.PA,20.325672149658203,7499284,20.19331064224243,52.695428941890114
2022-04-05 22:00:00+00:00,CS.PA,20.28622055053711,5573505,20.247359943389892,51.41319844120988
2022-04-06 22:00:00+00:00,CS.PA,20.108688354492188,5204224,20.3203462600708,50.13127073113166
2022-04-07 22:00:00+00:00,CS.PA,20.32961654663086,5240860,20.386033821105958,52.79501426965321
2022-04-10 22:00:00+00:00,CS.PA,20.90956115722656,6813578,20.450143337249756,55.76254187378426
2022-04-11 22:00:00+00:00,CS.PA,21.126548767089844,6791922,20.517606353759767,62.38319406517129
2022-04-12 22:00:00+00:00,CS.PA,21.03580665588379,3898767,20.561003494262696,61.379286966997945
2022-04-13 22:00:00+00:00,CS.PA,21.3040828704834,4553791,20.616039085388184,63.8320803596241
2022-04-18 22:00:00+00:00,CS.PA,20.98057556152344,4756774,20.660028076171876,57.34692548587807
2022-04-19 22:00:00+00:00,CS.PA,21.426382064819336,5665294,20.723742961883545,53.81215339749915
2022-04-20 22:00:00+00:00,CS.PA,21.37509536743164,4818035,20.766548442840577,56.49651510197261
2022-04-21 22:00:00+00:00,CS.PA,21.012134552001957,5310933,20.802646827697757,50.68636515167228
2022-04-24 22:00:00+00:00,CS.PA,20.337507247924805,6840867,20.806789207458497,40.7613716450673
2022-04-25 22:00:00+00:00,CS.PA,20.45980834960937,5324530,20.815271282196044,46.90619032133229
2022-04-26 22:00:00+00:00,CS.PA,20.282272338867188,5574582,20.808761501312254,49.42162709003747
2022-04-27 22:00:00+00:00,CS.PA,20.27043914794922,5465441,20.764575290679932,49.78812756390231
2022-04-28 22:00:00+00:00,CS.PA,20.08895874023437,5931332,20.722361564636227,49.73540155321125
2022-05-01 22:00:00+00:00,CS.PA,19.87197494506836,5229984,20.667917919158935,43.85596171652857
2022-05-02 22:00:00+00:00,CS.PA,20.11263084411621,5564054,20.61741933822632,38.22845123166812
2022-05-03 22:00:00+00:00,CS.PA,19.85224723815918,4929845,20.57481117248535,31.41540363368503
2022-05-04 22:00:00+00:00,CS.PA,19.46956443786621,8747237,20.532005786895752,28.95017738859373
2022-05-05 22:00:00+00:00,CS.PA,19.18343162536621,11567618,20.47686634063721,21.635231100647786
2022-05-08 22:00:00+00:00,CS.PA,18.71636390686035,5763125,20.407250118255615,20.835083819415544
2022-05-09 22:00:00+00:00,CS.PA,18.9099235534668,5974070,20.33626546859741,15.333183737024413
2022-05-10 22:00:00+00:00,CS.PA,19.322290420532227,6227448,20.256901931762695,24.279314351482043
2022-05-11 22:00:00+00:00,CS.PA,19.065614700317383,7407471,20.15385522842407,24.943665187811277
2022-05-12 22:00:00+00:00,CS.PA,19.36016082763672,4645198,20.07007293701172,36.05466540896453
2022-05-15 22:00:00+00:00,CS.PA,19.38961601257324,4936646,19.974349594116212,34.31428515516886
2022-05-16 22:00:00+00:00,CS.PA,19.8482666015625,6043358,19.917734146118164,44.12310426050663
2022-05-17 22:00:00+00:00,CS.PA,19.70940971374512,4401824,19.831885528564452,42.65571777917495
2022-05-18 22:00:00+00:00,CS.PA,19.393821716308597,5369573,19.732821846008303,41.20882195724882
2022-05-19 22:00:00+00:00,CS.PA,19.456941604614254,5967546,19.655062198638916,44.53866383155154
2022-05-22 22:00:00+00:00,CS.PA,19.7136173248291,4728698,19.62386770248413,44.771508749058995
2022-05-23 22:00:00+00:00,CS.PA,19.663122177124023,3970778,19.584033393859862,47.3775413696578
2022-05-24 22:00:00+00:00,CS.PA,19.89034652709961,3909071,19.564437103271484,56.097558279081795
2022-05-25 22:00:00+00:00,CS.PA,20.163854598999023,4130201,19.559107875823976,64.25949515976549
2022-05-26 22:00:00+00:00,CS.PA,20.42473793029785,4591823,19.57589683532715,76.4322796778832
2022-05-29 22:00:00+00:00,CS.PA,20.29850578308105,3539687,19.597223377227785,71.94153320719249
2022-05-30 22:00:00+00:00,CS.PA,19.7851505279541,12541016,19.580849361419677,57.087631575873004
2022-05-31 22:00:00+00:00,CS.PA,19.7767333984375,4016673,19.577073669433595,61.78516495014167
2022-06-01 22:00:00+00:00,CS.PA,19.75990295410156,3020546,19.59159059524536,57.29644932591915
2022-06-02 22:00:00+00:00,CS.PA,19.780941009521484,2343290,19.621466064453124,57.16482802694582
2022-06-05 22:00:00+00:00,CS.PA,20.10915184020996,4010093,19.691105461120607,55.01618407821167
2022-06-06 22:00:00+00:00,CS.PA,19.932422637939453,4092916,19.74223041534424,54.22643907425567
2022-06-07 22:00:00+00:00,CS.PA,19.637874603271484,4814716,19.7580096244812,54.66236020644183
2022-06-08 22:00:00+00:00,CS.PA,19.70099449157715,5402523,19.789778614044188,54.66236020644196
2022-06-09 22:00:00+00:00,CS.PA,19.00249671936035,7053556,19.77189540863037,38.37692443903524
2022-06-12 22:00:00+00:00,CS.PA,18.611167907714844,6884438,19.73297300338745,34.529735394288736
2022-06-13 22:00:00+00:00,CS.PA,18.84259796142578,5818059,19.682689571380614,34.61062202758494
2022-06-14 22:00:00+00:00,CS.PA,19.402238845825195,7218967,19.66733102798462,39.680735595112594
2022-06-15 22:00:00+00:00,CS.PA,19.015119552612305,6042914,19.648395919799803,31.53256662855135
2022-06-16 22:00:00+00:00,CS.PA,18.926755905151367,15917355,19.62188663482666,31.848578307901263
2022-06-19 22:00:00+00:00,CS.PA,19.116107940673828,3464497,19.592011165618896,40.316714875451304
2022-06-20 22:00:00+00:00,CS.PA,19.04878234863281,3282948,19.561294174194337,39.64075861080589
2022-06-21 22:00:00+00:00,CS.PA,18.867847442626957,3913665,19.510169219970702,37.87189947628348
2022-06-22 22:00:00+00:00,CS.PA,18.480728149414062,5294223,19.426012897491454,33.923061176166485
2022-06-23 22:00:00+00:00,CS.PA,18.905717849731445,5569948,19.350061893463135,35.46752508506026
2022-06-26 22:00:00+00:00,CS.PA,18.543842315673828,5510664,19.262328720092775,33.94944362233694
2022-06-27 22:00:00+00:00,CS.PA,18.75844383239746,4627543,19.210993385314943,39.643274457101604
2022-06-28 22:00:00+00:00,CS.PA,18.514389038085938,3699854,19.147876167297362,36.59697754812823
2022-06-29 22:00:00+00:00,CS.PA,18.22825813293457,6355793,19.071293926239015,40.35641385287309
2022-06-30 22:00:00+00:00,CS.PA,18.282960891723636,3691881,18.996394920349122,45.53780502794663
2022-07-03 22:00:00+00:00,CS.PA,18.33345413208008,3305811,18.90761003494263,42.71966093559091
2022-07-04 22:00:00+00:00,CS.PA,17.15105628967285,9616676,18.768541717529295,22.676249106392163
2022-07-05 22:00:00+00:00,CS.PA,17.407733917236328,6781749,18.65703468322754,29.85237126415626
2022-07-06 22:00:00+00:00,CS.PA,17.862178802490234,6542142,18.565093898773192,37.77781281437133
2022-07-07 22:00:00+00:00,CS.PA,18.18197250366211,3941097,18.524067687988282,39.58726308788988
2022-07-10 22:00:00+00:00,CS.PA,18.043113708496094,3951572,18.495664978027342,38.965854965218824
2022-07-11 22:00:00+00:00,CS.PA,18.303998947143555,4532763,18.468735027313233,43.92014929639915
2022-07-12 22:00:00+00:00,CS.PA,17.954748153686523,4549265,18.3963604927063,44.2817786215886
2022-07-13 22:00:00+00:00,CS.PA,17.462434768676758,4716710,18.31872625350952,34.535637502145875
2022-07-14 22:00:00+00:00,CS.PA,17.63075065612793,5103400,18.25392599105835,39.79311747606393
2022-07-17 22:00:00+00:00,CS.PA,17.769607543945312,3086102,18.186600971221925,38.756009294751834
2022-07-18 22:00:00+00:00,CS.PA,18.00945281982422,4160657,18.134634494781494,44.25290250870536
2022-07-19 22:00:00+00:00,CS.PA,17.836933135986328,4227245,18.08308877944946,45.42775832752055
2022-07-20 22:00:00+00:00,CS.PA,17.88321876525879,3787224,18.0532133102417,45.320207824037276
2022-07-21 22:00:00+00:00,CS.PA,17.849552154541016,3690688,18.000405025482177,44.31253867054042
2022-07-24 22:00:00+00:00,CS.PA,18.03049087524414,3764296,17.974737453460694,63.518726906921664
2022-07-25 22:00:00+00:00,CS.PA,18.017868041992188,3156633,17.93770866394043,60.139840189885454
2022-07-26 22:00:00+00:00,CS.PA,18.34186744689941,5175913,17.929082584381103,58.33327258593708
2022-07-27 22:00:00+00:00,CS.PA,18.480728149414062,3940307,17.941706085205077,55.53821457867791
2022-07-28 22:00:00+00:00,CS.PA,18.89309310913086,6678130,17.972212696075438,64.3059204528236
2022-07-31 22:00:00+00:00,CS.PA,18.79631233215332,3112362,17.9953556060791,58.770569454657156
2022-08-01 22:00:00+00:00,CS.PA,18.66166305541992,3547002,18.070885944366456,63.636370325946494
2022-08-02 22:00:00+00:00,CS.PA,19.71782684326172,9066190,18.186390590667724,85.73328055071204
2022-08-03 22:00:00+00:00,CS.PA,19.473772048950195,4370688,18.266970252990724,78.51553508422971
2022-08-04 22:00:00+00:00,CS.PA,19.75990295410156,4906480,18.345866775512697,79.45196973426022
2022-08-07 22:00:00+00:00,CS.PA,20.0712833404541,5018545,18.447275257110597,79.87797765964086
2022-08-08 22:00:00+00:00,CS.PA,20.104944229125977,5018126,18.537322521209717,84.24385054581492
2022-08-09 22:00:00+00:00,CS.PA,20.327959060668945,4948473,18.65598306655884,85.04211348221953
2022-08-10 22:00:00+00:00,CS.PA,20.416322708129883,3699180,18.803677463531493,86.22326780777848
2022-08-11 22:00:00+00:00,CS.PA,20.54676628112793,4813731,18.949478244781496,86.02408098866721
2022-08-14 22:00:00+00:00,CS.PA,20.58463478088379,2506527,19.09022960662842,86.48321564685264
2022-08-15 22:00:00+00:00,CS.PA,20.689828872680664,4608547,19.22424840927124,85.58669973808816
2022-08-16 22:00:00+00:00,CS.PA,20.57621955871582,4115182,19.361212730407715,82.00513764375694
2022-08-17 22:00:00+00:00,CS.PA,20.51310157775879,3422841,19.492706871032716,77.69782389637658
2022-08-18 22:00:00+00:00,CS.PA,20.416322708129883,4277008,19.62104539871216,77.69787457182281
2022-08-21 22:00:00+00:00,CS.PA,20.01237297058105,5482269,19.720139503479004,71.14626724835537
2022-08-22 22:00:00+00:00,CS.PA,20.029203414916992,4205085,19.820706272125243,57.22653327726255
2022-08-23 22:00:00+00:00,CS.PA,19.91559410095215,3947016,19.89939260482788,60.914832622458576
2022-08-24 22:00:00+00:00,CS.PA,19.877721786499023,3788108,19.969242286682128,53.3175434356455
2022-08-25 22:00:00+00:00,CS.PA,19.71782684326172,4509430,20.010478973388672,39.119115310497456
2022-08-28 22:00:00+00:00,CS.PA,19.60421562194824,3328888,20.050874137878417,35.30862815763258
2022-08-29 22:00:00+00:00,CS.PA,19.814605712890625,4696358,20.108521270751954,34.82580501121397
2022-08-30 22:00:00+00:00,CS.PA,19.797771453857425,10820560,20.112518501281738,30.908966749828636
2022-08-31 22:00:00+00:00,CS.PA,19.684160232543945,4444527,20.123037910461427,23.096901456710583
2022-09-01 22:00:00+00:00,CS.PA,20.100736618041992,6087025,20.14007959365845,37.79194207160986
2022-09-04 22:00:00+00:00,CS.PA,19.835643768310547,4585289,20.12829761505127,30.058980736640407
2022-09-05 22:00:00+00:00,CS.PA,20.00816535949707,4162169,20.123458671569825,37.093732340899166
2022-09-06 22:00:00+00:00,CS.PA,19.961877822875977,4905097,20.105154609680177,37.37960404271904
2022-09-07 22:00:00+00:00,CS.PA,20.517311096191406,6491873,20.110204029083253,51.910838369643116
2022-09-08 22:00:00+00:00,CS.PA,20.94230079650879,6327258,20.129980754852294,67.45651535657765
2022-09-11 22:00:00+00:00,CS.PA,21.47669219970703,6257770,20.174583625793456,72.75127246868814
2022-09-12 22:00:00+00:00,CS.PA,21.396743774414062,4845029,20.209929370880126,73.52932086514559
2022-09-13 22:00:00+00:00,CS.PA,21.17793655395508,5399067,20.24001522064209,69.53218703349793
2022-09-14 22:00:00+00:00,CS.PA,21.354665756225582,5111716,20.28209342956543,74.46530825418887
2022-09-15 22:00:00+00:00,CS.PA,21.2073917388916,9616453,20.321646881103515,73.72343368087125
2022-09-18 22:00:00+00:00,CS.PA,21.08115768432617,4059201,20.375086116790772,69.22086989141988
2022-09-19 22:00:00+00:00,CS.PA,20.98858642578125,5036328,20.423055267333986,67.66542394980239
2022-09-20 22:00:00+00:00,CS.PA,20.97595977783203,4942383,20.47607355117798,69.75540661236971
2022-09-21 22:00:00+00:00,CS.PA,20.736114501953125,5482274,20.518993186950684,60.27204557774846
2022-09-22 22:00:00+00:00,CS.PA,20.22276306152344,6440201,20.54423999786377,55.79344527337631
2022-09-25 22:00:00+00:00,CS.PA,19.789356231689453,5353803,20.55349702835083,46.96258428293117
2022-09-26 22:00:00+00:00,CS.PA,19.608421325683597,5838798,20.543187808990478,45.27027475402307
2022-09-27 22:00:00+00:00,CS.PA,19.250757217407227,8723807,20.515837097167967,32.10462573645643
2022-09-28 22:00:00+00:00,CS.PA,18.80472755432129,7529522,20.471865463256837,19.97633907139415
2022-09-29 22:00:00+00:00,CS.PA,18.91413307189941,8059087,20.41253528594971,9.127603429886065
2022-10-02 22:00:00+00:00,CS.PA,18.707948684692383,6412409,20.356150531768797,8.774273470129927
2022-10-03 22:00:00+00:00,CS.PA,20.041826248168945,8765662,20.357833576202392,37.019249418681845
2022-10-04 22:00:00+00:00,CS.PA,19.743070602416992,4613114,20.346893215179442,32.08606761049758
2022-10-05 22:00:00+00:00,CS.PA,19.490602493286133,4607666,20.29555778503418,31.352849242008617
2022-10-06 22:00:00+00:00,CS.PA,19.456941604614254,3848731,20.221289825439452,31.996292520472934
2022-10-09 22:00:00+00:00,CS.PA,19.50322532653809,3776603,20.122616481781005,33.36473445121318
2022-10-10 22:00:00+00:00,CS.PA,19.36016082763672,4204067,20.02078733444214,32.41759883905313
2022-10-11 22:00:00+00:00,CS.PA,19.05719757080078,5097106,19.914750385284425,31.97833065810596
2022-10-12 22:00:00+00:00,CS.PA,19.5705509185791,6704526,19.8255446434021,42.99908974060266
2022-10-13 22:00:00+00:00,CS.PA,19.961877822875977,6877675,19.76326894760132,51.86874586535509
2022-10-16 22:00:00+00:00,CS.PA,20.130189895629883,3606293,19.715720558166502,55.667270635235944
2022-10-17 22:00:00+00:00,CS.PA,20.168062210083008,3930067,19.674694347381593,60.707279040420886
2022-10-18 22:00:00+00:00,CS.PA,20.614091873168945,4656956,19.656600952148438,71.11987703366876
2022-10-19 22:00:00+00:00,CS.PA,20.441570281982425,3613957,19.6418737411499,67.57018380286362
2022-10-20 22:00:00+00:00,CS.PA,20.391075134277344,4390919,19.6502893447876,70.08032192484984
2022-10-23 22:00:00+00:00,CS.PA,20.90022087097168,4848422,19.70583257675171,62.750001983130865
2022-10-24 22:00:00+00:00,CS.PA,21.01383399963379,3477684,19.776103210449218,69.97358224938205
2022-10-25 22:00:00+00:00,CS.PA,20.89601325988769,3717734,19.858366012573242,73.06626997841235
2022-10-26 22:00:00+00:00,CS.PA,21.02645492553711,4711067,19.969452381134033,74.9664586323131
2022-10-27 22:00:00+00:00,CS.PA,20.98858642578125,3877708,20.073175048828126,73.69126520410342
2022-10-30 23:00:00+00:00,CS.PA,21.03907966613769,3515262,20.18973159790039,77.5933076659274
2022-10-31 23:00:00+00:00,CS.PA,21.33362579345703,3911353,20.254321575164795,87.51727329080857
2022-11-01 23:00:00+00:00,CS.PA,21.11061286926269,4542722,20.32269868850708,78.06747016095824
2022-11-02 23:00:00+00:00,CS.PA,21.767030715942383,6450748,20.436520099639893,79.99997464130107
2022-11-03 23:00:00+00:00,CS.PA,21.80911064147949,6041604,20.554128551483153,79.12407870374642
2022-11-06 23:00:00+00:00,CS.PA,22.29300880432129,7387691,20.693617725372313,81.92159226879494
2022-11-07 23:00:00+00:00,CS.PA,22.360332489013672,3946072,20.843626308441163,79.6005253216818
2022-11-08 23:00:00+00:00,CS.PA,22.301424026489254,3963828,21.005837631225585,82.78933227521375
2022-11-09 23:00:00+00:00,CS.PA,22.40241432189941,5644479,21.1474308013916,84.83972065344706
2022-11-10 23:00:00+00:00,CS.PA,22.37716484069824,4532790,21.268195152282715,80.73554721486559
2022-11-13 23:00:00+00:00,CS.PA,22.4697380065918,3776152,21.38517255783081,80.56535942216293
2022-11-14 23:00:00+00:00,CS.PA,22.41082572937012,3477713,21.497310733795167,82.60864923811668
2022-11-15 23:00:00+00:00,CS.PA,22.46552848815918,4232324,21.589882564544677,82.02243852832979
2022-11-16 23:00:00+00:00,CS.PA,22.41082572937012,3184923,21.68834533691406,81.41249939969106
2022-11-17 23:00:00+00:00,CS.PA,22.789531707763672,5732228,21.80826816558838,83.7661252995841
2022-11-20 23:00:00+00:00,CS.PA,22.70958137512207,3192879,21.898736190795898,78.93790158826168
2022-11-21 23:00:00+00:00,CS.PA,22.86106300354004,3752134,21.99109764099121,87.95595200479093
2022-11-22 23:00:00+00:00,CS.PA,22.83160781860352,2936021,22.087877368927003,81.70395742094547
2022-11-23 23:00:00+00:00,CS.PA,22.95363426208496,3727765,22.184236335754395,82.53556866487395
2022-11-24 23:00:00+00:00,CS.PA,22.94942855834961,3001066,22.28227844238281,75.65767009660604
2022-11-27 23:00:00+00:00,CS.PA,22.80636215209961,4321422,22.370642566680907,66.45949879922415
2022-11-28 23:00:00+00:00,CS.PA,23.020959854125977,3606009,22.455009269714356,73.81590909090937
2022-11-29 23:00:00+00:00,CS.PA,22.739038467407227,10404129,22.53643054962158,59.9501612430374
2022-11-30 23:00:00+00:00,CS.PA,23.037792205810547,4310581,22.59996862411499,66.80938214325597
2022-12-01 23:00:00+00:00,CS.PA,23.0504150390625,3661736,22.66203384399414,65.40171479797402
2022-12-04 23:00:00+00:00,CS.PA,22.98309135437012,2991466,22.696537971496582,65.11118632321613
2022-12-05 23:00:00+00:00,CS.PA,23.109323501586918,3898999,22.733987522125243,66.38116961902475
2022-12-06 23:00:00+00:00,CS.PA,22.945219039916992,4721593,22.766177272796632,62.88037601782993
2022-12-07 23:00:00+00:00,CS.PA,22.739038467407227,4141655,22.78300848007202,48.67257347152648
2022-12-08 23:00:00+00:00,CS.PA,23.016752243041992,3817743,22.81498785018921,57.31468696631665
2022-12-11 23:00:00+00:00,CS.PA,22.743244171142575,3423263,22.82866315841675,47.34846761336751
2022-12-12 23:00:00+00:00,CS.PA,23.063037872314453,5061181,22.861273765563965,54.606397081936805
2022-12-13 23:00:00+00:00,CS.PA,22.789531707763672,3971761,22.87747392654419,46.919454018276255
2022-12-14 23:00:00+00:00,CS.PA,22.06157875061035,7777566,22.8600115776062,36.89434537467857
2022-12-15 23:00:00+00:00,CS.PA,21.90589141845703,9657303,22.81582956314087,36.75738811102899
2022-12-18 23:00:00+00:00,CS.PA,22.099449157714844,4231585,22.78532295227051,36.363579914140345
2022-12-19 23:00:00+00:00,CS.PA,22.208850860595703,3140371,22.752712345123292,41.73219634215623
2022-12-20 23:00:00+00:00,CS.PA,22.46552848815918,4071179,22.734408378601074,40.957392622597574
2022-12-21 23:00:00+00:00,CS.PA,22.36454200744629,2351394,22.704953765869142,39.45662761029796
2022-12-22 23:00:00+00:00,CS.PA,22.242515563964844,2465847,22.669608116149902,38.80402054679573
2022-12-26 23:00:00+00:00,CS.PA,22.30563163757324,1829208,22.644571590423585,37.61345450825495
2022-12-27 23:00:00+00:00,CS.PA,22.175189971923828,2277423,22.602283096313478,38.007833641169796
2022-12-28 23:00:00+00:00,CS.PA,22.217266082763672,2506164,22.576194477081298,41.43637519056608
2022-12-29 23:00:00+00:00,CS.PA,21.92692756652832,2862789,22.520651245117186,32.18699690865763
2023-01-01 23:00:00+00:00,CS.PA,22.288801193237305,2631455,22.482570552825926,42.78074347806858
2023-01-02 23:00:00+00:00,CS.PA,22.436073303222656,3317412,22.455219650268553,39.462477688188564
2023-01-03 23:00:00+00:00,CS.PA,22.76007652282715,5214012,22.437757301330567,49.513203676489596
2023-01-04 23:00:00+00:00,CS.PA,22.507606506347656,3973618,22.4158766746521,58.74588693070598
2023-01-05 23:00:00+00:00,CS.PA,23.012544631958008,3739597,22.429551982879637,69.08562800780265
2023-01-08 23:00:00+00:00,CS.PA,23.063037872314453,4133376,22.431866264343263,67.4809238490296
2023-01-09 23:00:00+00:00,CS.PA,23.100908279418945,2326247,22.44974946975708,66.6144462324911
2023-01-10 23:00:00+00:00,CS.PA,22.99992179870605,3871163,22.44659366607666,60.56575767723478
2023-01-11 23:00:00+00:00,CS.PA,23.40386962890625,4283898,22.477310562133788,68.35065773920377
2023-01-12 23:00:00+00:00,CS.PA,23.40386962890625,3760242,22.544425106048585,71.42856137337847
2023-01-15 23:00:00+00:00,CS.PA,23.605846405029297,2676436,22.629422855377197,72.82129018910199
2023-01-16 23:00:00+00:00,CS.PA,23.614261627197266,4081258,22.70516347885132,76.38889277509934
2023-01-17 23:00:00+00:00,CS.PA,23.782575607299805,4308229,22.783849716186523,77.43365997188009
2023-01-18 23:00:00+00:00,CS.PA,23.462779998779297,5372925,22.83371229171753,76.64230388734663
2023-01-19 23:00:00+00:00,CS.PA,23.778366088867188,3903182,22.904403495788575,76.26108249485338
2023-01-22 23:00:00+00:00,CS.PA,23.597431182861328,2875584,22.972149276733397,70.23460585976284
2023-01-23 23:00:00+00:00,CS.PA,23.790992736816406,2727719,23.046417331695558,68.81721403420326
2023-01-24 23:00:00+00:00,CS.PA,24.00979804992676,2979028,23.1381477355957,77.7605220062783
2023-01-25 23:00:00+00:00,CS.PA,24.106576919555664,3023381,23.232613277435302,73.80953962279182
2023-01-26 23:00:00+00:00,CS.PA,24.098159790039062,2564518,23.34117488861084,72.94773500305286
2023-01-29 23:00:00+00:00,CS.PA,24.10236930847168,2244128,23.43185329437256,72.53787260929951
2023-01-30 23:00:00+00:00,CS.PA,24.08133125305176,2947329,23.514116191864012,75.24556732062248
2023-01-31 23:00:00+00:00,CS.PA,24.077123641967773,2745038,23.579968547821046,69.32371725037254
2023-02-01 23:00:00+00:00,CS.PA,24.262266159057617,4452132,23.667701530456544,72.27075640415322
2023-02-02 23:00:00+00:00,CS.PA,24.085538864135746,5986969,23.72135124206543,62.6106516400061
2023-02-05 23:00:00+00:00,CS.PA,23.971927642822266,2776929,23.76679573059082,58.909888113243774
2023-02-06 23:00:00+00:00,CS.PA,23.90460205078125,3435031,23.806980419158936,53.200876154605865
2023-02-07 23:00:00+00:00,CS.PA,24.00138092041016,3155562,23.857053375244142,66.00003173013079
2023-02-08 23:00:00+00:00,CS.PA,24.15707015991211,3943691,23.894713401794434,62.43097381700706
2023-02-09 23:00:00+00:00,CS.PA,23.921432495117188,4106268,23.92059154510498,60.266653773162986
2023-02-12 23:00:00+00:00,CS.PA,23.900394439697266,3698773,23.93531894683838,53.89217168495653
2023-02-13 23:00:00+00:00,CS.PA,23.748910903930664,4115366,23.94205141067505,40.2514746087902
2023-02-14 23:00:00+00:00,CS.PA,23.694211959838867,3887721,23.937633228302,34.09092247012421
2023-02-15 23:00:00+00:00,CS.PA,23.81623649597168,3382355,23.95530605316162,39.99997293797519
2023-02-16 23:00:00+00:00,CS.PA,23.837278366088867,4467331,23.958251667022704,40.7079859012553
2023-02-19 23:00:00+00:00,CS.PA,23.80782127380371,1766806,23.968771171569824,40.46913258591848
2023-02-20 23:00:00+00:00,CS.PA,23.65634155273437,2785380,23.962038612365724,36.70208982573726
2023-02-21 23:00:00+00:00,CS.PA,23.40386962890625,3723912,23.931742191314697,23.97955584849589
2023-02-22 23:00:00+00:00,CS.PA,24.161277770996094,8828745,23.934477233886717,51.69807028332095
2023-02-23 23:00:00+00:00,CS.PA,23.908809661865234,6538818,23.925009727478027,48.667836784644614
2023-02-26 23:00:00+00:00,CS.PA,24.720918655395508,6389869,23.95593719482422,63.10810090651208
2023-02-27 23:00:00+00:00,CS.PA,25.12066078186035,9225258,24.00790367126465,66.3793060136957
2023-02-28 23:00:00+00:00,CS.PA,25.053335189819336,4757287,24.056714248657226,63.46395741513197
2023-03-01 23:00:00+00:00,CS.PA,24.9649715423584,4158525,24.091849517822265,66.4021095814354
2023-03-02 23:00:00+00:00,CS.PA,25.15432357788086,4102961,24.145288753509522,68.71856606592925
2023-03-05 23:00:00+00:00,CS.PA,25.33525848388672,4378022,24.213455295562746,73.47447509321171
2023-03-06 23:00:00+00:00,CS.PA,25.204816818237305,3851970,24.278466033935548,71.86354360827201
2023-03-07 23:00:00+00:00,CS.PA,25.38995933532715,4167264,24.347894954681397,72.36838966159665
2023-03-08 23:00:00+00:00,CS.PA,25.331052780151367,3986937,24.40659408569336,71.00592223843447
2023-03-09 23:00:00+00:00,CS.PA,24.74616432189941,7264808,24.44783067703247,61.41249328420318
2023-03-12 23:00:00+00:00,CS.PA,23.290260314941406,12067943,24.417323970794676,46.620034797799455
2023-03-13 23:00:00+00:00,CS.PA,23.323923110961918,8070370,24.39607458114624,49.23078786481837
2023-03-14 23:00:00+00:00,CS.PA,22.12469482421875,11818534,24.317598724365233,31.940286491156527
2023-03-15 23:00:00+00:00,CS.PA,22.595972061157227,10512854,24.25658550262451,38.79310990487809
2023-03-16 23:00:00+00:00,CS.PA,21.85539436340332,17168117,24.157491302490236,25.23635210414197
2023-03-19 23:00:00+00:00,CS.PA,22.39399719238281,13105490,24.08680009841919,26.988659136997242
2023-03-20 23:00:00+00:00,CS.PA,23.323923110961918,7504501,24.070179176330566,37.259769135567986
2023-03-21 23:00:00+00:00,CS.PA,23.14298820495605,4130432,24.057135105133057,36.75841824725686
2023-03-22 23:00:00+00:00,CS.PA,22.911556243896484,5827368,23.994649028778078,33.799387607989786
2023-03-23 23:00:00+00:00,CS.PA,22.4150333404541,8981987,23.91996021270752,29.82558735561699
2023-03-26 22:00:00+00:00,CS.PA,22.68854331970215,6286252,23.81834144592285,32.95326857415762
2023-03-27 22:00:00+00:00,CS.PA,22.86106300354004,4133817,23.705361557006835,32.83840267074102
2023-03-28 22:00:00+00:00,CS.PA,23.46698760986328,5732410,23.626044178009032,38.224345752806315
2023-03-29 22:00:00+00:00,CS.PA,23.803613662719727,5389070,23.5679762840271,43.852916210145885
2023-03-30 22:00:00+00:00,CS.PA,23.70262718200684,5156786,23.4953914642334,53.26666999076808
2023-04-02 22:00:00+00:00,CS.PA,23.748910903930664,3511294,23.416074085235596,53.35993138270244
2023-04-03 22:00:00+00:00,CS.PA,23.828861236572266,3569899,23.347276306152345,66.37024094910952
2023-04-04 22:00:00+00:00,CS.PA,23.78678321838379,3364940,23.267117500305176,62.46694202003727
2023-04-05 22:00:00+00:00,CS.PA,24.152862548828125,3577157,23.208207988739012,76.09942671766939
2023-04-10 22:00:00+00:00,CS.PA,24.350629806518555,4344946,23.18843126296997,74.09324940238896
2023-04-11 22:00:00+00:00,CS.PA,24.531566619873047,4459828,23.250496578216552,68.23379931079643
2023-04-12 22:00:00+00:00,CS.PA,24.46003532409668,2938053,23.30730218887329,70.56505413235755
2023-04-13 22:00:00+00:00,CS.PA,24.16548538208008,4387768,23.409341716766356,69.20102340035294
2023-04-16 22:00:00+00:00,CS.PA,23.845691680908203,4179747,23.471827697753906,73.16077547902378
2023-04-17 22:00:00+00:00,CS.PA,24.2664737701416,4740392,23.59238166809082,74.38231507766602
2023-04-18 22:00:00+00:00,CS.PA,24.64097023010254,4756502,23.704730319976807,75.88740505661931
2023-04-19 22:00:00+00:00,CS.PA,24.64097023010254,4212213,23.770582675933838,70.7281080291047
2023-04-20 22:00:00+00:00,CS.PA,24.628345489501957,3978773,23.844850540161133,66.4429387279528
2023-04-23 22:00:00+00:00,CS.PA,24.67463111877441,3202571,23.933004283905028,69.81126794291852
2023-04-24 22:00:00+00:00,CS.PA,24.64517593383789,3450686,24.04451141357422,68.39374668744956
2023-04-25 22:00:00+00:00,CS.PA,24.63255500793457,3886950,24.14171199798584,66.96271212095604
2023-04-26 22:00:00+00:00,CS.PA,24.78824234008789,2878200,24.238070964813232,70.16947563888539
2023-04-27 22:00:00+00:00,CS.PA,24.885025024414062,3916748,24.30897283554077,66.53995901462764
2023-05-01 22:00:00+00:00,CS.PA,24.270681381225582,5526193,24.332326221466065,48.480004641650034
2023-05-02 22:00:00+00:00,CS.PA,24.232812881469727,3510295,24.35883550643921,43.99326282720421
2023-05-03 22:00:00+00:00,CS.PA,23.6857967376709,5158490,24.35567979812622,36.931830620268286
2023-05-04 22:00:00+00:00,CS.PA,24.28751373291016,5621930,24.378612422943114,51.866177093433116
2023-05-07 22:00:00+00:00,CS.PA,24.73016166687012,5653503,24.425781345367433,63.036326640079665
2023-05-08 22:00:00+00:00,CS.PA,24.63179588317871,4317338,24.44972801208496,55.95004218654282
2023-05-09 22:00:00+00:00,CS.PA,24.28751373291016,4097485,24.44657220840454,44.185992519186804
2023-05-10 22:00:00+00:00,CS.PA,24.07736587524414,3245269,24.423862171173095,41.328751566301094
2023-05-11 22:00:00+00:00,CS.PA,24.095251083374023,3623081,24.405622959136963,41.81141242917984
2023-05-14 22:00:00+00:00,CS.PA,24.68097877502441,4962953,24.43139762878418,50.08364179596629
2023-05-15 22:00:00+00:00,CS.PA,24.82405662536621,4977393,24.48031587600708,52.28854757450804
2023-05-16 22:00:00+00:00,CS.PA,24.72121810913086,3235225,24.50305309295654,51.10873550486641
2023-05-17 22:00:00+00:00,CS.PA,24.810644149780277,2885301,24.51153678894043,50.2848561312827
2023-05-18 22:00:00+00:00,CS.PA,24.828527450561523,4250022,24.52091464996338,49.266879879774336
2023-05-21 22:00:00+00:00,CS.PA,24.810644149780277,3075601,24.530029582977296,58.289858060163475
2023-05-22 22:00:00+00:00,CS.PA,24.913480758666992,3184776,24.541972064971922,60.245666781124356
2023-05-23 22:00:00+00:00,CS.PA,24.28751373291016,5578506,24.52408895492554,58.846993643641255
2023-05-24 22:00:00+00:00,CS.PA,24.11313819885254,3124936,24.49811811447144,47.0676873080764
2023-05-25 22:00:00+00:00,CS.PA,24.229387283325195,3871123,24.470175361633302,40.54052496033174
2023-05-28 22:00:00+00:00,CS.PA,24.36799430847168,2292642,24.444323825836186,45.091492412304966
2023-05-29 22:00:00+00:00,CS.PA,24.11313819885254,3531076,24.436446666717533,46.64373428293464
2023-05-30 22:00:00+00:00,CS.PA,23.621307373046875,13608709,24.40587139129639,42.080789158869074
2023-05-31 22:00:00+00:00,CS.PA,23.9432315826416,3188219,24.418743133544925,47.612371499680656
2023-06-01 22:00:00+00:00,CS.PA,24.372465133666992,4804719,24.422990703582766,44.90395169796869
2023-06-04 22:00:00+00:00,CS.PA,24.300926208496094,3155011,24.401528930664064,41.14973343134298
2023-06-05 22:00:00+00:00,CS.PA,24.376937866210938,2066798,24.388786029815677,44.12214854094129
2023-06-06 22:00:00+00:00,CS.PA,24.2785701751709,3127254,24.388338851928715,40.94362164232881
2023-06-07 22:00:00+00:00,CS.PA,24.198087692260746,2895832,24.394374942779542,39.49324517626119
2023-06-08 22:00:00+00:00,CS.PA,23.715200424194336,4507915,24.37537240982056,34.19349760505865
2023-06-11 22:00:00+00:00,CS.PA,23.45587158203125,4145099,24.3141170501709,29.87650575918491
2023-06-12 22:00:00+00:00,CS.PA,23.590007781982425,4463323,24.25241460800171,38.857125097200885
2023-06-13 22:00:00+00:00,CS.PA,23.83592414855957,4766158,24.208149909973148,45.67038440456614
2023-06-14 22:00:00+00:00,CS.PA,23.764385223388672,3489015,24.155836963653567,42.63458769461492
2023-06-15 22:00:00+00:00,CS.PA,23.607891082763672,18660060,24.094805145263674,38.02816309045367
2023-06-18 22:00:00+00:00,CS.PA,23.581064224243164,3813179,24.033326148986816,40.97113975443157
2023-06-19 22:00:00+00:00,CS.PA,23.52293968200684,2911249,23.96379909515381,48.04267680352084
2023-06-20 22:00:00+00:00,CS.PA,23.48269844055176,2928098,23.92355833053589,39.6793684826041
2023-06-21 22:00:00+00:00,CS.PA,23.37092018127441,3353948,23.886447429656982,23.831873507449245
2023-06-22 22:00:00+00:00,CS.PA,23.61683464050293,3919812,23.85581979751587,33.61888084739839
2023-06-25 22:00:00+00:00,CS.PA,23.71967124938965,3946282,23.82340364456177,34.460855535203336
2023-06-26 22:00:00+00:00,CS.PA,23.92981719970703,2812666,23.814237594604492,42.16866953855856
2023-06-27 22:00:00+00:00,CS.PA,23.9655876159668,3127992,23.831451606750488,44.67217091431996
2023-06-28 22:00:00+00:00,CS.PA,23.91193199157715,3576315,23.829886627197265,55.61221602657016
2023-06-29 22:00:00+00:00,CS.PA,24.16679000854492,5832018,23.81960287094116,70.33243142988042
2023-07-02 22:00:00+00:00,CS.PA,24.34116554260254,3673540,23.821614837646486,70.99992854682347
2023-07-03 22:00:00+00:00,CS.PA,24.11760711669922,2769656,23.808648300170898,57.974631596567804
2023-07-04 22:00:00+00:00,CS.PA,23.25019645690918,5643566,23.757229614257813,39.96505414968949
2023-07-05 22:00:00+00:00,CS.PA,22.753894805908203,6617279,23.685019969940186,35.285050789481716
2023-07-06 22:00:00+00:00,CS.PA,22.66894149780273,4173820,23.632707023620604,34.59212953804261
2023-07-09 22:00:00+00:00,CS.PA,22.740480422973636,2274856,23.596937465667725,36.84207825331691
2023-07-10 22:00:00+00:00,CS.PA,23.084762573242188,3048265,23.57167520523071,43.92905509020299
2023-07-11 22:00:00+00:00,CS.PA,23.791210174560547,4448634,23.569439506530763,55.4272293207768
2023-07-12 22:00:00+00:00,CS.PA,23.844865798950195,2956895,23.57346353530884,53.098425829458805
2023-07-13 22:00:00+00:00,CS.PA,23.554237365722656,2975705,23.57078084945679,47.86127521111077
2023-07-16 22:00:00+00:00,CS.PA,23.66154670715332,2296270,23.574804973602294,46.437070215942676
2023-07-17 22:00:00+00:00,CS.PA,23.764385223388672,1968625,23.586877250671385,47.374580258380604
2023-07-18 22:00:00+00:00,CS.PA,23.81803703308105,2472834,23.603644180297852,48.774796263959836
2023-07-19 22:00:00+00:00,CS.PA,24.45294761657715,3765259,23.657745552062988,53.39704351315017
2023-07-20 22:00:00+00:00,CS.PA,24.770402908325195,3322101,23.7154239654541,54.928163612824555
2023-07-23 22:00:00+00:00,CS.PA,24.83746910095215,1966441,23.771313858032226,58.57294917265468
2023-07-24 22:00:00+00:00,CS.PA,24.810644149780277,2169366,23.815355205535887,73.235716460436
2023-07-25 22:00:00+00:00,CS.PA,24.752517700195312,2815871,23.854701709747314,84.22663804468104
2023-07-26 22:00:00+00:00,CS.PA,25.101268768310547,3887028,23.914168548583984,88.20224988376721
2023-07-27 22:00:00+00:00,CS.PA,25.199636459350582,3176213,23.96581087112427,88.30084426039578
2023-07-30 22:00:00+00:00,CS.PA,25.0118465423584,3293106,23.999344921112062,81.55198699880026
2023-07-31 22:00:00+00:00,CS.PA,24.841941833496094,2503771,24.035561656951906,70.87037233478313
2023-08-01 22:00:00+00:00,CS.PA,24.47083282470703,4467263,24.0965934753418,61.04101890908262
2023-08-02 22:00:00+00:00,CS.PA,24.06842613220215,4992669,24.162320041656493,58.72537983365065
2023-08-03 22:00:00+00:00,CS.PA,24.551313400268555,3332271,24.256438636779784,63.39166990099513
2023-08-06 22:00:00+00:00,CS.PA,24.72121810913086,2167922,24.355475521087648,64.11609246246543
2023-08-07 22:00:00+00:00,CS.PA,24.435062408447266,3201621,24.4229905128479,58.51854309553495
2023-08-08 22:00:00+00:00,CS.PA,24.73463249206543,2811716,24.470161628723144,54.28571926048969
2023-08-09 22:00:00+00:00,CS.PA,25.18622398376465,4407771,24.537229537963867,56.078445149288704
2023-08-10 22:00:00+00:00,CS.PA,24.89559555053711,2493975,24.60429744720459,50.79755982025789
2023-08-13 22:00:00+00:00,CS.PA,24.998432159423828,2116184,24.671141719818117,52.524012147457334
2023-08-14 22:00:00+00:00,CS.PA,24.622852325439453,2361946,24.714065074920654,48.39423016963309
2023-08-15 22:00:00+00:00,CS.PA,24.51107215881348,2048176,24.748716831207275,42.235301970376874
2023-08-16 22:00:00+00:00,CS.PA,24.56025695800781,2377504,24.75408229827881,41.47796115167095
2023-08-17 22:00:00+00:00,CS.PA,24.300926208496094,2918842,24.730608463287354,40.701746508106346
2023-08-20 22:00:00+00:00,CS.PA,24.318811416625977,2223944,24.704675579071044,42.8745343796552
2023-08-21 22:00:00+00:00,CS.PA,24.439533233642575,2461424,24.68612003326416,49.54246565564861
2023-08-22 22:00:00+00:00,CS.PA,24.51107215881348,1712053,24.67404775619507,57.16349412719058
2023-08-23 22:00:00+00:00,CS.PA,24.49765968322754,1707091,24.64386730194092,48.976121389126284
2023-08-24 22:00:00+00:00,CS.PA,24.49765968322754,1730858,24.608768463134766,45.43798589309358
2023-08-27 22:00:00+00:00,CS.PA,24.77934455871582,2168430,24.597143363952636,57.03838880115422
2023-08-28 22:00:00+00:00,CS.PA,24.976078033447266,2683772,24.603850173950196,55.15268744723653
2023-08-29 22:00:00+00:00,CS.PA,24.92242431640625,2412293,24.626429748535156,43.21841673000071
2023-08-30 22:00:00+00:00,CS.PA,24.83746910095215,3663552,24.664881896972656,48.32902544487126
2023-08-31 22:00:00+00:00,CS.PA,24.90453720092773,2256520,24.682543087005616,47.2441050675145
2023-09-03 22:00:00+00:00,CS.PA,24.79275703430176,1834082,24.68612003326416,55.90057668384947
2023-09-04 22:00:00+00:00,CS.PA,24.891122817993164,2352718,24.708923053741454,63.322813586520496
2023-09-05 22:00:00+00:00,CS.PA,24.667564392089844,2938531,24.705569648742674,53.351914034665576
2023-09-06 22:00:00+00:00,CS.PA,24.61838150024414,2533455,24.677177524566652,61.41481172604128
2023-09-07 22:00:00+00:00,CS.PA,24.774873733520508,2081369,24.67114143371582,64.91230039640078
2023-09-10 22:00:00+00:00,CS.PA,24.998432159423828,2377679,24.67114143371582,67.12328927223231
2023-09-11 22:00:00+00:00,CS.PA,25.16833877563477,2032707,24.698415756225586,68.99227626010945
2023-09-12 22:00:00+00:00,CS.PA,25.55733108520508,3912410,24.750728702545167,75.15919990218431
2023-09-13 22:00:00+00:00,CS.PA,26.062578201293945,5481414,24.825844764709473,79.96574166733642
2023-09-14 22:00:00+00:00,CS.PA,26.28166389465332,8634756,24.924881649017333,79.47365269909236
2023-09-17 22:00:00+00:00,CS.PA,25.991039276123047,2973573,25.00849304199219,69.20477315116914
2023-09-18 22:00:00+00:00,CS.PA,26.205656051635746,2576595,25.096799182891846,72.88678037320561
2023-09-19 22:00:00+00:00,CS.PA,26.245895385742188,2786338,25.18354034423828,75.52682141343507
2023-09-20 22:00:00+00:00,CS.PA,26.062578201293945,2721376,25.261786270141602,70.14007062908729
2023-09-21 22:00:00+00:00,CS.PA,25.771947860717773,3168352,25.325500679016113,66.03224073750215
2023-09-24 22:00:00+00:00,CS.PA,25.593101501464844,2672239,25.366188526153564,61.198338683421824
2023-09-25 22:00:00+00:00,CS.PA,25.61545753479004,2778983,25.3981575012207,66.15857722818569
2023-09-26 22:00:00+00:00,CS.PA,25.302474975585938,4002751,25.417160034179688,60.69934025179972
2023-09-27 22:00:00+00:00,CS.PA,25.35165786743164,3062972,25.442869472503663,59.33432643982435
2023-09-28 22:00:00+00:00,CS.PA,25.199636459350582,3769190,25.457624435424805,53.33335018614983
2023-10-01 22:00:00+00:00,CS.PA,24.756988525390625,3896653,25.455836009979247,43.74997826492672
2023-10-02 22:00:00+00:00,CS.PA,24.417177200317383,3459756,25.43213872909546,32.413769161836356
2023-10-03 22:00:00+00:00,CS.PA,24.332223892211918,3464374,25.415371704101563,19.334267182807807
2023-10-04 22:00:00+00:00,CS.PA,24.430591583251957,3272986,25.405982208251952,15.728470623798046
2023-10-05 22:00:00+00:00,CS.PA,25.0118465423584,3924092,25.417830848693846,33.63226240463183
2023-10-08 22:00:00+00:00,CS.PA,24.92689323425293,2215469,25.414253902435302,27.656230420373603
2023-10-09 22:00:00+00:00,CS.PA,25.324831008911133,2998390,25.42207851409912,35.69448418997035
2023-10-10 22:00:00+00:00,CS.PA,25.539447784423828,2942697,25.42118434906006,41.95323286573239
2023-10-11 22:00:00+00:00,CS.PA,25.360599517822266,2313555,25.386085414886473,43.44732244587921
2023-10-12 22:00:00+00:00,CS.PA,25.047616958618164,3212409,25.324383068084718,41.6666909486343
2023-10-15 22:00:00+00:00,CS.PA,25.05655860900879,1972416,25.277659034729005,41.42662199122484
2023-10-16 22:00:00+00:00,CS.PA,25.284587860107425,2271309,25.23160562515259,49.71827313266583
2023-10-17 22:00:00+00:00,CS.PA,25.181751251220703,2151088,25.178398418426514,47.36840239455294
2023-10-18 22:00:00+00:00,CS.PA,24.92689323425293,2712189,25.121614170074462,45.906034273464
2023-10-19 22:00:00+00:00,CS.PA,24.28751373291016,4409845,25.047392463684083,43.346013771864605
2023-10-22 22:00:00+00:00,CS.PA,24.363523483276367,2350982,24.98591356277466,49.17809099727686
2023-10-23 22:00:00+00:00,CS.PA,24.44400405883789,2313079,24.92734088897705,51.71468446353383
2023-10-24 22:00:00+00:00,CS.PA,24.67203521728516,2998088,24.89581890106201,53.561998001008504
2023-10-25 22:00:00+00:00,CS.PA,24.60943984985352,2482794,24.858708000183107,42.99065296361593
2023-10-26 22:00:00+00:00,CS.PA,24.551313400268555,2276444,24.826291847229005,43.396221352950974
2023-10-29 23:00:00+00:00,CS.PA,24.89559555053711,2314200,24.83322219848633,42.30765812603872
2023-10-30 23:00:00+00:00,CS.PA,24.998432159423828,2711526,24.86228494644165,39.89978407142168
2023-10-31 23:00:00+00:00,CS.PA,25.29353141784668,2568831,24.91035032272339,48.79999344762227
2023-11-01 23:00:00+00:00,CS.PA,25.503677368164062,3544088,24.964004611968996,58.47175561808698
2023-11-02 23:00:00+00:00,CS.PA,25.19069480895996,5804107,24.97294702529907,52.23881737367615
2023-11-05 23:00:00+00:00,CS.PA,24.88665199279785,3152279,24.97093496322632,43.522560959328935
2023-11-06 23:00:00+00:00,CS.PA,24.524486541748047,3280959,24.930917739868164,40.13422872593221
2023-11-07 23:00:00+00:00,CS.PA,24.783815383911133,2652188,24.89313611984253,47.855230488241425
2023-11-08 23:00:00+00:00,CS.PA,24.752517700195312,2601076,24.862732028961183,58.52459795965742
2023-11-09 23:00:00+00:00,CS.PA,24.79275703430176,3383021,24.849989032745363,57.9734155705562
2023-11-12 23:00:00+00:00,CS.PA,25.083385467529297,2954150,24.851330375671388,61.01697143382978
2023-11-13 23:00:00+00:00,CS.PA,25.141510009765625,3295408,24.844176483154296,58.59247364378964
2023-11-14 23:00:00+00:00,CS.PA,24.92242431640625,2823127,24.831210136413574,55.41798241617167
2023-11-15 23:00:00+00:00,CS.PA,25.016319274902344,2445344,24.835681438446045,57.95111731205877
2023-11-16 23:00:00+00:00,CS.PA,25.38295555114746,3709351,24.89045352935791,58.27012743887796
2023-11-19 23:00:00+00:00,CS.PA,25.33824157714844,1623386,24.939189434051514,55.88234128792238
2023-11-20 23:00:00+00:00,CS.PA,25.21752166748047,1952862,24.977865314483644,48.599676299668076
2023-11-21 23:00:00+00:00,CS.PA,25.2532901763916,2072849,25.006928062438966,45.07039820592911
2023-11-22 23:00:00+00:00,CS.PA,25.2532901763916,1692762,25.039120578765868,51.405597376743614
2023-11-23 23:00:00+00:00,CS.PA,25.44555282592773,2276937,25.08383255004883,63.213621224405806
2023-11-26 23:00:00+00:00,CS.PA,25.360599517822266,1680635,25.107082748413085,72.74946546820843
2023-11-27 23:00:00+00:00,CS.PA,25.46790885925293,1774190,25.13055658340454,70.29186723062205
2023-11-28 23:00:00+00:00,CS.PA,25.432138442993164,2388249,25.137486934661865,70.10584548297442
2023-11-29 23:00:00+00:00,CS.PA,25.57074546813965,7814033,25.140840339660645,71.75005012392343
2023-11-30 23:00:00+00:00,CS.PA,25.83901596069336,2544369,25.173256397247314,71.39242338172315
2023-12-03 23:00:00+00:00,CS.PA,25.97315216064453,1894699,25.227581405639647,72.57285624649265
2023-12-04 23:00:00+00:00,CS.PA,26.17435646057129,2838949,25.310074901580812,84.31366193693025
2023-12-05 23:00:00+00:00,CS.PA,26.52758026123047,4552298,25.39726314544678,86.266035880827
2023-12-06 23:00:00+00:00,CS.PA,26.73325538635254,3055036,25.49630002975464,85.11622969750132
2023-12-07 23:00:00+00:00,CS.PA,26.82267951965332,2983232,25.597796154022216,87.72731459263458
2023-12-10 23:00:00+00:00,CS.PA,26.88080406188965,2917995,25.687667083740234,93.66189778565987
2023-12-11 23:00:00+00:00,CS.PA,26.889745712280277,3087520,25.775078868865968,93.57135457188087
2023-12-12 23:00:00+00:00,CS.PA,26.612533569335938,3424531,25.85958433151245,81.53528494974339
2023-12-13 23:00:00+00:00,CS.PA,26.16094207763672,4872415,25.91681547164917,64.8147826306776
2023-12-14 23:00:00+00:00,CS.PA,26.084932327270508,7115339,25.951914310455322,65.05576149225917
2023-12-17 23:00:00+00:00,CS.PA,26.03127861022949,3051134,25.986566162109376,61.97718816197949
2023-12-18 23:00:00+00:00,CS.PA,26.228010177612305,3158585,26.037090587615968,65.83631513988547
2023-12-19 23:00:00+00:00,CS.PA,26.268251419067383,2198311,26.087838649749756,64.4444655104584
2023-12-20 23:00:00+00:00,CS.PA,26.40238571166992,2996032,26.14529342651367,62.35295298510445
2023-12-21 23:00:00+00:00,CS.PA,26.50522232055664,1866086,26.198276901245116,61.8290157285989
2023-12-26 23:00:00+00:00,CS.PA,26.451570510864254,1582566,26.252825450897216,56.595774420339566
2023-12-27 23:00:00+00:00,CS.PA,26.31743431091309,1516227,26.295301723480225,44.41803179852905
2023-12-28 23:00:00+00:00,CS.PA,26.37108993530273,1522097,26.3422492980957,39.53487603050701
2024-01-01 23:00:00+00:00,CS.PA,26.57676315307617,1974674,26.39255018234253,43.34135208806092
2024-01-02 23:00:00+00:00,CS.PA,26.549936294555664,2614796,26.428096199035643,40.88667259266731
2024-01-03 23:00:00+00:00,CS.PA,26.751140594482425,2269789,26.466995620727538,46.54791888946633
2024-01-04 23:00:00+00:00,CS.PA,26.715370178222656,2332092,26.49404630661011,52.91137572708796
2024-01-07 23:00:00+00:00,CS.PA,26.74666786193848,1290406,26.50500068664551,71.76087267697382
2024-01-08 23:00:00+00:00,CS.PA,26.50075340270996,2210701,26.49337558746338,63.716876521056264
2024-01-09 23:00:00+00:00,CS.PA,26.41132926940918,1829152,26.47280807495117,62.2478584565152
2024-01-10 23:00:00+00:00,CS.PA,26.138586044311523,2679652,26.435697174072267,47.25273179855711
2024-01-11 23:00:00+00:00,CS.PA,26.30849266052246,1857604,26.406634521484374,51.145054739890554
2024-01-14 23:00:00+00:00,CS.PA,26.30849266052246,1671589,26.3914324760437,47.107496289402086
2024-01-15 23:00:00+00:00,CS.PA,26.47839736938477,2651318,26.407305240631104,49.20641369410374
2024-01-16 23:00:00+00:00,CS.PA,26.40238571166992,2720352,26.423177909851074,48.56392155727106
2024-01-17 23:00:00+00:00,CS.PA,26.79585075378418,3047513,26.46140651702881,62.13147737935151
2024-01-18 23:00:00+00:00,CS.PA,27.332395553588867,4361481,26.516625785827635,69.58102136580449
2024-01-21 23:00:00+00:00,CS.PA,27.46653175354004,2418491,26.57653980255127,68.6679093398171
2024-01-22 23:00:00+00:00,CS.PA,27.377105712890625,2604322,26.625275802612304,66.91034776417244
2024-01-23 23:00:00+00:00,CS.PA,27.667734146118164,3827707,26.68340139389038,68.07753161580852
2024-01-24 23:00:00+00:00,CS.PA,27.49782943725586,2595619,26.73571434020996,64.65659535000695
2024-01-25 23:00:00+00:00,CS.PA,27.64984893798828,2924888,26.80233507156372,66.18586949908342
2024-01-28 23:00:00+00:00,CS.PA,27.74821662902832,1808014,26.87119140625,73.60399935903993
2024-01-29 23:00:00+00:00,CS.PA,27.84210968017578,2159277,26.93445873260498,77.02694620486884
2024-01-30 23:00:00+00:00,CS.PA,27.864465713500977,3899040,27.000185203552245,86.00736973632877
2024-01-31 23:00:00+00:00,CS.PA,27.274269104003903,4195790,27.02634162902832,67.14281748296857
2024-02-01 23:00:00+00:00,CS.PA,27.305566787719727,2428875,27.055851459503174,67.50387744332491
2024-02-04 23:00:00+00:00,CS.PA,27.19378662109375,2351259,27.078207397460936,62.82046899802963
2024-02-05 23:00:00+00:00,CS.PA,27.39946174621582,2935953,27.123142814636232,67.07502617982321
2024-02-06 23:00:00+00:00,CS.PA,27.22061538696289,1912016,27.163607120513916,57.85126181308199
2024-02-07 23:00:00+00:00,CS.PA,26.89422035217285,3259398,27.201388835906982,41.21866155782086
2024-02-08 23:00:00+00:00,CS.PA,26.81820678710937,2483677,27.226874542236327,36.69720605673986
2024-02-11 23:00:00+00:00,CS.PA,27.390520095825195,3599411,27.280975914001466,50.229722941002386
2024-02-12 23:00:00+00:00,CS.PA,27.39499282836914,2696279,27.326805686950685,44.821757202173664
2024-02-13 23:00:00+00:00,CS.PA,27.39499282836914,2778309,27.376436042785645,47.91290210196262
2024-02-14 23:00:00+00:00,CS.PA,27.524656295776367,2743874,27.412876319885253,47.43591246076932
2024-02-15 23:00:00+00:00,CS.PA,27.70350456237793,3807121,27.431431770324707,49.11347195875728
2024-02-18 23:00:00+00:00,CS.PA,27.73033142089844,1348817,27.444621753692626,47.723165097337855
2024-02-19 23:00:00+00:00,CS.PA,27.86893844604492,2351697,27.46921339035034,50.08698645533711
2024-02-20 23:00:00+00:00,CS.PA,27.877880096435547,3000300,27.479720687866212,65.1685350174373
2024-02-21 23:00:00+00:00,CS.PA,28.669282913208008,4691033,27.53829336166382,74.79676488541139
2024-02-22 23:00:00+00:00,CS.PA,28.88389778137207,3300491,27.599995803833007,79.62382864344951
2024-02-25 23:00:00+00:00,CS.PA,28.950965881347656,3367574,27.660133266448973,78.5832000983888
2024-02-26 23:00:00+00:00,CS.PA,28.95990753173828,2649345,27.7160231590271,84.18273173964602
2024-02-27 23:00:00+00:00,CS.PA,29.25053596496582,3033632,27.78532667160034,96.96957023604384
2024-02-28 23:00:00+00:00,CS.PA,29.402557373046875,7391965,27.89174108505249,100.0
2024-02-29 23:00:00+00:00,CS.PA,28.93755340576172,3005763,27.97334041595459,81.22744349467884
2024-03-03 23:00:00+00:00,CS.PA,29.170053482055664,2263805,28.072153759002685,82.80990103896745
2024-03-04 23:00:00+00:00,CS.PA,29.26394844055176,1748053,28.165378093719482,83.38656579416315
2024-03-05 23:00:00+00:00,CS.PA,29.26841926574707,2148270,28.26776828765869,82.60868324599487
2024-03-06 23:00:00+00:00,CS.PA,29.59928703308105,3051206,28.403021621704102,83.54428670939731
2024-03-07 23:00:00+00:00,CS.PA,29.974868774414062,3097165,28.560854721069337,85.3521079371488
2024-03-10 23:00:00+00:00,CS.PA,29.76025009155273,4019719,28.67934122085571,79.09211678249618
2024-03-11 23:00:00+00:00,CS.PA,30.36833381652832,4219267,28.828008270263673,82.34608351074708
2024-03-12 23:00:00+00:00,CS.PA,30.243139266967773,3546406,28.970415592193604,74.71903447796547
2024-03-13 23:00:00+00:00,CS.PA,30.4085750579834,4075229,29.114611530303954,74.32236219954939
2024-03-14 23:00:00+00:00,CS.PA,30.694730758666992,8796493,29.26417284011841,75.99995904779288
2024-03-17 23:00:00+00:00,CS.PA,30.6142520904541,2264422,29.408368873596192,74.15146467608157
2024-03-18 23:00:00+00:00,CS.PA,30.95853042602539,3164889,29.562848472595213,74.55012416512723
2024-03-19 23:00:00+00:00,CS.PA,30.936176300048828,2352650,29.715763282775878,72.89722394033933
2024-03-20 23:00:00+00:00,CS.PA,30.98535919189453,3075668,29.831567096710206,84.90858297762752
2024-03-21 23:00:00+00:00,CS.PA,30.83333778381348,2707944,29.929039096832277,79.15363394076202
2024-03-24 23:00:00+00:00,CS.PA,30.918291091918945,2823619,30.02740535736084,79.08808469480971
2024-03-25 23:00:00+00:00,CS.PA,30.940643310546875,5009514,30.12644214630127,79.21875968568554
2024-03-26 23:00:00+00:00,CS.PA,31.02112579345703,2723386,30.21497163772583,77.2260477850004
2024-03-27 23:00:00+00:00,CS.PA,31.13290405273437,3490177,30.301488971710206,74.66665258251818
2024-04-01 22:00:00+00:00,CS.PA,31.083721160888672,4764847,30.408797359466554,80.32793047321525
2024-04-02 22:00:00+00:00,CS.PA,31.18208885192871,3586455,30.509399127960204,74.33160264803996
2024-04-03 22:00:00+00:00,CS.PA,31.164203643798828,3092491,30.60441188812256,79.42868843567622
2024-04-04 22:00:00+00:00,CS.PA,30.529296875,4962347,30.667455768585206,52.96704203352521
2024-04-07 22:00:00+00:00,CS.PA,30.699203491210938,3051717,30.722451591491698,50.11659091157686
2024-04-08 22:00:00+00:00,CS.PA,30.27891159057617,3492467,30.737653732299805,42.574207243880466
2024-04-09 22:00:00+00:00,CS.PA,30.269968032836918,3580133,30.763139629364012,32.09302371723831
2024-04-10 22:00:00+00:00,CS.PA,29.91227149963379,3681333,30.74033651351929,27.326689851556296
2024-04-11 22:00:00+00:00,CS.PA,30.100061416625977,3446386,30.733182621002197,31.52981288306195
2024-04-14 22:00:00+00:00,CS.PA,30.243139266967773,3168663,30.724910831451417,37.640418022716
2024-04-15 22:00:00+00:00,CS.PA,29.70659828186035,3909139,30.675504207611084,28.66139087440206
2024-04-16 22:00:00+00:00,CS.PA,29.921215057373047,4741990,30.64085235595703,33.18589471750296
2024-04-17 22:00:00+00:00,CS.PA,30.243139266967773,4035473,30.60508279800415,38.11475529255855
2024-04-18 22:00:00+00:00,CS.PA,30.314680099487305,4710545,30.574007987976074,37.34446272858208
2024-04-21 22:00:00+00:00,CS.PA,30.699203491210938,3049537,30.559700202941894,44.61159822223743
2024-04-22 22:00:00+00:00,CS.PA,31.22679901123047,4815277,30.579373264312743,50.559262873352885
2024-04-23 22:00:00+00:00,CS.PA,30.62766456604004,5263019,30.564841938018798,44.14065380322915
2024-04-24 22:00:00+00:00,CS.PA,30.225255966186523,4264207,30.529072570800782,46.50205327859679
2024-04-25 22:00:00+00:00,CS.PA,30.269968032836918,3333045,30.491514682769775,44.91523164263579
2024-04-28 22:00:00+00:00,CS.PA,30.57400894165039,4057494,30.463569927215577,53.594762737666656
2024-04-29 22:00:00+00:00,CS.PA,30.792325973510746,7064669,30.44900016784668,56.05433171687587
2024-05-01 22:00:00+00:00,CS.PA,30.251279830932617,5025128,30.402459716796876,53.76904690007565
2024-05-02 22:00:00+00:00,CS.PA,29.833627700805664,5611738,30.335930919647218,47.18186652722063
2024-05-05 22:00:00+00:00,CS.PA,30.57400894165039,4111913,30.338166522979737,53.10708760084497
2024-05-06 22:00:00+00:00,CS.PA,30.98216819763184,3325078,30.352314758300782,62.27441315484608
2024-05-07 22:00:00+00:00,CS.PA,31.589662551879883,4263235,30.417852306365965,64.92635849524726
2024-05-08 22:00:00+00:00,CS.PA,31.75102806091309,2683065,30.491905307769777,63.8889611142539
2024-05-09 22:00:00+00:00,CS.PA,32.00731658935547,3726774,30.59665756225586,65.07750371998145
2024-05-12 22:00:00+00:00,CS.PA,31.978836059570312,2162319,30.690596294403075,62.17057261715491
2024-05-13 22:00:00+00:00,CS.PA,31.72254943847656,2908782,30.764566802978514,54.971656226639965
2024-05-14 22:00:00+00:00,CS.PA,31.67509078979492,3194335,30.862991428375246,61.81105766190722
2024-05-15 22:00:00+00:00,CS.PA,31.845949172973636,3005835,30.959228134155275,69.28229934345185
2024-05-16 22:00:00+00:00,CS.PA,31.978836059570312,5497929,31.046012973785402,69.91355240621425
2024-05-19 22:00:00+00:00,CS.PA,32.035789489746094,1772812,31.13206844329834,68.07510851282007
2024-05-20 22:00:00+00:00,CS.PA,32.18766403198242,2446288,31.206491470336914,67.54177435064693
2024-05-21 22:00:00+00:00,CS.PA,31.85544204711914,3911332,31.237923622131348,71.2846084971101
2024-05-22 22:00:00+00:00,CS.PA,31.684585571289062,2470604,31.2907696723938,76.28032053035365
2024-05-23 22:00:00+00:00,CS.PA,31.893407821655277,2627576,31.374177265167237,72.06347181245513
2024-05-26 22:00:00+00:00,CS.PA,31.978836059570312,1712511,31.459620666503906,68.68325060907972
2024-05-27 22:00:00+00:00,CS.PA,31.67509078979492,2796438,31.514674758911134,51.80721919286223
2024-05-28 22:00:00+00:00,CS.PA,31.361852645874023,3334056,31.543151092529296,42.26414436219752
2024-05-29 22:00:00+00:00,CS.PA,31.399822235107425,2869972,31.600578212738036,36.77681901668324
2024-05-30 22:00:00+00:00,CS.PA,31.3713436126709,8922704,31.6774640083313,36.776849553818764
2024-06-02 22:00:00+00:00,CS.PA,31.45677375793457,3467483,31.72160224914551,43.75005045960865
2024-06-03 22:00:00+00:00,CS.PA,31.09607315063477,3550350,31.727297496795654,38.132280204100006
2024-06-04 22:00:00+00:00,CS.PA,31.42829704284668,2996962,31.719229221343994,41.97079167840037
2024-06-05 22:00:00+00:00,CS.PA,31.71306037902832,2819770,31.717330837249754,45.1724661189528
2024-06-06 22:00:00+00:00,CS.PA,31.494741439819336,3119191,31.69170207977295,40.716632205642966
2024-06-09 22:00:00+00:00,CS.PA,30.687915802001957,7436765,31.627156066894532,28.98937364124339
2024-06-10 22:00:00+00:00,CS.PA,30.184833526611328,6868881,31.55027027130127,27.66496529945286
2024-06-11 22:00:00+00:00,CS.PA,30.61197853088379,4479567,31.497114658355713,36.57956847855398
2024-06-12 22:00:00+00:00,CS.PA,29.378007888793945,9250383,31.37371759414673,24.9528036350127
2024-06-13 22:00:00+00:00,CS.PA,27.935209274291992,15401026,31.171536254882813,18.30363029790348
2024-06-16 22:00:00+00:00,CS.PA,28.457273483276367,6132543,30.992610454559326,25.61154619336041
2024-06-17 22:00:00+00:00,CS.PA,28.97933959960937,5678921,30.832194232940672,32.49654799775459
2024-06-18 22:00:00+00:00,CS.PA,28.922386169433597,3127957,30.685541439056397,31.849810461878263
2024-06-19 22:00:00+00:00,CS.PA,29.36851501464844,4121951,30.569737911224365,36.173031235869296
2024-06-20 22:00:00+00:00,CS.PA,29.007814407348636,9616490,30.425458240509034,33.71213524321685
2024-06-23 22:00:00+00:00,CS.PA,29.33054542541504,3613473,30.29304370880127,38.19798523799865
2024-06-24 22:00:00+00:00,CS.PA,29.197656631469727,3363255,30.16917200088501,34.680588077796244
2024-06-25 22:00:00+00:00,CS.PA,29.10273551940918,3059712,30.056216144561766,31.593048472715864
2024-06-26 22:00:00+00:00,CS.PA,28.82746696472168,5676440,29.92759838104248,31.34132399985907
2024-06-27 22:00:00+00:00,CS.PA,29.01730728149414,5325632,29.809896564483644,37.209300287917735
2024-06-30 22:00:00+00:00,CS.PA,29.67226219177246,5822740,29.720670986175538,46.16478460656271
2024-07-01 22:00:00+00:00,CS.PA,29.5583553314209,3534410,29.643785095214845,41.72875567635293
2024-07-02 22:00:00+00:00,CS.PA,30.061437606811523,4140685,29.575442123413087,56.06059478447251
2024-07-03 22:00:00+00:00,CS.PA,30.45061492919922,3706902,29.51231985092163,77.43270256833759
2024-07-04 22:00:00+00:00,CS.PA,30.336706161499023,2969546,29.454418087005614,72.49993606441791
2024-07-07 22:00:00+00:00,CS.PA,30.384166717529297,2475601,29.43923063278198,68.9742868419074
2024-07-08 22:00:00+00:00,CS.PA,30.023468017578125,3535401,29.431162357330322,63.74404558968896
2024-07-09 22:00:00+00:00,CS.PA,30.34619903564453,2497364,29.41787338256836,62.59165148558432
2024-07-10 22:00:00+00:00,CS.PA,30.44112014770508,2537783,29.471028995513915,69.81624749549466
2024-07-11 22:00:00+00:00,CS.PA,30.61197853088379,3551094,29.604867458343506,68.49313333971939
2024-07-14 22:00:00+00:00,CS.PA,30.545534133911133,1852939,29.709280490875244,69.83237746278391
2024-07-15 22:00:00+00:00,CS.PA,30.374675750732425,1805580,29.779047298431397,68.305978527919
2024-07-16 22:00:00+00:00,CS.PA,30.35569190979004,2134086,29.85071258544922,73.74622718230682
2024-07-17 22:00:00+00:00,CS.PA,30.61197853088379,2237160,29.912885761260988,74.27738464084837
2024-07-18 22:00:00+00:00,CS.PA,30.317724227905277,4071318,29.97838125228882,61.038926300598845
2024-07-21 22:00:00+00:00,CS.PA,30.57400894165039,2001739,30.040554428100585,66.56343840924802
2024-07-22 22:00:00+00:00,CS.PA,30.782835006713867,1930672,30.11981334686279,63.01365432441995
2024-07-23 22:00:00+00:00,CS.PA,30.47908973693848,2482990,30.188631057739258,50.53000798792942
2024-07-24 22:00:00+00:00,CS.PA,30.602487564086918,2792420,30.27738208770752,54.929635263735186
2024-07-25 22:00:00+00:00,CS.PA,30.83029556274414,2341214,30.36803150177002,57.755798777641054
2024-07-28 22:00:00+00:00,CS.PA,30.592992782592773,1856948,30.414068031311036,60.3448287808627
2024-07-29 22:00:00+00:00,CS.PA,31.02962875366211,2325624,30.487631702423094,61.92053112324748
2024-07-30 22:00:00+00:00,CS.PA,30.83979034423828,3600344,30.526549339294434,56.73082620378025
2024-07-31 22:00:00+00:00,CS.PA,30.19432640075684,3827267,30.513734912872316,43.922638746570975
2024-08-01 22:00:00+00:00,CS.PA,30.62146759033203,5822309,30.527972984313966,50.99995930938481
2024-08-04 22:00:00+00:00,CS.PA,29.805150985717773,5541188,30.499022197723388,43.5897325804613
2024-08-05 22:00:00+00:00,CS.PA,29.7197208404541,4063674,30.48383483886719,42.9473398328337
2024-08-06 22:00:00+00:00,CS.PA,30.40315055847168,3436313,30.486682415008545,47.88459011832352
2024-08-07 22:00:00+00:00,CS.PA,30.50756454467773,2035467,30.49000463485718,51.99998874728773
2024-08-08 22:00:00+00:00,CS.PA,30.94419860839844,3767555,30.50661563873291,53.757214915031696
2024-08-11 22:00:00+00:00,CS.PA,30.706897735595703,1992016,30.51468381881714,49.23370902692422
2024-08-12 22:00:00+00:00,CS.PA,30.7448673248291,2461176,30.533193397521973,52.834003815443154
2024-08-13 22:00:00+00:00,CS.PA,31.058107376098636,2180855,30.568314170837404,54.66926404692486
2024-08-14 22:00:00+00:00,CS.PA,31.390329360961918,2350211,30.607231712341314,55.619061470774575
2024-08-15 22:00:00+00:00,CS.PA,31.665599822998047,2622400,30.674625492095952,60.680556299430485
2024-08-18 22:00:00+00:00,CS.PA,31.741535186767575,1623669,30.733001804351808,57.63748721096784
2024-08-19 22:00:00+00:00,CS.PA,31.779504776000977,1897709,30.782835292816163,60.42103713518089
2024-08-20 22:00:00+00:00,CS.PA,31.7700138092041,2352025,30.847381496429442,70.34318602236746
2024-08-21 22:00:00+00:00,CS.PA,31.8839168548584,1882359,30.911452960968017,67.7333879179109
2024-08-22 22:00:00+00:00,CS.PA,32.22563171386719,1933524,30.98121976852417,89.23079110838509
2024-08-25 22:00:00+00:00,CS.PA,32.22563171386719,1233755,31.06285171508789,91.77221910989378
2024-08-26 22:00:00+00:00,CS.PA,32.320552825927734,2230053,31.12739791870117,89.76386237580593
2024-08-27 22:00:00+00:00,CS.PA,32.56734848022461,3199570,31.213775825500488,90.33465302158801
2024-08-28 22:00:00+00:00,CS.PA,32.55785369873047,2069913,31.33195219039917,87.9464205619883
2024-08-29 22:00:00+00:00,CS.PA,32.65277862548828,3486550,31.433517742156983,99.04298583803636
2024-09-01 22:00:00+00:00,CS.PA,32.890079498291016,2351791,31.587764167785643,99.13036413053449
2024-09-02 22:00:00+00:00,CS.PA,32.880584716796875,2805955,31.745807361602782,98.48462552531188
2024-09-03 22:00:00+00:00,CS.PA,32.75718688964844,3105269,31.86350917816162,90.90883143068193
2024-09-04 22:00:00+00:00,CS.PA,32.95652389526367,2816836,31.985957145690918,90.47593987120726
2024-09-05 22:00:00+00:00,CS.PA,32.73820495605469,3581986,32.07565746307373,78.68833738506376
2024-09-08 22:00:00+00:00,CS.PA,33.136871337890625,2702647,32.19715614318848,82.35274328510471
2024-09-09 22:00:00+00:00,CS.PA,33.18433380126953,4349278,32.3191294670105,83.11088566174796
2024-09-10 22:00:00+00:00,CS.PA,33.50706481933594,3829497,32.44157733917236,84.61518436413186
2024-09-11 22:00:00+00:00,CS.PA,33.79182434082031,3827679,32.56165208816528,84.23214303580897
2024-09-12 22:00:00+00:00,CS.PA,34.2474479675293,3953802,32.69074449539185,86.8510306332314
2024-09-15 22:00:00+00:00,CS.PA,34.35186004638672,2446479,32.8212607383728,86.89636631472169
2024-09-16 22:00:00+00:00,CS.PA,34.31389236450195,4006579,32.947980117797854,84.32818587242414
2024-09-17 22:00:00+00:00,CS.PA,34.162017822265625,3309193,33.06758031845093,79.85856089975717
2024-09-18 22:00:00+00:00,CS.PA,34.389827728271484,3923374,33.19287586212158,80.80795642907886
2024-09-19 22:00:00+00:00,CS.PA,34.4088134765625,9635098,33.30203495025635,79.1969726970717
2024-09-22 22:00:00+00:00,CS.PA,34.30439758300781,4508139,33.405973243713376,76.40835005476328
2024-09-23 22:00:00+00:00,CS.PA,34.32338333129883,2938844,33.50611476898193,80.21969448275964
2024-09-24 22:00:00+00:00,CS.PA,33.69690704345703,3957983,33.56259269714356,62.26413186752081
2024-09-25 22:00:00+00:00,CS.PA,33.962684631347656,3756880,33.63283424377441,69.96901906136466
2024-09-26 22:00:00+00:00,CS.PA,33.725379943847656,5180993,33.68646430969238,60.13067689317328
2024-09-29 22:00:00+00:00,CS.PA,32.77617263793945,6292966,33.680768966674805,44.63839199364205
2024-09-30 22:00:00+00:00,CS.PA,32.67176055908203,3337011,33.670327758789064,38.3597922974858
2024-10-01 22:00:00+00:00,CS.PA,32.69074249267578,3180692,33.66700553894043,33.42859833001111
2024-10-02 22:00:00+00:00,CS.PA,32.1971549987793,4116560,33.629037094116214,19.491494637034876
2024-10-03 22:00:00+00:00,CS.PA,32.624298095703125,4479995,33.623341751098636,26.546364523366123
2024-10-06 22:00:00+00:00,CS.PA,32.7097282409668,3444464,33.60198459625244,28.49872175069025
2024-10-07 22:00:00+00:00,CS.PA,32.61480712890625,3413714,33.57350826263428,28.94056928045525
2024-10-08 22:00:00+00:00,CS.PA,32.937538146972656,2916533,33.54503192901611,30.73048317917747
2024-10-09 22:00:00+00:00,CS.PA,33.089412689208984,3139281,33.509911346435544,33.09002052432362
2024-10-10 22:00:00+00:00,CS.PA,33.30773162841797,2709330,33.46292552947998,37.588689541949634
2024-10-13 22:00:00+00:00,CS.PA,33.592491149902344,2783649,33.42495708465576,41.4633863800203
2024-10-14 22:00:00+00:00,CS.PA,34.00065231323242,5390457,33.409295082092285,53.738301522363145
2024-10-15 22:00:00+00:00,CS.PA,33.94369888305664,3148393,33.39837913513183,49.75367410148211
2024-10-16 22:00:00+00:00,CS.PA,34.143035888671875,3411006,33.38603954315185,55.472691028837524
2024-10-17 22:00:00+00:00,CS.PA,34.2474479675293,2771411,33.3779712677002,74.76041169129316
2024-10-20 22:00:00+00:00,CS.PA,33.905731201171875,2850686,33.3580379486084,69.23074179234379
2024-10-21 22:00:00+00:00,CS.PA,33.601985931396484,3639177,33.32196807861328,63.04350912369102
2024-10-22 22:00:00+00:00,CS.PA,33.32671356201172,2618439,33.30345840454102,67.24634608596992
2024-10-23 22:00:00+00:00,CS.PA,33.48807907104492,3450218,33.27972812652588,64.3532951060547
2024-10-24 22:00:00+00:00,CS.PA,33.117889404296875,3509125,33.24935359954834,56.19597910217167
2024-10-27 23:00:00+00:00,CS.PA,33.53554153442383,3451584,33.28732204437256,62.729670974145634
2024-10-28 23:00:00+00:00,CS.PA,33.35519027709961,3482117,33.321493530273436,56.01092326156204
2024-10-29 23:00:00+00:00,CS.PA,33.07042694091797,3967925,33.340477752685544,49.73682067530852
2024-10-30 23:00:00+00:00,CS.PA,32.76668167114258,5962716,33.36895408630371,42.67351414901848
2024-10-31 23:00:00+00:00,CS.PA,32.53887176513672,2837358,33.36468276977539,35.50919290086861
2024-11-03 23:00:00+00:00,CS.PA,32.33953857421875,2260215,33.34617328643799,25.76182126854249
2024-11-04 23:00:00+00:00,CS.PA,32.64328384399414,2478376,33.34759712219238,32.29976011713761
2024-11-05 23:00:00+00:00,CS.PA,32.7097282409668,4199106,33.33620662689209,29.75866605324883
2024-11-06 23:00:00+00:00,CS.PA,32.39649200439453,4163091,33.30156059265137,25.31644410530332
2024-11-07 23:00:00+00:00,CS.PA,32.14020538330078,2828675,33.24318428039551,25.906734132933536
2024-11-10 23:00:00+00:00,CS.PA,32.46293640136719,2860191,33.18670654296875,34.53607980469353
2024-11-11 23:00:00+00:00,CS.PA,31.51372718811035,4554097,33.06236028671265,29.193902071182194
2024-11-12 23:00:00+00:00,CS.PA,31.608646392822266,3538137,32.94560766220093,28.09731779032228
2024-11-13 23:00:00+00:00,CS.PA,31.931377410888672,5238719,32.835024738311766,36.01786802797172
2024-11-14 23:00:00+00:00,CS.PA,32.15918731689453,3018970,32.73061170578003,33.02103529411764
2024-11-17 23:00:00+00:00,CS.PA,32.51039505004883,2810133,32.66084489822388,39.999990968934036
2024-11-18 23:00:00+00:00,CS.PA,32.31106185913086,3123420,32.596298694610596,40.82569357006306
2024-11-19 23:00:00+00:00,CS.PA,32.30156707763672,3934451,32.54504137039184,43.95058138957964
2024-11-20 23:00:00+00:00,CS.PA,32.46293640136719,3597506,32.493784236907956,48.99499263385036
2024-11-21 23:00:00+00:00,CS.PA,32.349029541015625,3238041,32.455341243743895,50.128519433398736
2024-11-24 23:00:00+00:00,CS.PA,32.33953857421875,7788863,32.39554109573364,45.530752910272675
2024-11-25 23:00:00+00:00,CS.PA,31.95036125183105,3523936,32.325299644470206,39.7959324901003
2024-11-26 23:00:00+00:00,CS.PA,30.57400894165039,9343821,32.20047874450684,30.952386647976013
2024-11-27 23:00:00+00:00,CS.PA,30.849279403686523,4768295,32.104608631134035,36.56126286009966
2024-11-28 23:00:00+00:00,CS.PA,31.30489921569824,7214826,32.04291000366211,38.26922103431095
2024-12-01 23:00:00+00:00,CS.PA,30.88724899291992,6598293,31.97029552459717,42.88793355445467
2024-12-02 23:00:00+00:00,CS.PA,30.649946212768555,7011559,31.87062864303589,39.45722545074248
2024-12-03 23:00:00+00:00,CS.PA,31.162521362304688,3952519,31.793268299102785,41.8838153086873
2024-12-04 23:00:00+00:00,CS.PA,31.94087219238281,5932880,31.770487308502197,47.935398872423995
2024-12-05 23:00:00+00:00,CS.PA,32.273094177246094,5287313,31.777131748199462,47.74776340418752
2024-12-08 23:00:00+00:00,CS.PA,32.33953857421875,3658094,31.770961856842042,50.27726830732248
2024-12-09 23:00:00+00:00,CS.PA,31.988330841064453,4791301,31.794692039489746,47.14040844243449
2024-12-10 23:00:00+00:00,CS.PA,31.95985221862793,3225022,31.81225233078003,45.29304334573836
2024-12-11 23:00:00+00:00,CS.PA,31.85544204711914,2852315,31.808455562591554,45.3736750234729
2024-12-12 23:00:00+00:00,CS.PA,32.368011474609375,3877128,31.818896770477295,50.24387375024505
2024-12-15 23:00:00+00:00,CS.PA,32.23512268066406,3138508,31.805133152008057,52.55101186475029
2024-12-16 23:00:00+00:00,CS.PA,32.02629852294922,3511299,31.790894985198975,66.45163799473667
2024-12-17 23:00:00+00:00,CS.PA,32.083251953125,3890176,31.77997922897339,64.70591444362262
2024-12-18 23:00:00+00:00,CS.PA,32.064266204833984,3637888,31.760045719146728,60.10101855812607
2024-12-19 23:00:00+00:00,CS.PA,31.807979583740234,10458294,31.73299322128296,62.79681208996648
2024-12-22 23:00:00+00:00,CS.PA,31.931377410888672,2214974,31.712585163116454,68.39236818518545
2024-12-23 23:00:00+00:00,CS.PA,31.864933013916016,912264,31.708313751220704,61.56246821048084
2024-12-26 23:00:00+00:00,CS.PA,32.349029541015625,2335781,31.797064781188965,57.43941172217005
2024-12-29 23:00:00+00:00,CS.PA,32.38699722290039,2086778,31.873950672149657,52.325543358894926
2024-12-30 23:00:00+00:00,CS.PA,32.576839447021484,859533,31.93754768371582,54.612524783969796
2025-01-01 23:00:00+00:00,CS.PA,32.67176055908203,2418364,32.02677326202392,64.75410241079943
2025-01-02 23:00:00+00:00,CS.PA,32.33953857421875,3257406,32.11125288009644,57.246448033723205
2025-01-05 23:00:00+00:00,CS.PA,32.70023727416992,3544197,32.1881386756897,64.68647871482534
2025-01-06 23:00:00+00:00,CS.PA,32.99449157714844,3854753,32.24081964492798,61.78576247054061
2025-01-07 23:00:00+00:00,CS.PA,33.079917907714844,3226710,32.281160831451416,66.18182615303678
2025-01-08 23:00:00+00:00,CS.PA,32.66226959228516,2771033,32.297297382354735,61.279501828091874
2025-01-09 23:00:00+00:00,CS.PA,32.121219635009766,3872889,32.303941822052,50.57470335190692
2025-01-12 23:00:00+00:00,CS.PA,31.779504776000977,3211352,32.29492444992066,46.07330779310203
2025-01-13 23:00:00+00:00,CS.PA,31.95036125183105,3407363,32.29967041015625,52.010733392843534
2025-01-14 23:00:00+00:00,CS.PA,32.65277862548828,5182708,32.3139087677002,58.755803681390624
2025-01-15 23:00:00+00:00,CS.PA,33.298240661621094,4383239,32.36706466674805,65.25256879899716
2025-01-16 23:00:00+00:00,CS.PA,33.56401824951172,4440865,32.44395065307617,63.55935811210645
2025-01-19 23:00:00+00:00,CS.PA,33.5450325012207,3307881,32.517039680480956,62.97874214298968
2025-01-20 23:00:00+00:00,CS.PA,33.45960235595703,3842600,32.58680648803711,60.13071237324078
2025-01-21 23:00:00+00:00,CS.PA,33.905731201171875,4876478,32.69169406890869,63.10483854632136
2025-01-22 23:00:00+00:00,CS.PA,34.28541564941406,4237231,32.809395980834964,70.45907583214012
2025-01-23 23:00:00+00:00,CS.PA,34.07659149169922,4166064,32.91997890472412,64.94847624587553
2025-01-26 23:00:00+00:00,CS.PA,34.50373077392578,6305974,33.02771396636963,65.9318555768622
2025-01-27 23:00:00+00:00,CS.PA,34.80747985839844,3367446,33.148738098144534,67.43297541206368
2025-01-28 23:00:00+00:00,CS.PA,34.62712860107422,2984217,33.25125255584717,70.8249001563051
2025-01-29 23:00:00+00:00,CS.PA,34.82646179199219,3906503,33.35898761749267,80.91101591486037
2025-01-30 23:00:00+00:00,CS.PA,34.78849792480469,5133800,33.48143558502197,86.94642275832511
2025-02-02 23:00:00+00:00,CS.PA,34.5227165222168,3718862,33.57255954742432,80.86558341721127
2025-02-03 23:00:00+00:00,CS.PA,35.17767333984375,4142009,33.68171863555908,80.64514038076895
2025-02-04 23:00:00+00:00,CS.PA,35.07325744628906,3109910,33.781385612487796,74.80097815983149
2025-02-05 23:00:00+00:00,CS.PA,35.48141860961914,6542340,33.92234306335449,75.76523995476788
2025-02-06 23:00:00+00:00,CS.PA,35.65227508544922,2798102,34.09889583587646,77.20584106971361
2025-02-09 23:00:00+00:00,CS.PA,35.82313537597656,2707777,34.301077365875244,79.85611302789076
2025-02-10 23:00:00+00:00,CS.PA,36.06992721557617,2736795,34.5070556640625,78.78786033601762
2025-02-11 23:00:00+00:00,CS.PA,36.09840393066406,4011717,34.67933692932129,76.60164916970596
2025-02-12 23:00:00+00:00,CS.PA,36.06992721557617,3249416,34.817921257019044,80.88227124385801
2025-02-13 23:00:00+00:00,CS.PA,35.62379837036133,3995750,34.92091026306152,67.25143037770903
2025-02-16 23:00:00+00:00,CS.PA,35.68075180053711,2991112,35.027696228027345,64.55692016945122
2025-02-17 23:00:00+00:00,CS.PA,35.62379837036133,3410732,35.135906028747556,67.32669721667739
2025-02-18 23:00:00+00:00,CS.PA,34.902400970458984,3883044,35.185739517211914,51.11735261463992
2025-02-19 23:00:00+00:00,CS.PA,34.96884536743164,2796404,35.21991100311279,52.63153793317652
2025-02-20 23:00:00+00:00,CS.PA,35.10173416137695,3651642,35.27116813659668,58.78960900583712
2025-02-23 23:00:00+00:00,CS.PA,35.21563720703125,2972832,35.30676345825195,50.689572980269006
2025-02-24 23:00:00+00:00,CS.PA,35.642784118652344,3398663,35.348528671264646,59.25927304120028
2025-02-25 23:00:00+00:00,CS.PA,36.2977409362793,4671889,35.4320592880249,62.28573987488863
2025-02-26 23:00:00+00:00,CS.PA,35.794654846191406,4760493,35.480468940734866,51.94802483517677
2025-02-27 23:00:00+00:00,CS.PA,35.538368225097656,7159105,35.51796245574951,46.19284162425158
2025-03-02 23:00:00+00:00,CS.PA,36.212310791015625,5252978,35.60244216918945,51.708449098973325
2025-03-03 23:00:00+00:00,CS.PA,36.031959533691406,4388013,35.64515647888184,49.2307746661744
2025-03-04 23:00:00+00:00,CS.PA,36.37367248535156,5453880,35.71017723083496,53.27866219876454
2025-03-05 23:00:00+00:00,CS.PA,36.68691635131836,5769050,35.77045211791992,61.81434491833523
2025-03-06 23:00:00+00:00,CS.PA,36.79132461547852,5272716,35.82740459442139,62.21289441360662
2025-03-09 23:00:00+00:00,CS.PA,36.563514709472656,5286789,35.86442356109619,59.95973105519996
2025-03-10 23:00:00+00:00,CS.PA,36.09840393066406,5543770,35.86584739685058,63.40422111652744
2025-03-11 23:00:00+00:00,CS.PA,36.8482780456543,4693702,35.903341102600095,68.26563887953797
2025-03-12 23:00:00+00:00,CS.PA,36.79132461547852,3908405,35.93941097259521,66.66661649427436
2025-03-13 23:00:00+00:00,CS.PA,36.85777282714844,4332656,36.00110969543457,66.35159445481011
2025-03-16 23:00:00+00:00,CS.PA,37.26593017578125,4770446,36.08036861419678,66.22386058776787
2025-03-17 23:00:00+00:00,CS.PA,37.88291549682617,5333231,36.19332447052002,65.96551353178933
2025-03-18 23:00:00+00:00,CS.PA,37.81647109985352,4943163,36.339027976989755,72.32704561481563
2025-03-19 23:00:00+00:00,CS.PA,37.62662887573242,2861125,36.47191715240479,73.40425259021171
2025-03-20 23:00:00+00:00,CS.PA,37.503231048583984,6788197,36.591991996765145,66.50480843795754
2025-03-23 23:00:00+00:00,CS.PA,37.56967926025391,3375122,36.70969409942627,70.25001054939231
2025-03-24 23:00:00+00:00,CS.PA,38.10123443603516,4699350,36.832616615295414,71.66667942481183
2025-03-25 23:00:00+00:00,CS.PA,38.025299072265625,3874175,36.918994522094735,67.84809869006733
2025-03-26 23:00:00+00:00,CS.PA,38.063262939453125,3150779,37.03242492675782,67.26803990234663
2025-03-27 23:00:00+00:00,CS.PA,37.95885467529297,3970615,37.15344924926758,69.60008916438397
2025-03-30 22:00:00+00:00,CS.PA,37.39882278442383,5793431,37.212774848938,67.79228614882604
2025-03-31 22:00:00+00:00,CS.PA,37.96834564208984,4170784,37.30959415435792,66.12028158157392
2025-04-01 22:00:00+00:00,CS.PA,38.34803009033203,4393967,37.408312034606936,70.50009293540222
2025-04-02 22:00:00+00:00,CS.PA,37.712059020996094,6099999,37.45956916809082,59.782616292682555
2025-04-03 22:00:00+00:00,CS.PA,35.661766052246094,11487544,37.4030912399292,36.6508410958626
2025-04-06 22:00:00+00:00,CS.PA,33.40264892578125,14286567,37.245047950744635,20.719568520161218
2025-04-07 22:00:00+00:00,CS.PA,34.57966995239258,7448766,37.16911125183106,31.52762187735938
2025-04-08 22:00:00+00:00,CS.PA,33.58300018310547,8001399,37.00584735870362,28.869041092831978
2025-04-09 22:00:00+00:00,CS.PA,35.31056213378906,10295205,36.93180923461914,40.18692801396925
2025-04-10 22:00:00+00:00,CS.PA,35.244117736816406,5053470,36.851126480102536,39.59217678712883
2025-04-13 22:00:00+00:00,CS.PA,36.16484832763672,4392251,36.79607238769531,41.62560958709751
2025-04-14 22:00:00+00:00,CS.PA,36.90523147583008,4570114,36.74718818664551,45.41924746351002
2025-04-15 22:00:00+00:00,CS.PA,37.1710090637207,3372340,36.714915084838864,46.41769186872309
2025-04-16 22:00:00+00:00,CS.PA,37.503231048583984,4451871,36.70874519348145,48.203579575142406
2025-04-21 22:00:00+00:00,CS.PA,38.00631332397461,4270855,36.73389930725098,52.40600199671726
2025-04-22 22:00:00+00:00,CS.PA,38.281585693359375,4566456,36.76949462890625,51.27021163903308
2025-04-23 22:00:00+00:00,CS.PA,38.18666076660156,2882578,36.77376594543457,49.3301659969699
2025-04-24 22:00:00+00:00,CS.PA,38.50939178466797,3620980,36.797970581054685,53.39804404698501
2025-04-27 22:00:00+00:00,CS.PA,38.860599517822266,5191875,36.83783740997315,65.941328353096
2025-04-28 22:00:00+00:00,CS.PA,39.22129821777344,5554208,36.90095958709717,85.76425459678214
2025-04-29 22:00:00+00:00,CS.PA,39.45860290527344,6450839,37.00394859313965,83.90497150513035
2025-05-01 22:00:00+00:00,CS.PA,40.18000411987305,6272433,37.11453151702881,97.66798660837092
2025-05-04 22:00:00+00:00,CS.PA,41.130001068115234,4474155,37.25363006591797,97.37276687979579
2025-05-05 22:00:00+00:00,CS.PA,40.93000030517578,3736743,37.414527130126956,95.30053867559475
2025-05-06 22:00:00+00:00,CS.PA,40.650001525878906,5361396,37.66393890380859,89.79726262572926
2025-05-07 22:00:00+00:00,CS.PA,41.119998931884766,4680456,38.04980640411377,89.28302740094233
2025-05-08 22:00:00+00:00,CS.PA,41.66999816894531,5492973,38.40432281494141,89.82225256599602
2025-05-11 22:00:00+00:00,CS.PA,40.68999862670898,5303399,38.75967273712158,75.305400395003
2025-05-12 22:00:00+00:00,CS.PA,40.47999954223633,3402474,39.018144607543945,70.60192274699928
2025-05-13 22:00:00+00:00,CS.PA,40.65999984741211,3528605,39.28893871307373,70.12787195371945
2025-05-14 22:00:00+00:00,CS.PA,40.7599983215332,3434989,39.51869621276855,71.75877095368497
2025-05-15 22:00:00+00:00,CS.PA,41.25,4775896,39.73593463897705,72.53565571765013
2025-05-18 22:00:00+00:00,CS.PA,41.66999816894531,3232536,39.96088409423828,72.84288662658875
2025-05-19 22:00:00+00:00,CS.PA,41.61000061035156,3011957,40.16622257232666,70.42081920166972
2025-05-20 22:00:00+00:00,CS.PA,41.68999862670898,3742470,40.35040683746338,69.60326764135567
2025-05-21 22:00:00+00:00,CS.PA,41.56999969482422,3117720,40.51482753753662,63.6542210237659
2025-05-22 22:00:00+00:00,CS.PA,40.970001220703125,4677385,40.6539945602417,48.312233060965305
2025-05-25 22:00:00+00:00,CS.PA,41.29999923706055,2319749,40.79352493286133,53.79876973642469
2025-05-26 22:00:00+00:00,CS.PA,41.31999969482422,1844295,40.91649494171143,57.26681451079044
2025-05-27 22:00:00+00:00,CS.PA,41.06999969482422,3042388,41.00893001556396,49.43053104381352
2025-05-28 22:00:00+00:00,CS.PA,41.459999084472656,2661118,41.10899982452393,47.517734333995264
2025-05-29 22:00:00+00:00,CS.PA,41.5099983215332,7792446,41.175499534606935,62.4242837590399
2025-06-01 22:00:00+00:00,CS.PA,41.88999938964844,3631046,41.21349945068359,70.31706054173267
2025-06-02 22:00:00+00:00,CS.PA,42.130001068115234,5559337,41.273499488830566,70.82159923749097
2025-06-03 22:00:00+00:00,CS.PA,42.34999847412109,4168078,41.35849933624267,71.78088319365236
2025-06-04 22:00:00+00:00,CS.PA,42.5,3902365,41.42749938964843,68.88223267649664
2025-06-05 22:00:00+00:00,CS.PA,42.709999084472656,3639226,41.4794994354248,66.774257854608
2025-06-08 22:00:00+00:00,CS.PA,42.38999938964844,4615818,41.56449947357177,61.60714893926222
2025-06-09 22:00:00+00:00,CS.PA,42.20000076293945,4568819,41.65049953460693,57.34874752374033
2025-06-10 22:00:00+00:00,CS.PA,42.09999847412109,3688459,41.72249946594238,57.68114852343431
2025-06-11 22:00:00+00:00,CS.PA,41.880001068115234,3055468,41.77849960327148,64.82086430966933
2025-06-12 22:00:00+00:00,CS.PA,41.619998931884766,5468693,41.79699954986572,55.33332824707031
2025-06-15 22:00:00+00:00,CS.PA,42.0,4013288,41.81349964141845,60.119050322205624
2025-06-16 22:00:00+00:00,CS.PA,41.630001068115234,3133348,41.81449966430664,58.04599780106789
2025-06-17 22:00:00+00:00,CS.PA,41.7599983215332,4049712,41.81799964904785,54.658376999015516
2025-06-18 22:00:00+00:00,CS.PA,41.58000183105469,3588136,41.81849975585938,51.04483016599084
2025-06-19 22:00:00+00:00,CS.PA,42.59999847412109,14426469,41.89999961853027,58.89725341124633
2025-06-22 22:00:00+00:00,CS.PA,41.72999954223633,3791649,41.92149963378906,45.670967432965995
2025-06-23 22:00:00+00:00,CS.PA,41.880001068115234,4491035,41.949499702453615,44.835183814251636
2025-06-24 22:00:00+00:00,CS.PA,41.7599983215332,3614956,41.98399963378906,41.81412773685971
2025-06-25 22:00:00+00:00,CS.PA,41.59000015258789,3156256,41.99049968719483,37.49998935629418
2025-06-26 22:00:00+00:00,CS.PA,41.959999084472656,3597918,42.0129997253418,45.25385049389056
2025-06-29 22:00:00+00:00,CS.PA,41.66999816894531,3922881,42.00199966430664,44.276421759459495
2025-06-30 22:00:00+00:00,CS.PA,41.060001373291016,3417371,41.94849967956543,39.88327295855703
2025-07-01 22:00:00+00:00,CS.PA,40.63999938964844,4796809,41.862999725341794,38.3894811361527
2025-07-02 22:00:00+00:00,CS.PA,41.400001525878906,3463535,41.807999801635745,48.11645815356658
2025-07-03 22:00:00+00:00,CS.PA,41.0,2069327,41.72249984741211,41.46756657175479
2025-07-06 22:00:00+00:00,CS.PA,41.52999877929688,2894674,41.679499816894534,49.16941521635132
2025-07-07 22:00:00+00:00,CS.PA,41.45000076293945,3372055,41.64199981689453,47.40370275233578
2025-07-08 22:00:00+00:00,CS.PA,42.04999923706055,3182937,41.63949985504151,53.677603532686724
2025-07-09 22:00:00+00:00,CS.PA,41.63999938964844,2330381,41.62749977111817,41.69550789602909
2025-07-10 22:00:00+00:00,CS.PA,41.68999862670898,2899928,41.63099975585938,49.59676489001203
2025-07-13 22:00:00+00:00,CS.PA,41.77000045776367,1554459,41.61949977874756,48.87524924252117
2025-07-14 22:00:00+00:00,CS.PA,41.41999816894531,2663833,41.60899963378906,46.679685317212275
2025-07-15 22:00:00+00:00,CS.PA,41.34000015258789,3700202,41.587999725341795,47.51490993368645
2025-07-16 22:00:00+00:00,CS.PA,41.59000015258789,2560801,41.58849964141846,46.23218998591438
2025-07-17 22:00:00+00:00,CS.PA,41.88999938964844,2346685,41.55299968719483,52.235785595325595
2025-07-20 22:00:00+00:00,CS.PA,42.0,1845916,41.56649971008301,60.633463855759594
2025-07-21 22:00:00+00:00,CS.PA,41.5099983215332,1929427,41.54799957275391,59.68818047504429
2025-07-22 22:00:00+00:00,CS.PA,41.9900016784668,4136159,41.559499740600586,57.007122877566395
2025-07-23 22:00:00+00:00,CS.PA,42.20000076293945,2996314,41.589999771118165,64.92538092404857
2025-07-24 22:00:00+00:00,CS.PA,42.27000045776367,3608108,41.605499839782716,60.3932779916697
2025-07-27 22:00:00+00:00,CS.PA,42.150001525878906,2564753,41.629500007629396,59.72222663737829
2025-07-28 22:00:00+00:00,CS.PA,42.459999084472656,2567240,41.699499893188474,56.193348599799236
2025-07-29 22:00:00+00:00,CS.PA,42.61000061035156,2516899,41.797999954223634,65.90164344498086
2025-07-30 22:00:00+00:00,CS.PA,42.68000030517578,4603877,41.861999893188475,66.12378740604618
2025-07-31 22:00:00+00:00,CS.PA,39.33000183105469,9196110,41.77849998474121,30.75710908529699
2025-08-03 22:00:00+00:00,CS.PA,39.97999954223633,5144434,41.70100002288818,39.15662962079931
2025-08-04 22:00:00+00:00,CS.PA,40.59999847412109,3869887,41.65849990844727,44.84678245004625
2025-08-05 22:00:00+00:00,CS.PA,40.7599983215332,2051039,41.5939998626709,44.146669536210055
2025-08-06 22:00:00+00:00,CS.PA,41.56999969482422,4154804,41.59049987792969,47.894738427159844
2025-08-07 22:00:00+00:00,CS.PA,41.38999938964844,2727218,41.57549991607666,46.02346312922626
2025-08-10 22:00:00+00:00,CS.PA,41.619998931884766,2117826,41.567999839782715,50.74224473175096
2025-08-11 22:00:00+00:00,CS.PA,42.119998931884766,3474470,41.60299987792969,50.87481414242645
2025-08-12 22:00:00+00:00,CS.PA,42.66999816894531,2933035,41.66949977874756,53.02443912361055
2025-08-13 22:00:00+00:00,CS.PA,42.88999938964844,2634884,41.73449974060058,53.91413746117267
2025-08-14 22:00:00+00:00,CS.PA,43.400001525878906,3794242,41.80999984741211,57.52106117472511
2025-08-17 22:00:00+00:00,CS.PA,42.77999877929688,2815282,41.84899978637695,51.85614613029625
2025-08-18 22:00:00+00:00,CS.PA,42.93000030517578,2456731,41.91999988555908,51.85614613029622
2025-08-19 22:00:00+00:00,CS.PA,43.310001373291016,1815708,41.98599987030029,53.52743996339943
2025-08-20 22:00:00+00:00,CS.PA,43.04999923706055,2158760,42.02849979400635,81.84925041951823
2025-08-21 22:00:00+00:00,CS.PA,42.59000015258789,3068912,42.04449977874756,73.09731310714359
2025-08-24 22:00:00+00:00,CS.PA,40.959999084472656,6420397,41.984999656677246,52.70270270270275
2025-08-25 22:00:00+00:00,CS.PA,39.310001373291016,12913585,41.82749977111816,41.10432319389498
2025-08-26 22:00:00+00:00,CS.PA,39.91999816894531,5478206,41.69299964904785,39.62263788803125
2025-08-27 22:00:00+00:00,CS.PA,39.900001525878906,3105171,41.553999710083005,40.43647183147559
2025-08-28 22:00:00+00:00,CS.PA,39.790000915527344,2839423,41.57699966430664,38.07042018854644
2025-08-31 22:00:00+00:00,CS.PA,39.77999877929688,2055391,41.56699962615967,33.70474366364803
2025-09-01 22:00:00+00:00,CS.PA,39.20000076293945,5236746,41.496999740600586,25.936227387610614
2025-09-02 22:00:00+00:00,CS.PA,39.33000183105469,3243297,41.42549991607666,25.000026788594
2025-09-03 22:00:00+00:00,CS.PA,39.810001373291016,4295165,41.3375,24.6826510907935
2025-09-04 22:00:00+00:00,CS.PA,39.5099983215332,3059792,41.24349994659424,25.849333554965085
2025-09-07 22:00:00+00:00,CS.PA,39.7599983215332,2510596,41.15049991607666,26.928657376276348
2025-09-08 22:00:00+00:00,CS.PA,39.84999847412109,3844728,41.03699989318848,23.708176730687427
2025-09-09 22:00:00+00:00,CS.PA,39.970001220703125,3312432,40.90200004577637,26.08696682338126
2025-09-10 22:00:00+00:00,CS.PA,40.25,3309137,40.77000007629395,31.30989792330506
2025-09-11 22:00:00+00:00,CS.PA,40.209999084472656,2767009,40.610499954223634,41.97001826481034
2025-09-14 22:00:00+00:00,CS.PA,40.400001525878906,3897729,40.49150009155274,66.97818018902342
2025-09-15 22:00:00+00:00,CS.PA,39.70000076293945,4241200,40.33000011444092,46.66671290532519
2025-09-16 22:00:00+00:00,CS.PA,39.56999969482422,3488736,40.14300003051758,45.16127949668536
2025-09-17 22:00:00+00:00,CS.PA,39.58000183105469,3178823,39.96950016021729,46.82782067534862
2025-09-18 22:00:00+00:00,CS.PA,39.88999938964844,9576669,39.83450012207031,51.52355068252271
2025-09-21 22:00:00+00:00,CS.PA,40.04999923706055,2300807,39.78900012969971,63.3228180359274
2025-09-22 22:00:00+00:00,CS.PA,40.02000045776367,2790951,39.82450008392334,61.16499820376358
2025-09-23 22:00:00+00:00,CS.PA,39.79999923706055,2895169,39.8185001373291,49.82328440292774
2025-09-24 22:00:00+00:00,CS.PA,39.93000030517578,2420408,39.820000076293944,57.89475193781774
2025-09-25 22:00:00+00:00,CS.PA,40.65999984741211,2822204,39.86350002288818,64.33120245306353
2025-09-28 22:00:00+00:00,CS.PA,40.560001373291016,2091070,39.90250015258789,61.269868181240284
2025-09-29 22:00:00+00:00,CS.PA,40.63999938964844,2417349,39.97450008392334,60.7716726278966
2025-09-30 22:00:00+00:00,CS.PA,40.63999938964844,2604391,40.03999996185303,56.89044412213494
2025-10-01 22:00:00+00:00,CS.PA,40.560001373291016,2302819,40.07749996185303,56.097603119812106
2025-10-02 22:00:00+00:00,CS.PA,40.380001068115234,2302912,40.121000099182126,49.65034125573038
2025-10-05 22:00:00+00:00,CS.PA,39.43999862670898,7460617,40.10500011444092,45.8064150934108
2025-10-06 22:00:00+00:00,CS.PA,39.13999938964844,3916120,40.06950016021729,43.42506503657213
2025-10-07 22:00:00+00:00,CS.PA,39.83000183105469,3858392,40.062500190734866,53.16455940695415
2025-10-08 22:00:00+00:00,CS.PA,39.79999923706055,3138150,40.04000015258789,48.773840545740484
2025-10-09 22:00:00+00:00,CS.PA,39.560001373291016,3734233,40.00750026702881,43.466695149739586
2025-10-12 22:00:00+00:00,CS.PA,39.5099983215332,2485602,39.96300010681152,43.236053604024754
2025-10-13 22:00:00+00:00,CS.PA,40.18000030517578,3511125,39.98700008392334,54.5023769513012
2025-10-14 22:00:00+00:00,CS.PA,40.16999816894531,3204582,40.01700000762939,52.92679885968634
2025-10-15 22:00:00+00:00,CS.PA,40.20000076293945,3507264,40.047999954223634,43.2353257967086
2025-10-16 22:00:00+00:00,CS.PA,39.40999984741211,4528581,40.023999977111814,35.94134150117705
2025-10-19 22:00:00+00:00,CS.PA,39.119998931884766,3501783,39.97749996185303,32.325635655056715
2025-10-20 22:00:00+00:00,CS.PA,39.33000183105469,3209206,39.94300003051758,35.47680148594996
2025-10-21 22:00:00+00:00,CS.PA,39.34000015258789,2521597,39.920000076293945,36.261302284341596
2025-10-22 22:00:00+00:00,CS.PA,39.38999938964844,1783450,39.89300003051758,38.515106054370285
2025-10-23 22:00:00+00:00,CS.PA,39.400001525878906,3951705,39.83000011444092,49.40832976882831
2025-10-26 23:00:00+00:00,CS.PA,39.61000061035156,2689416,39.78250007629394,57.14284057890356
2025-10-27 23:00:00+00:00,CS.PA,39.70000076293945,2104642,39.73550014495849,47.58363574225259
2025-10-28 23:00:00+00:00,CS.PA,39.22999954223633,3254723,39.66500015258789,40.89460996399818
2025-10-29 23:00:00+00:00,CS.PA,39.34000015258789,4095106,39.604000091552734,46.33333163792095
2025-10-30 23:00:00+00:00,CS.PA,37.630001068115234,7673182,39.46650009155273,29.82840452719971
2025-11-02 23:00:00+00:00,CS.PA,37.77000045776367,3679150,39.383000183105466,20.82330784357373
2025-11-03 23:00:00+00:00,CS.PA,37.869998931884766,3983082,39.31950016021729,22.74885672213037
2025-11-04 23:00:00+00:00,CS.PA,38.11000061035156,4082619,39.23350009918213,26.41085542999693
2025-11-05 23:00:00+00:00,CS.PA,37.77999877929688,4823198,39.132500076293944,29.471045331421877
2025-11-06 23:00:00+00:00,CS.PA,37.5099983215332,6240272,39.02999992370606,29.620269056563686
2025-11-09 23:00:00+00:00,CS.PA,37.93999862670898,6394461,38.951499938964844,33.33330284016415
2025-11-10 23:00:00+00:00,CS.PA,38.18999862670898,4118506,38.851999855041505,36.961444774301484
2025-11-11 23:00:00+00:00,CS.PA,38.540000915527344,4944062,38.7704999923706,40.976674495828945
2025-11-12 23:00:00+00:00,CS.PA,38.95000076293945,4350660,38.7079999923706,45.59686523231188
2025-11-13 23:00:00+00:00,CS.PA,38.4900016784668,3328665,38.66200008392334,39.55225739506211
2025-11-16 23:00:00+00:00,CS.PA,38.2400016784668,2467719,38.618000221252444,36.77538084747028
2025-11-17 23:00:00+00:00,CS.PA,37.86000061035156,4491572,38.54450016021728,37.38491811755019
2025-11-18 23:00:00+00:00,CS.PA,37.79999923706055,2677887,38.46750011444092,35.687736822998204
2025-11-19 23:00:00+00:00,CS.PA,37.77999877929688,4395727,38.38700008392334,52.03248586548521
2025-11-20 23:00:00+00:00,CS.PA,38.13999938964844,4077850,38.32399997711182,54.73143509417213
2025-11-23 23:00:00+00:00,CS.PA,38.2400016784668,8030483,38.25550003051758,54.73147925922892
2025-11-24 23:00:00+00:00,CS.PA,38.29999923706055,4182858,38.18549995422363,52.546893584468805
2025-11-25 23:00:00+00:00,CS.PA,38.7400016784668,3024758,38.16100006103515,62.50001241760909
2025-11-26 23:00:00+00:00,CS.PA,38.93000030517578,1728611,38.14050006866455,68.88297521566709
2025-11-27 23:00:00+00:00,CS.PA,38.900001525878906,2315605,38.204000091552736,64.28573861410882
2025-11-30 23:00:00+00:00,CS.PA,38.619998931884766,2609610,38.24650001525879,56.34217426041175
2025-12-01 23:00:00+00:00,CS.PA,38.59000015258789,2452130,38.28250007629394,50.81431889093085
2025-12-02 23:00:00+00:00,CS.PA,38.18999862670898,2578662,38.286499977111816,37.58168549494976
2025-12-03 23:00:00+00:00,CS.PA,38.560001373291016,3386603,38.325500106811525,51.17844252925235
2025-12-04 23:00:00+00:00,CS.PA,38.54999923706055,2194608,38.37750015258789,55.677588114960265
2025-12-07 23:00:00+00:00,CS.PA,38.81999969482422,2578837,38.42150020599365,68.32052066043505
2025-12-08 23:00:00+00:00,CS.PA,39.02999877929688,2761282,38.46350021362305,72.2020929819416
2025-12-09 23:00:00+00:00,CS.PA,39.2400016784668,4359505,38.49850025177002,74.66212341274988
2025-12-10 23:00:00+00:00,CS.PA,39.90999984741211,3061233,38.54650020599365,77.0641602495528
2025-12-11 23:00:00+00:00,CS.PA,40.380001068115234,4786837,38.64100017547607,79.39553932798566
2025-12-14 23:00:00+00:00,CS.PA,40.7400016784668,3346397,38.76600017547607,80.96441884107071
2025-12-15 23:00:00+00:00,CS.PA,40.54999923706055,3352262,38.90050010681152,74.52564524032518
2025-12-16 23:00:00+00:00,CS.PA,40.9900016784668,3682257,39.06000022888183,76.14205727641247
2025-12-17 23:00:00+00:00,CS.PA,40.83000183105469,3977386,39.212500381469724,73.70999034613321
2025-12-18 23:00:00+00:00,CS.PA,41.20000076293945,9567892,39.36550045013428,81.00955322313524
2025-12-21 23:00:00+00:00,CS.PA,41.09999847412109,1674470,39.508500289916995,79.66890707953006
2025-12-22 23:00:00+00:00,CS.PA,41.11000061035156,1538431,39.649000358581546,88.02070657049153
2025-12-23 23:00:00+00:00,CS.PA,41.13999938964844,355376,39.76900024414063,86.85699400658508
2025-12-28 23:00:00+00:00,CS.PA,40.86000061035156,2084501,39.86550025939941,80.63655726839919
2025-12-29 23:00:00+00:00,CS.PA,41.13999938964844,2165529,39.97750015258789,80.68777462241613
2025-12-30 23:00:00+00:00,CS.PA,40.959999084472656,976313,40.09450016021729,75.73328504784115
2026-01-01 23:00:00+00:00,CS.PA,40.95000076293945,2129948,40.212500190734865,74.08447344328239
2026-01-04 23:00:00+00:00,CS.PA,40.81999969482422,3769735,40.344000244140624,65.11624664947303
2026-01-05 23:00:00+00:00,CS.PA,40.540000915527344,3604271,40.44300022125244,52.83687319664468
2026-01-06 23:00:00+00:00,CS.PA,40.29999923706055,3096377,40.53050022125244,41.851820455219816
2026-01-07 23:00:00+00:00,CS.PA,40.43999862670898,2594408,40.61150016784668,47.924517980888965
2026-01-08 23:00:00+00:00,CS.PA,39.9900016784668,4296369,40.65950031280518,31.202979483781775
2026-01-11 23:00:00+00:00,CS.PA,39.75,2703613,40.68500022888183,30.29192202418575
2026-01-12 23:00:00+00:00,CS.PA,39.0,3743038,40.63950023651123,14.74356544714503
2026-01-13 23:00:00+00:00,CS.PA,39.09000015258789,4151416,40.57500019073486,17.684881149365836
2026-01-14 23:00:00+00:00,CS.PA,39.36000061035156,2891844,40.5060001373291,24.035570688593367
2026-01-15 23:00:00+00:00,CS.PA,39.27000045776367,3971942,40.442000198364255,22.74051246005952
2026-01-18 23:00:00+00:00,CS.PA,39.369998931884766,3763965,40.361000061035156,27.076870348264578
2026-01-19 23:00:00+00:00,CS.PA,38.880001068115234,4349958,40.26350002288818,17.341020069083456
2026-01-20 23:00:00+00:00,CS.PA,38.0,4062475,40.10349998474121,14.423053998191563
2026-01-21 23:00:00+00:00,CS.PA,38.290000915527344,3384886,39.96300010681152,20.04503749831379
2026-01-22 23:00:00+00:00,CS.PA,37.709999084472656,3862697,39.793000030517575,18.20039878803378
2026-01-25 23:00:00+00:00,CS.PA,37.90999984741211,3058831,39.63150005340576,22.661119363508746
2026-01-26 23:00:00+00:00,CS.PA,37.7599983215332,2963608,39.47649993896484,23.093217599327502
2026-01-27 23:00:00+00:00,CS.PA,38.060001373291016,2995988,39.32250003814697,25.614806638817356
2026-01-28 23:00:00+00:00,CS.PA,38.119998931884766,2570669,39.18050003051758,29.175941438946225
2026-01-29 23:00:00+00:00,CS.PA,38.43000030517578,3343196,39.05450000762939,35.52633560262946
2026-02-01 23:00:00+00:00,CS.PA,38.93000030517578,2843716,38.96000003814697,49.187939552610004
2026-02-02 23:00:00+00:00,CS.PA,39.310001373291016,3149196,38.89850006103516,52.39131444341982
2026-02-03 23:00:00+00:00,CS.PA,40.130001068115234,4236588,38.89000015258789,57.47572484728264
2026-02-04 23:00:00+00:00,CS.PA,39.459999084472656,3747988,38.841000175476076,51.65792660478388
2026-02-05 23:00:00+00:00,CS.PA,39.65999984741211,2708984,38.82450008392334,52.4871393219403
2026-02-08 23:00:00+00:00,CS.PA,39.540000915527344,2400349,38.81400012969971,56.04394299204435
2026-02-09 23:00:00+00:00,CS.PA,38.459999084472656,4699710,38.78700008392334,54.06358804586794
2026-02-10 23:00:00+00:00,CS.PA,37.790000915527344,3435709,38.72200012207031,45.86093300794769
2026-02-11 23:00:00+00:00,CS.PA,37.91999816894531,2563837,38.65,51.878344681879035
2026-02-12 23:00:00+00:00,CS.PA,37.459999084472656,4520490,38.55949993133545,46.153841137809636
2021-03-11 23:00:00+00:00,GLE.PA,17.285659790039062,2960473,16.38468542098999,65.75608544577399
2021-03-14 23:00:00+00:00,GLE.PA,17.373022079467773,4226759,16.502027797698975,66.8587646270908
2021-03-15 23:00:00+00:00,GLE.PA,17.21021270751953,4293434,16.610991334915163,62.52429004517354
2021-03-16 23:00:00+00:00,GLE.PA,17.440528869628906,4096398,16.726149797439575,60.61220498780324
2021-03-17 23:00:00+00:00,GLE.PA,18.1155948638916,6987203,16.874108457565306,71.20226150054948
2021-03-18 23:00:00+00:00,GLE.PA,17.60730743408203,8360190,16.96798219680786,62.06593762143573
2021-03-21 23:00:00+00:00,GLE.PA,17.599367141723633,3389973,17.047798824310302,62.500031489715454
2021-03-22 23:00:00+00:00,GLE.PA,17.492151260375977,3140341,17.123445892333983,55.337938665407144
2021-03-23 23:00:00+00:00,GLE.PA,17.55965805053711,2971946,17.19214391708374,59.08632308042656
2021-03-24 23:00:00+00:00,GLE.PA,17.34919548034668,3724935,17.228875255584718,55.029584397362676
2021-03-25 23:00:00+00:00,GLE.PA,17.66290283203125,2961487,17.296580410003664,48.93618966784032
2021-03-28 22:00:00+00:00,GLE.PA,17.238006591796875,2900125,17.333311748504638,48.881396910678305
2021-03-29 22:00:00+00:00,GLE.PA,17.921018600463867,3914821,17.406179332733153,56.51761606788671
2021-03-30 22:00:00+00:00,GLE.PA,17.722469329833984,3439892,17.439337158203124,59.28142535695762
2021-03-31 22:00:00+00:00,GLE.PA,18.01235008239746,3209119,17.49751205444336,59.15916334632621
2021-04-05 22:00:00+00:00,GLE.PA,17.988521575927734,3840944,17.54973030090332,57.883987027906024
2021-04-06 22:00:00+00:00,GLE.PA,18.000438690185547,2820605,17.56283473968506,60.52908455471995
2021-04-07 22:00:00+00:00,GLE.PA,17.67084503173828,3461243,17.580505561828613,52.98967162931559
2021-04-08 22:00:00+00:00,GLE.PA,17.38890838623047,4221749,17.58110132217407,39.494908107708675
2021-04-11 22:00:00+00:00,GLE.PA,17.53980255126953,2596172,17.608898067474364,48.9116824395632
2021-04-12 22:00:00+00:00,GLE.PA,17.531862258911133,2559395,17.62120819091797,48.9116824395632
2021-04-13 22:00:00+00:00,GLE.PA,17.722469329833984,2373120,17.63868055343628,53.61597204795783
2021-04-14 22:00:00+00:00,GLE.PA,17.55965805053711,2892548,17.65615282058716,50.0
2021-04-15 22:00:00+00:00,GLE.PA,17.782032012939453,2428478,17.673227977752685,56.574169621114194
2021-04-18 22:00:00+00:00,GLE.PA,17.905132293701172,1983268,17.662704849243163,53.905237159255
2021-04-19 22:00:00+00:00,GLE.PA,17.08711051940918,4401871,17.636695003509523,47.84092850472161
2021-04-20 22:00:00+00:00,GLE.PA,16.93224334716797,3978555,17.60333881378174,33.3333118999593
2021-04-21 22:00:00+00:00,GLE.PA,16.995777130126953,2640811,17.578520107269288,37.16683957370555
2021-04-22 22:00:00+00:00,GLE.PA,17.035490036010742,2521502,17.55231170654297,31.076954908886677
2021-04-25 22:00:00+00:00,GLE.PA,17.722469329833984,4234296,17.570975399017335,45.89968382225849
2021-04-26 22:00:00+00:00,GLE.PA,18.10368156433105,3723127,17.593014335632326,51.4285382508541
2021-04-27 22:00:00+00:00,GLE.PA,18.754920959472656,5306760,17.668860054016115,63.77398344508563
2021-04-28 22:00:00+00:00,GLE.PA,18.921703338623047,3929468,17.718894290924073,70.06236206948202
2021-04-29 22:00:00+00:00,GLE.PA,18.79860496520996,3313414,17.772701072692872,66.5969067223539
2021-05-02 22:00:00+00:00,GLE.PA,18.846254348754883,2009545,17.81439628601074,67.15025788102531
2021-05-03 22:00:00+00:00,GLE.PA,18.425331115722656,3906991,17.83623676300049,58.65102088535265
2021-05-04 22:00:00+00:00,GLE.PA,18.77080726623535,3520209,17.87475519180298,64.26569709474398
2021-05-05 22:00:00+00:00,GLE.PA,19.795318603515625,8788900,17.980978870391844,69.94495374012996
2021-05-06 22:00:00+00:00,GLE.PA,19.783403396606445,4763737,18.100703620910643,69.02654525290347
2021-05-09 22:00:00+00:00,GLE.PA,20.35919570922852,6014701,18.241673278808594,84.85618975905452
2021-05-10 22:00:00+00:00,GLE.PA,20.05343246459961,5190422,18.367751789093017,82.21314508889898
2021-05-11 22:00:00+00:00,GLE.PA,20.47038078308105,4296619,18.50514736175537,83.42248108522843
2021-05-12 22:00:00+00:00,GLE.PA,20.41082000732422,2766744,18.647705459594725,82.34405848394006
2021-05-13 22:00:00+00:00,GLE.PA,20.728498458862305,3884527,18.79502878189087,80.99925374807684
2021-05-16 22:00:00+00:00,GLE.PA,20.80394554138184,2435736,18.9399694442749,79.72035429738412
2021-05-17 22:00:00+00:00,GLE.PA,20.77614974975586,3397330,19.124421405792237,75.78530744613751
2021-05-18 22:00:00+00:00,GLE.PA,20.641136169433597,5098682,19.30986604690552,72.1144750682953
2021-05-19 22:00:00+00:00,GLE.PA,20.74040985107422,3381802,19.49709768295288,75.12851005347736
2021-05-20 22:00:00+00:00,GLE.PA,20.839683532714844,3564853,19.687307357788086,75.45644132867429
2021-05-23 22:00:00+00:00,GLE.PA,20.80791664123535,1870609,19.841579723358155,83.78388026956549
2021-05-24 22:00:00+00:00,GLE.PA,21.051284790039062,3566629,19.988959884643556,83.30031043566272
2021-05-25 22:00:00+00:00,GLE.PA,20.6051082611084,3663777,20.08146924972534,64.22793489297959
2021-05-26 22:00:00+00:00,GLE.PA,21.21758460998535,6931027,20.196263313293457,70.80733997759664
2021-05-27 22:00:00+00:00,GLE.PA,21.29465103149414,2783010,20.321065616607665,65.86803641267348
2021-05-30 22:00:00+00:00,GLE.PA,21.258146286010746,2040067,20.44166021347046,72.48984672706067
2021-05-31 22:00:00+00:00,GLE.PA,21.52179527282715,3114836,20.596483421325683,70.81966742556219
2021-06-01 22:00:00+00:00,GLE.PA,21.594804763793945,2067688,20.737683296203613,73.3205600700276
2021-06-02 22:00:00+00:00,GLE.PA,21.70026206970215,2491310,20.832930469512938,70.88665507854783
2021-06-03 22:00:00+00:00,GLE.PA,21.5136833190918,2182390,20.919444465637206,64.55925909985493
2021-06-06 22:00:00+00:00,GLE.PA,21.68809509277344,2564834,20.985889434814453,67.64582136946845
2021-06-07 22:00:00+00:00,GLE.PA,21.343324661254883,3228201,21.050384044647217,62.566982557397274
2021-06-08 22:00:00+00:00,GLE.PA,21.23380851745605,2275705,21.088555431365968,58.798041244336275
2021-06-09 22:00:00+00:00,GLE.PA,21.416336059570312,4049137,21.138831233978273,59.98608767801629
2021-06-10 22:00:00+00:00,GLE.PA,21.400110244750977,2938708,21.172411823272704,60.310716264019156
2021-06-13 22:00:00+00:00,GLE.PA,21.400110244750977,2480933,21.202220058441164,56.6357745843139
2021-06-14 22:00:00+00:00,GLE.PA,21.306819915771484,2495109,21.228753566741943,65.41895325181956
2021-06-15 22:00:00+00:00,GLE.PA,20.79574584960937,3888234,21.236484050750732,40.298461632941255
2021-06-16 22:00:00+00:00,GLE.PA,21.002609252929688,4716544,21.249594020843507,43.661954340439934
2021-06-17 22:00:00+00:00,GLE.PA,20.288732528686523,9938393,21.22204647064209,33.74149250752063
2021-06-20 22:00:00+00:00,GLE.PA,20.146766662597656,5838259,21.188988971710206,25.95740366599823
2021-06-21 22:00:00+00:00,GLE.PA,19.931793212890625,4197610,21.133014392852782,22.29728398701897
2021-06-22 22:00:00+00:00,GLE.PA,20.00480461120605,2478746,21.102999210357666,21.44815553339984
2021-06-23 22:00:00+00:00,GLE.PA,20.633501052856445,4312364,21.07379503250122,37.09865453551199
2021-06-24 22:00:00+00:00,GLE.PA,20.6051082611084,2853207,21.039317893981934,33.41614594803313
2021-06-27 22:00:00+00:00,GLE.PA,20.098094940185547,2633615,20.981315326690673,31.83433790086481
2021-06-28 22:00:00+00:00,GLE.PA,20.353628158569336,2528160,20.922906970977785,37.6844261638825
2021-06-29 22:00:00+00:00,GLE.PA,20.167049407958984,3678706,20.851519203186037,32.53964784249416
2021-06-30 22:00:00+00:00,GLE.PA,20.848478317260746,3759580,20.808930015563966,43.49904423492945
2021-07-01 22:00:00+00:00,GLE.PA,20.337404251098636,2892266,20.750116062164306,38.822498962824646
2021-07-04 22:00:00+00:00,GLE.PA,20.8363094329834,2314417,20.707526779174806,45.44024872412436
2021-07-05 22:00:00+00:00,GLE.PA,20.19544219970703,3474918,20.650132656097412,44.32517361724658
2021-07-06 22:00:00+00:00,GLE.PA,20.02508544921875,4347338,20.58969650268555,40.694989022896145
2021-07-07 22:00:00+00:00,GLE.PA,19.40044212341309,5823178,20.488901805877685,41.39827049310528
2021-07-08 22:00:00+00:00,GLE.PA,20.098094940185547,4194031,20.423801040649415,49.57448298632303
2021-07-11 22:00:00+00:00,GLE.PA,20.11837387084961,2563961,20.359714221954345,51.68868600059246
2021-07-12 22:00:00+00:00,GLE.PA,19.923681259155277,2766000,20.290557289123534,49.28160016755688
2021-07-13 22:00:00+00:00,GLE.PA,20.012914657592773,2460911,20.251415729522705,43.92374417148857
2021-07-14 22:00:00+00:00,GLE.PA,20.081871032714844,2393333,20.205378818511964,44.9172781822433
2021-07-15 22:00:00+00:00,GLE.PA,19.58702278137207,4227530,20.17029333114624,45.02368840874436
2021-07-18 22:00:00+00:00,GLE.PA,18.69061851501465,5768320,20.09748592376709,35.603943669041385
2021-07-19 22:00:00+00:00,GLE.PA,18.95832633972168,3563729,20.048812580108642,39.681468655693756
2021-07-20 22:00:00+00:00,GLE.PA,19.582963943481445,3611539,20.027720546722414,39.09087979438377
2021-07-21 22:00:00+00:00,GLE.PA,19.493732452392575,2783795,19.970732116699217,42.156874913780456
2021-07-22 22:00:00+00:00,GLE.PA,19.850669860839844,2131199,19.933010196685792,40.58866317453112
2021-07-25 22:00:00+00:00,GLE.PA,20.203554153442383,2786875,19.938283157348632,50.081964338093165
2021-07-26 22:00:00+00:00,GLE.PA,20.00480461120605,2528063,19.92084197998047,49.79624858247799
2021-07-27 22:00:00+00:00,GLE.PA,19.923681259155277,2032557,19.908673572540284,55.901186828467026
2021-07-28 22:00:00+00:00,GLE.PA,20.23194694519043,2774590,19.87784700393677,51.65496569890976
2021-07-29 22:00:00+00:00,GLE.PA,20.05753517150879,2873915,19.863853549957277,49.275399192641544
2021-08-01 22:00:00+00:00,GLE.PA,20.17110252380371,2751660,19.830593204498292,53.004903468750086
2021-08-02 22:00:00+00:00,GLE.PA,21.456897735595703,7667430,19.893665981292724,63.5878190044924
2021-08-03 22:00:00+00:00,GLE.PA,22.069372177124023,4560765,19.995880317687988,66.9667754882725
2021-08-04 22:00:00+00:00,GLE.PA,22.012584686279297,2527031,20.126487445831298,72.38025345772155
2021-08-05 22:00:00+00:00,GLE.PA,22.33707427978516,3905992,20.23843641281128,87.61510543797814
2021-08-08 22:00:00+00:00,GLE.PA,22.381690979003903,2207019,20.351602268218993,87.01757584582391
2021-08-09 22:00:00+00:00,GLE.PA,22.239728927612305,1826076,20.467404651641846,82.07648929271497
2021-08-10 22:00:00+00:00,GLE.PA,22.414140701293945,2239450,20.587465953826904,84.54896924081568
2021-08-11 22:00:00+00:00,GLE.PA,22.280288696289062,1661212,20.697386837005617,80.3445088688047
2021-08-12 22:00:00+00:00,GLE.PA,22.27217483520508,1730345,20.831644439697264,78.27049830281052
2021-08-15 22:00:00+00:00,GLE.PA,21.890899658203125,2266096,20.99165849685669,74.55119925993142
2021-08-16 22:00:00+00:00,GLE.PA,21.416336059570312,3258053,21.114558982849122,67.62456292229825
2021-08-17 22:00:00+00:00,GLE.PA,21.542076110839844,1608752,21.21251459121704,66.16620701763804
2021-08-18 22:00:00+00:00,GLE.PA,20.889036178588867,3549340,21.282279777526856,59.17631913297461
2021-08-19 22:00:00+00:00,GLE.PA,20.89309310913086,2616505,21.334400939941407,58.165136664781414
2021-08-22 22:00:00+00:00,GLE.PA,21.136463165283203,1752481,21.38104639053345,45.2580951090638
2021-08-23 22:00:00+00:00,GLE.PA,21.2622013092041,1916781,21.443916225433348,36.04484748557292
2021-08-24 22:00:00+00:00,GLE.PA,21.78138542175293,2529421,21.536801433563234,46.55380544147055
2021-08-25 22:00:00+00:00,GLE.PA,21.57452392578125,1692979,21.603930282592774,38.22056230730783
2021-08-26 22:00:00+00:00,GLE.PA,21.64347648620605,1611499,21.683227348327637,38.68158643838602
2021-08-29 22:00:00+00:00,GLE.PA,21.2987060546875,2161009,21.739607524871825,36.41683236082651
2021-08-30 22:00:00+00:00,GLE.PA,21.619138717651367,3592146,21.74771957397461,38.98874279186791
2021-08-31 22:00:00+00:00,GLE.PA,21.911182403564453,3113000,21.739810085296632,45.10227820319174
2021-09-01 22:00:00+00:00,GLE.PA,21.88684463500977,1635773,21.733523082733154,44.90892082951547
2021-09-02 22:00:00+00:00,GLE.PA,21.550188064575195,2655364,21.694178771972656,45.44472523913591
2021-09-05 22:00:00+00:00,GLE.PA,21.635364532470703,1234440,21.656862449645995,53.268729569372766
2021-09-06 22:00:00+00:00,GLE.PA,21.769214630126957,1623318,21.633336734771728,53.381576391720664
2021-09-07 22:00:00+00:00,GLE.PA,21.310874938964844,2865307,21.578173446655274,56.66670886770397
2021-09-08 22:00:00+00:00,GLE.PA,21.432559967041016,2763338,21.53578701019287,58.22007465714329
2021-09-09 22:00:00+00:00,GLE.PA,21.44878196716309,2040422,21.49461736679077,55.11285468682775
2021-09-12 22:00:00+00:00,GLE.PA,21.70026206970215,2067504,21.485085487365723,56.88776367056294
2021-09-13 22:00:00+00:00,GLE.PA,21.302764892578125,2468690,21.479406929016115,42.175070614113594
2021-09-14 22:00:00+00:00,GLE.PA,21.266258239746094,2432013,21.465616035461426,44.66289945697759
2021-09-15 22:00:00+00:00,GLE.PA,21.37171745300293,2403391,21.489750099182128,45.35368476799084
2021-09-16 22:00:00+00:00,GLE.PA,21.132404327392575,7132726,21.501715660095215,47.05034209130368
2021-09-19 22:00:00+00:00,GLE.PA,19.927736282348636,7063133,21.441279315948485,27.16318098520682
2021-09-20 22:00:00+00:00,GLE.PA,19.862838745117188,2879675,21.37131118774414,20.53666668129887
2021-09-21 22:00:00+00:00,GLE.PA,20.596996307373047,2800993,21.312091732025145,34.5929731862708
2021-09-22 22:00:00+00:00,GLE.PA,21.12834930419922,2884462,21.289783000946045,45.18515486792131
2021-09-23 22:00:00+00:00,GLE.PA,21.363605499267575,3026663,21.27578945159912,47.000905958783896
2021-09-26 22:00:00+00:00,GLE.PA,22.040977478027344,4024867,21.312903022766115,52.67788475634369
2021-09-27 22:00:00+00:00,GLE.PA,21.525848388671875,4003159,21.30823850631714,52.09485078732548
2021-09-28 22:00:00+00:00,GLE.PA,21.996360778808597,4123083,21.312497425079346,55.144333147929416
2021-09-29 22:00:00+00:00,GLE.PA,22.06125831604004,4083163,21.32121810913086,55.53926374991976
2021-09-30 22:00:00+00:00,GLE.PA,21.87061882019043,3293555,21.33723964691162,51.557858222273694
2021-10-03 22:00:00+00:00,GLE.PA,21.6921501159668,2512449,21.340078926086427,53.70939830525108
2021-10-04 22:00:00+00:00,GLE.PA,22.63317108154297,4446443,21.383276748657227,61.10743268795607
2021-10-05 22:00:00+00:00,GLE.PA,22.446590423583984,3497029,21.440062522888184,58.62068543522803
2021-10-06 22:00:00+00:00,GLE.PA,22.89682006835937,4553331,21.5132755279541,63.68786422075258
2021-10-07 22:00:00+00:00,GLE.PA,22.9211540222168,2766019,21.58689413070679,78.42833579140216
2021-10-10 22:00:00+00:00,GLE.PA,22.990110397338867,2461688,21.651386547088624,79.67666090482099
2021-10-11 22:00:00+00:00,GLE.PA,22.94954872131348,2603098,21.73372573852539,75.70920396651476
2021-10-12 22:00:00+00:00,GLE.PA,22.67778968811035,3489900,21.804302310943605,67.95113226401097
2021-10-13 22:00:00+00:00,GLE.PA,22.94954872131348,2469534,21.88319387435913,68.21993174737509
2021-10-14 22:00:00+00:00,GLE.PA,23.35516357421875,4003673,21.99433183670044,66.10339273177033
2021-10-17 22:00:00+00:00,GLE.PA,23.257816314697266,2090980,22.160835838317873,73.6434411289903
2021-10-18 22:00:00+00:00,GLE.PA,23.28215217590332,1852551,22.33180150985718,69.98739900674525
2021-10-19 22:00:00+00:00,GLE.PA,23.213197708129883,1981484,22.462611579895018,67.88413635281455
2021-10-20 22:00:00+00:00,GLE.PA,22.994165420532227,2266724,22.55590238571167,67.29089320812409
2021-10-21 22:00:00+00:00,GLE.PA,23.11990737915039,1755619,22.64371747970581,72.33503446827197
2021-10-24 22:00:00+00:00,GLE.PA,23.290264129638672,1882736,22.706181812286378,63.54516102144069
2021-10-25 22:00:00+00:00,GLE.PA,23.298376083374023,1962995,22.794808197021485,68.9530397877984
2021-10-26 22:00:00+00:00,GLE.PA,23.1685791015625,2852610,22.85341911315918,57.05258551903434
2021-10-27 22:00:00+00:00,GLE.PA,22.986055374145508,4338046,22.899658966064454,51.556497658414855
2021-10-28 22:00:00+00:00,GLE.PA,23.39166641235352,4482517,22.97571134567261,58.29144897433541
2021-10-31 23:00:00+00:00,GLE.PA,23.874343872070312,2964274,23.084821033477787,66.1472941587077
2021-11-01 23:00:00+00:00,GLE.PA,23.81350326538086,2513404,23.14383764266968,71.40671320646457
2021-11-02 23:00:00+00:00,GLE.PA,23.8621768951416,2224359,23.21461696624756,68.78130348086853
2021-11-03 23:00:00+00:00,GLE.PA,24.105545043945312,6734581,23.27505321502686,66.54738230553622
2021-11-04 23:00:00+00:00,GLE.PA,24.332687377929688,4260814,23.345629882812503,72.41960970905613
2021-11-07 23:00:00+00:00,GLE.PA,24.17855453491211,2746617,23.405052089691164,67.73674441845421
2021-11-08 23:00:00+00:00,GLE.PA,23.94329833984375,4263378,23.45473957061768,63.55418764389571
2021-11-09 23:00:00+00:00,GLE.PA,23.850006103515625,3392328,23.51335039138794,66.66664190419449
2021-11-10 23:00:00+00:00,GLE.PA,23.90679168701172,2393920,23.56121253967285,65.74669648923259
2021-11-11 23:00:00+00:00,GLE.PA,23.74455070495605,2335747,23.580681896209718,59.12055846796574
2021-11-14 23:00:00+00:00,GLE.PA,24.17044258117676,3053942,23.62631320953369,64.99306116666843
2021-11-15 23:00:00+00:00,GLE.PA,24.13799285888672,1994560,23.66910524368286,67.24391571227515
2021-11-16 23:00:00+00:00,GLE.PA,24.097431182861328,2081294,23.713316917419434,70.82066912744712
2021-11-17 23:00:00+00:00,GLE.PA,24.00414276123047,3615409,23.763815784454344,62.99490586287094
2021-11-18 23:00:00+00:00,GLE.PA,23.395723342895508,6165189,23.777606582641603,40.35950311303515
2021-11-21 23:00:00+00:00,GLE.PA,23.72832489013672,4126732,23.799509620666505,48.453610389322584
2021-11-22 23:00:00+00:00,GLE.PA,23.716157913208008,2875117,23.8203987121582,47.313455043641106
2021-11-23 23:00:00+00:00,GLE.PA,23.74049186706543,3138429,23.84899435043335,42.69473963847948
2021-11-24 23:00:00+00:00,GLE.PA,23.79727935791016,3319494,23.889555549621583,38.50171875358431
2021-11-25 23:00:00+00:00,GLE.PA,22.118043899536133,10055718,23.825874423980714,23.26311907714178
2021-11-28 23:00:00+00:00,GLE.PA,22.2965145111084,6672021,23.746982955932616,28.311964040708034
2021-11-29 23:00:00+00:00,GLE.PA,22.34518814086914,8594816,23.67356719970703,29.94596050999462
2021-11-30 23:00:00+00:00,GLE.PA,23.079345703125,5753910,23.6344256401062,40.65936100745068
2021-12-01 23:00:00+00:00,GLE.PA,23.1320743560791,4211782,23.585752105712892,42.91077100779678
2021-12-02 23:00:00+00:00,GLE.PA,23.01039123535156,3796398,23.519637298583984,35.55554077809951
2021-12-05 23:00:00+00:00,GLE.PA,23.24564743041992,3236197,23.472991943359375,39.423088226915965
2021-12-06 23:00:00+00:00,GLE.PA,23.505237579345703,4151502,23.451088905334473,43.327235401930494
2021-12-07 23:00:00+00:00,GLE.PA,23.68370819091797,3658543,23.44277400970459,46.457388285426546
2021-12-08 23:00:00+00:00,GLE.PA,23.712099075317383,2494820,23.433039379119872,54.01232686511563
2021-12-09 23:00:00+00:00,GLE.PA,23.59447288513184,2138344,23.425535488128663,48.20456823623146
2021-12-12 23:00:00+00:00,GLE.PA,23.23753547668457,2598788,23.378890132904054,44.123498885287695
2021-12-13 23:00:00+00:00,GLE.PA,23.468734741210938,2738035,23.345427227020263,46.824679067026764
2021-12-14 23:00:00+00:00,GLE.PA,23.32676887512207,2242195,23.3068941116333,44.60965957883831
2021-12-15 23:00:00+00:00,GLE.PA,23.79322052001953,4541840,23.296347999572752,76.57659075242664
2021-12-16 23:00:00+00:00,GLE.PA,23.257816314697266,6463944,23.289452648162843,63.69947425445081
2021-12-19 23:00:00+00:00,GLE.PA,23.01039123535156,3218739,23.253555965423583,58.971562279092325
2021-12-20 23:00:00+00:00,GLE.PA,23.62286758422852,3073988,23.24889144897461,57.57922006074825
2021-12-21 23:00:00+00:00,GLE.PA,23.88245964050293,2345461,23.255989837646485,59.89309707666569
2021-12-22 23:00:00+00:00,GLE.PA,24.198835372924805,3054106,23.276067638397215,64.90338549029119
2021-12-23 23:00:00+00:00,GLE.PA,24.279958724975582,915023,23.38416337966919,63.4920887674281
2021-12-26 23:00:00+00:00,GLE.PA,24.32863044738769,1636218,23.485769176483153,61.36620346503391
2021-12-27 23:00:00+00:00,GLE.PA,24.45437431335449,1434150,23.59122848510742,60.795507070966096
2021-12-28 23:00:00+00:00,GLE.PA,24.55983161926269,1513271,23.665252780914305,61.62408005063311
2021-12-29 23:00:00+00:00,GLE.PA,24.53143882751465,1187074,23.735221004486082,63.169930820597834
2021-12-30 23:00:00+00:00,GLE.PA,24.5030460357666,762706,23.80985374450683,69.59800419907441
2022-01-02 23:00:00+00:00,GLE.PA,24.70585060119629,2377851,23.882863903045653,69.32826022563171
2022-01-03 23:00:00+00:00,GLE.PA,25.89834976196289,6168559,24.002519512176512,80.24812341467859
2022-01-04 23:00:00+00:00,GLE.PA,26.161998748779297,4672859,24.12643404006958,79.25856679617891
2022-01-05 23:00:00+00:00,GLE.PA,26.648731231689453,4761293,24.273265647888184,92.39347120665546
2022-01-06 23:00:00+00:00,GLE.PA,26.932666778564453,3868559,24.44017534255981,98.59296976387876
2022-01-09 23:00:00+00:00,GLE.PA,26.7825870513916,3900334,24.617427921295164,94.2110479915582
2022-01-10 23:00:00+00:00,GLE.PA,26.835315704345703,2684972,24.785756969451903,93.85533984377886
2022-01-11 23:00:00+00:00,GLE.PA,27.18819808959961,3610429,24.978828430175778,93.92125662971839
2022-01-12 23:00:00+00:00,GLE.PA,27.780393600463867,4573185,25.178187084197994,94.71495748361482
2022-01-13 23:00:00+00:00,GLE.PA,27.77228164672852,4830355,25.403910350799556,94.45020274412404
2022-01-16 23:00:00+00:00,GLE.PA,27.86962890625,2792465,25.64687223434448,94.40921787086009
2022-01-17 23:00:00+00:00,GLE.PA,27.84528923034668,3778438,25.85799331665039,93.6421061805919
2022-01-18 23:00:00+00:00,GLE.PA,27.317991256713867,3944996,26.029769897460938,82.68302373382471
2022-01-19 23:00:00+00:00,GLE.PA,27.36261367797852,3581350,26.187958812713624,83.41220397878901
2022-01-20 23:00:00+00:00,GLE.PA,26.73796844482422,5233259,26.310859298706056,71.61336837189563
2022-01-23 23:00:00+00:00,GLE.PA,25.241260528564453,6684766,26.356490802764892,43.43603360406919
2022-01-24 23:00:00+00:00,GLE.PA,25.991641998291016,4594503,26.43335418701172,48.44904865398761
2022-01-25 23:00:00+00:00,GLE.PA,26.835315704345703,5024497,26.54712839126587,51.595025523930275
2022-01-26 23:00:00+00:00,GLE.PA,26.92049598693848,4947711,26.666581249237062,49.89229758072115
2022-01-27 23:00:00+00:00,GLE.PA,26.644678115844727,3931675,26.773662853240968,48.806175972144985
2022-01-30 23:00:00+00:00,GLE.PA,26.51488304138184,2828681,26.864114475250243,47.26266246113531
2022-01-31 23:00:00+00:00,GLE.PA,27.038122177124023,2622517,26.921103096008302,48.75421670799592
2022-02-01 23:00:00+00:00,GLE.PA,27.313934326171875,3303829,26.97869987487793,45.91325080704269
2022-02-02 23:00:00+00:00,GLE.PA,27.78850555419922,4036097,27.035688591003417,50.13140105096121
2022-02-03 23:00:00+00:00,GLE.PA,27.610036849975582,4088116,27.069557094573973,47.924775256793815
2022-02-06 23:00:00+00:00,GLE.PA,27.979145050048828,3527469,27.129384994506836,51.01416351994034
2022-02-07 23:00:00+00:00,GLE.PA,28.469934463500977,4222668,27.2111159324646,58.77629182016759
2022-02-08 23:00:00+00:00,GLE.PA,28.89988136291504,3489622,27.296700096130373,61.06244466862939
2022-02-09 23:00:00+00:00,GLE.PA,29.83684730529785,7117123,27.39952278137207,71.34079464168668
2022-02-10 23:00:00+00:00,GLE.PA,29.17975807189941,4582847,27.469896602630616,80.66964732624372
2022-02-13 23:00:00+00:00,GLE.PA,27.415340423583984,7992151,27.447182178497314,59.57446044346661
2022-02-14 23:00:00+00:00,GLE.PA,27.987255096435547,4746711,27.45428047180176,58.040769679747434
2022-02-15 23:00:00+00:00,GLE.PA,27.49241065979004,4026863,27.463001441955566,53.77612070368165
2022-02-16 23:00:00+00:00,GLE.PA,26.762306213378903,4499815,27.432986068725587,50.7326966053185
2022-02-17 23:00:00+00:00,GLE.PA,26.25934410095215,5102160,27.409054851531984,48.4789772900147
2022-02-20 23:00:00+00:00,GLE.PA,25.75638771057129,4985416,27.434811210632326,42.35237536838445
2022-02-21 23:00:00+00:00,GLE.PA,25.49274063110352,5606390,27.40986614227295,39.11782873997354
2022-02-22 23:00:00+00:00,GLE.PA,25.20881080627441,4270128,27.328540897369386,34.22618929603826
2022-02-23 23:00:00+00:00,GLE.PA,22.14643669128418,14606824,27.08983793258667,25.302525738139366
2022-02-24 23:00:00+00:00,GLE.PA,23.083398818969727,11147697,26.91177396774292,28.950096729564805
2022-02-27 23:00:00+00:00,GLE.PA,20.799802780151367,14467256,26.626019954681396,21.426401218046394
2022-02-28 23:00:00+00:00,GLE.PA,18.85286521911621,13495247,26.216757106781007,16.372525561842153
2022-03-01 23:00:00+00:00,GLE.PA,18.90153694152832,11787620,25.796137237548827,11.085433165998325
2022-03-02 23:00:00+00:00,GLE.PA,18.759571075439453,8958814,25.344690513610836,11.507320556221075
2022-03-03 23:00:00+00:00,GLE.PA,16.877532958984375,11918525,24.808065319061278,11.408184403191157
2022-03-06 23:00:00+00:00,GLE.PA,16.167709350585938,15107835,24.217493534088135,7.147032000351857
2022-03-07 23:00:00+00:00,GLE.PA,17.092506408691406,11099521,23.648622131347658,13.434092784695679
2022-03-08 23:00:00+00:00,GLE.PA,19.063783645629883,12539685,23.1568172454834,25.104924943647134
2022-03-09 23:00:00+00:00,GLE.PA,17.980796813964844,7770554,22.56401472091675,24.197213305243423
2022-03-10 23:00:00+00:00,GLE.PA,18.013246536254883,7104284,22.00568914413452,25.136747898805567
2022-03-13 23:00:00+00:00,GLE.PA,18.719013214111328,6499963,21.57087278366089,28.850048226919256
2022-03-14 23:00:00+00:00,GLE.PA,18.698732376098636,4687520,21.10644664764404,29.33298924201982
2022-03-15 23:00:00+00:00,GLE.PA,20.40635871887207,10951069,20.752144050598144,43.956039442337705
2022-03-16 23:00:00+00:00,GLE.PA,20.211668014526367,5640988,20.42461214065552,39.483080322366845
2022-03-17 23:00:00+00:00,GLE.PA,19.8750057220459,9130390,20.105395221710204,46.0498929334095
2022-03-20 23:00:00+00:00,GLE.PA,19.858781814575195,3263776,19.8105149269104,55.145216087563604
2022-03-21 23:00:00+00:00,GLE.PA,20.13865852355957,3387375,19.5428108215332,56.181610935007164
2022-03-22 23:00:00+00:00,GLE.PA,19.769546508789062,3477221,19.270847606658936,54.93459898310645
2022-03-23 23:00:00+00:00,GLE.PA,19.54240608215332,2941500,19.140646076202394,65.53189095712338
2022-03-24 23:00:00+00:00,GLE.PA,19.278757095336918,3314682,18.950413990020753,69.12715978472693
2022-03-27 22:00:00+00:00,GLE.PA,19.47750663757324,3705182,18.884299182891844,66.10074076744694
2022-03-28 22:00:00+00:00,GLE.PA,21.09995651245117,7814146,18.996653747558593,64.42525894878966
2022-03-29 22:00:00+00:00,GLE.PA,20.57671546936035,4548246,19.080412673950196,69.97499986057225
2022-03-30 22:00:00+00:00,GLE.PA,19.84255790710449,5522762,19.134562015533447,62.70420947164235
2022-03-31 22:00:00+00:00,GLE.PA,19.79388427734375,3997527,19.280379581451417,58.21448603743488
2022-04-03 22:00:00+00:00,GLE.PA,19.46939468383789,3868149,19.445463848114013,55.62794856901687
2022-04-04 22:00:00+00:00,GLE.PA,18.38235282897949,8391543,19.50995616912842,33.74594859541091
2022-04-05 22:00:00+00:00,GLE.PA,17.773935317993164,7182820,19.445463752746583,31.64326102518315
2022-04-06 22:00:00+00:00,GLE.PA,17.421051025390625,5763717,19.417476463317872,31.566141323207546
2022-04-07 22:00:00+00:00,GLE.PA,17.7374324798584,5308558,19.403685760498046,34.7522378139698
2022-04-10 22:00:00+00:00,GLE.PA,18.61760902404785,9482993,19.398615550994872,39.93557499893986
2022-04-11 22:00:00+00:00,GLE.PA,18.272838592529297,5851595,19.377320861816408,40.064633200761484
2022-04-12 22:00:00+00:00,GLE.PA,18.431026458740234,3509056,19.278554248809815,42.554338811874445
2022-04-13 22:00:00+00:00,GLE.PA,18.544597625732425,4248413,19.195200729370118,44.98058144305268
2022-04-18 22:00:00+00:00,GLE.PA,18.796077728271484,3906516,19.141254329681395,45.37444990956445
2022-04-19 22:00:00+00:00,GLE.PA,19.4126091003418,5733422,19.118945693969728,36.73469938587021
2022-04-20 22:00:00+00:00,GLE.PA,19.71681785583496,5657435,19.097853660583496,42.998684945326154
2022-04-21 22:00:00+00:00,GLE.PA,19.505897521972656,4077051,19.084671211242675,47.00359316893873
2022-04-24 22:00:00+00:00,GLE.PA,19.03539085388184,3607980,19.0593204498291,43.72063175653167
2022-04-25 22:00:00+00:00,GLE.PA,18.812301635742188,4226275,19.035997676849366,44.46720692767505
2022-04-26 22:00:00+00:00,GLE.PA,18.674392700195312,3916853,18.99584197998047,52.9268174260645
2022-04-27 22:00:00+00:00,GLE.PA,18.633832931518555,3221670,18.87253580093384,59.72475916426874
2022-04-28 22:00:00+00:00,GLE.PA,18.796077728271484,3195135,18.783503913879393,66.25120603060387
2022-05-01 22:00:00+00:00,GLE.PA,18.40669059753418,4848154,18.71171054840088,57.77566418590469
2022-05-02 22:00:00+00:00,GLE.PA,18.986719131469727,4927390,18.671352291107176,54.60996354336396
2022-05-03 22:00:00+00:00,GLE.PA,18.674392700195312,3190338,18.631602191925047,55.05614523502801
2022-05-04 22:00:00+00:00,GLE.PA,18.195772171020508,5416218,18.6222731590271,47.25899264907524
2022-05-05 22:00:00+00:00,GLE.PA,18.305288314819336,4997308,18.648840808868407,47.20910937162859
2022-05-08 22:00:00+00:00,GLE.PA,17.846946716308594,3429300,18.670135593414308,39.440466843501326
2022-05-09 22:00:00+00:00,GLE.PA,17.851001739501953,5589949,18.675814056396483,29.885078933299724
2022-05-10 22:00:00+00:00,GLE.PA,18.353960037231445,5846599,18.662631607055665,33.30020782129799
2022-05-11 22:00:00+00:00,GLE.PA,18.621662139892575,4431748,18.680072784423828,39.31371789694192
2022-05-12 22:00:00+00:00,GLE.PA,18.933988571166992,3917228,18.705220890045165,48.72580261684533
2022-05-15 22:00:00+00:00,GLE.PA,18.828527450561523,3209073,18.719417381286622,50.210100740674875
2022-05-16 22:00:00+00:00,GLE.PA,19.50995635986328,5684394,18.755111312866212,59.48435698988423
2022-05-17 22:00:00+00:00,GLE.PA,19.453170776367188,3829178,18.75713939666748,59.26604839659478
2022-05-18 22:00:00+00:00,GLE.PA,19.854724884033203,5790387,18.764034748077393,61.357676063255084
2022-05-19 22:00:00+00:00,GLE.PA,19.87095069885254,4651646,18.782287406921387,67.0765941393258
2022-05-22 22:00:00+00:00,GLE.PA,20.714624404907227,5267801,18.866249084472656,68.98389872348201
2022-05-23 22:00:00+00:00,GLE.PA,20.6578369140625,5290841,18.95852584838867,73.08780548887546
2022-05-24 22:00:00+00:00,GLE.PA,21.572978973388672,6954926,19.10345516204834,85.685085587581
2022-05-25 22:00:00+00:00,GLE.PA,21.60334014892578,3082681,19.251930522918702,85.44155572107834
2022-05-26 22:00:00+00:00,GLE.PA,21.58165168762207,3355693,19.391209220886232,94.29046309914105
2022-05-29 22:00:00+00:00,GLE.PA,21.954647064208984,3169325,19.56860704421997,94.74988227502882
2022-05-30 22:00:00+00:00,GLE.PA,21.690082550048828,5537807,19.703775215148926,88.37537589060788
2022-05-31 22:00:00+00:00,GLE.PA,21.73345184326172,4225485,19.856728172302248,87.74278144788383
2022-06-01 22:00:00+00:00,GLE.PA,21.655384063720703,2282706,20.029708766937254,84.99642136545388
2022-06-02 22:00:00+00:00,GLE.PA,21.66839408874512,2006627,20.197864055633545,87.40944796423749
2022-06-05 22:00:00+00:00,GLE.PA,22.24090003967285,3152020,20.417561721801757,87.03746529195115
2022-06-06 22:00:00+00:00,GLE.PA,21.859230041503903,2790104,20.617973136901856,79.98865560881717
2022-06-07 22:00:00+00:00,GLE.PA,21.711767196655277,2850022,20.78586349487305,74.71098082511651
2022-06-08 22:00:00+00:00,GLE.PA,21.58165168762207,2933199,20.933862972259522,72.09400631412164
2022-06-09 22:00:00+00:00,GLE.PA,20.25448608398437,6066548,20.99988784790039,44.717012121013006
2022-06-12 22:00:00+00:00,GLE.PA,19.304649353027344,6348380,21.02369394302368,37.107478265926204
2022-06-13 22:00:00+00:00,GLE.PA,19.443439483642575,3390381,21.020368099212646,26.188189086541186
2022-06-14 22:00:00+00:00,GLE.PA,19.998594284057617,4047832,21.047639274597167,33.94096927297845
2022-06-15 22:00:00+00:00,GLE.PA,19.590900421142575,3466380,21.034448051452635,31.50685222767828
2022-06-16 22:00:00+00:00,GLE.PA,19.89016342163086,9037394,21.035408687591552,30.555547571347702
2022-06-19 22:00:00+00:00,GLE.PA,20.3629150390625,2571532,21.017823219299316,37.97170675648299
2022-06-20 22:00:00+00:00,GLE.PA,20.5754337310791,2556398,21.013703060150146,39.816947071639554
2022-06-21 22:00:00+00:00,GLE.PA,20.467004776000977,3637566,20.958404350280762,39.605468493234795
2022-06-22 22:00:00+00:00,GLE.PA,19.33934593200684,4801016,20.845204639434815,32.95240435358042
2022-06-23 22:00:00+00:00,GLE.PA,19.77739906311035,3608239,20.75499200820923,31.60623060341881
2022-06-26 22:00:00+00:00,GLE.PA,19.64728355407715,2348006,20.639623832702636,32.83985012315627
2022-06-27 22:00:00+00:00,GLE.PA,19.803422927856445,2130048,20.545290851593016,35.215082205586356
2022-06-28 22:00:00+00:00,GLE.PA,19.335010528564453,2715612,20.425368785858154,33.46107996309979
2022-06-29 22:00:00+00:00,GLE.PA,18.120607376098636,7498171,20.24862995147705,34.02598923136016
2022-06-30 22:00:00+00:00,GLE.PA,18.046876907348636,3851678,20.067554092407228,39.16295234548662
2022-07-03 22:00:00+00:00,GLE.PA,17.882062911987305,2729201,19.84961223602295,36.60713964347922
2022-07-04 22:00:00+00:00,GLE.PA,17.08836555480957,5744175,19.611069011688233,26.018605487468307
2022-07-05 22:00:00+00:00,GLE.PA,16.979068756103516,4847948,19.374434089660646,27.364331654084992
2022-07-06 22:00:00+00:00,GLE.PA,17.643522262573242,4253610,19.177527618408202,31.688395516366796
2022-07-07 22:00:00+00:00,GLE.PA,18.06422615051269,3980695,19.06801462173462,31.103848516577372
2022-07-10 22:00:00+00:00,GLE.PA,17.595813751220703,2895840,18.982572841644288,26.49519049202472
2022-07-11 22:00:00+00:00,GLE.PA,17.656532287597656,3599153,18.89322748184204,27.661365317087927
2022-07-12 22:00:00+00:00,GLE.PA,17.265323638916016,3612457,18.75656394958496,31.329106425561378
2022-07-13 22:00:00+00:00,GLE.PA,16.63556671142578,4340416,18.60879726409912,22.66004799356807
2022-07-14 22:00:00+00:00,GLE.PA,16.918350219726562,4068850,18.460206604003908,26.867686608597666
2022-07-17 22:00:00+00:00,GLE.PA,17.49605941772461,3119554,18.316863822937012,31.745832947292513
2022-07-18 22:00:00+00:00,GLE.PA,18.190000534057617,4740855,18.197592163085936,41.25362966027982
2022-07-19 22:00:00+00:00,GLE.PA,18.16398048400879,3784944,18.08244094848633,50.40480784978314
2022-07-20 22:00:00+00:00,GLE.PA,18.003501892089844,4179757,18.015648746490477,49.601625101910436
2022-07-21 22:00:00+00:00,GLE.PA,17.730262756347656,3441107,17.913291931152344,48.63302699663044
2022-07-24 22:00:00+00:00,GLE.PA,18.07723617553711,3327037,17.834789562225343,59.683994837225036
2022-07-25 22:00:00+00:00,GLE.PA,17.93410873413086,2293023,17.74132385253906,59.291128304396366
2022-07-26 22:00:00+00:00,GLE.PA,18.19867515563965,2262049,17.68450708389282,55.85648885927042
2022-07-27 22:00:00+00:00,GLE.PA,18.32445526123047,3245130,17.694699478149413,52.92739896091127
2022-07-28 22:00:00+00:00,GLE.PA,18.940326690673828,4637992,17.739371967315673,64.6391750864546
2022-07-31 22:00:00+00:00,GLE.PA,18.766843795776367,2488843,17.783611011505126,61.79942539616004
2022-08-01 22:00:00+00:00,GLE.PA,18.77117919921875,2241498,17.867751693725587,67.43669138790852
2022-08-02 22:00:00+00:00,GLE.PA,19.348020553588867,5698604,17.986199283599852,81.79787108923439
2022-08-03 22:00:00+00:00,GLE.PA,19.74703598022461,3535693,18.091374969482423,82.28074803687771
2022-08-04 22:00:00+00:00,GLE.PA,19.75137710571289,3255384,18.17573251724243,79.61278159335156
2022-08-07 22:00:00+00:00,GLE.PA,19.842456817626957,2320141,18.288064670562743,75.7781225322434
2022-08-08 22:00:00+00:00,GLE.PA,19.786073684692383,2890729,18.39454174041748,75.06699710317844
2022-08-09 22:00:00+00:00,GLE.PA,20.18942642211914,3761827,18.540746879577636,81.42150094479392
2022-08-10 22:00:00+00:00,GLE.PA,20.25448608398437,2185278,18.721692848205567,88.59420529917192
2022-08-11 22:00:00+00:00,GLE.PA,20.56675720214844,2871016,18.90411319732666,88.47187294041629
2022-08-14 22:00:00+00:00,GLE.PA,20.462669372558597,1989622,19.05244369506836,89.55241158323729
2022-08-15 22:00:00+00:00,GLE.PA,20.497364044189453,1983235,19.16781187057495,88.74286254356724
2022-08-16 22:00:00+00:00,GLE.PA,20.20244026184082,2673110,19.269734859466553,79.94484288921552
2022-08-17 22:00:00+00:00,GLE.PA,20.115697860717773,2134330,19.375344657897948,72.5459621034453
2022-08-18 22:00:00+00:00,GLE.PA,19.538854598999023,4011253,19.465774250030517,62.824220641128626
2022-08-21 22:00:00+00:00,GLE.PA,18.94900131225586,5146082,19.509362506866456,52.4728498434012
2022-08-22 22:00:00+00:00,GLE.PA,19.03574752807617,3021579,19.56444444656372,44.97208745541634
2022-08-23 22:00:00+00:00,GLE.PA,19.027070999145508,2086805,19.605864238739013,36.741247275146456
2022-08-24 22:00:00+00:00,GLE.PA,18.940326690673828,2432840,19.636657810211183,35.5037997537285
2022-08-25 22:00:00+00:00,GLE.PA,18.73214530944824,3247872,19.6262487411499,30.952332649899844
2022-08-28 22:00:00+00:00,GLE.PA,18.883947372436523,2523864,19.63210391998291,35.01440976974784
2022-08-29 22:00:00+00:00,GLE.PA,19.13983726501465,3760413,19.650536823272706,31.666669998260915
2022-08-30 22:00:00+00:00,GLE.PA,19.15284919738769,3772571,19.640778255462646,30.401189009803232
2022-08-31 22:00:00+00:00,GLE.PA,19.13116455078125,3577798,19.60998468399048,21.514687271031576
2022-09-01 22:00:00+00:00,GLE.PA,20.028953552246094,4109164,19.62386350631714,43.45548653290899
2022-09-04 22:00:00+00:00,GLE.PA,19.551868438720703,3669762,19.609334087371828,37.413442534374134
2022-09-05 22:00:00+00:00,GLE.PA,19.65595817565918,2280579,19.602828311920167,42.335755098546926
2022-09-06 22:00:00+00:00,GLE.PA,19.499818801879883,3213511,19.568347930908203,41.52740634695392
2022-09-07 22:00:00+00:00,GLE.PA,20.01160430908203,4137856,19.556203842163086,56.62211084007728
2022-09-08 22:00:00+00:00,GLE.PA,20.58844375610352,5149456,19.55728816986084,73.04876295980083
2022-09-11 22:00:00+00:00,GLE.PA,21.091554641723636,4373013,19.58873243331909,75.87333471921703
2022-09-12 22:00:00+00:00,GLE.PA,21.02649688720703,4060768,19.61518907546997,74.81163019351304
2022-09-13 22:00:00+00:00,GLE.PA,21.013486862182617,3970872,19.65574140548706,76.20619835288588
2022-09-14 22:00:00+00:00,GLE.PA,21.260704040527344,3979095,19.71299171447754,81.65040407778349
2022-09-15 22:00:00+00:00,GLE.PA,20.81397819519043,6382288,19.77674789428711,72.49748766063408
2022-09-18 22:00:00+00:00,GLE.PA,20.77494430541992,2475520,19.868045043945312,70.07458300256877
2022-09-19 22:00:00+00:00,GLE.PA,20.336891174316406,4228022,19.933102226257326,63.16297922562257
2022-09-20 22:00:00+00:00,GLE.PA,20.072322845458984,3856896,19.985364818572997,59.92677205589464
2022-09-21 22:00:00+00:00,GLE.PA,20.393274307250977,3648700,20.058012199401855,54.37499799584142
2022-09-22 22:00:00+00:00,GLE.PA,19.590900421142575,5557622,20.10094995498657,50.43475563690931
2022-09-25 22:00:00+00:00,GLE.PA,19.17453384399414,4391000,20.115479278564454,44.98645137172662
2022-09-26 22:00:00+00:00,GLE.PA,19.040084838867188,4412554,20.11049165725708,45.19060744487815
2022-09-27 22:00:00+00:00,GLE.PA,18.211688995361328,8394861,20.06343364715576,32.34045149207368
2022-09-28 22:00:00+00:00,GLE.PA,17.45702362060547,6362800,19.979726600646973,20.31254746691239
2022-09-29 22:00:00+00:00,GLE.PA,17.70857810974121,5900606,19.86370782852173,16.321268906682207
2022-10-02 22:00:00+00:00,GLE.PA,18.007841110229492,6824320,19.78650646209717,21.287146855191978
2022-10-03 22:00:00+00:00,GLE.PA,18.727807998657227,5312045,19.74009895324707,30.836368544339678
2022-10-04 22:00:00+00:00,GLE.PA,18.337465286254883,4186402,19.68198127746582,26.065356415001517
2022-10-05 22:00:00+00:00,GLE.PA,18.315778732299805,4205477,19.59718999862671,28.015275785945633
2022-10-06 22:00:00+00:00,GLE.PA,18.480588912963867,3871631,19.491797256469727,30.246438570994584
2022-10-09 22:00:00+00:00,GLE.PA,18.69744873046875,3667924,19.37209196090698,35.32610217269426
2022-10-10 22:00:00+00:00,GLE.PA,18.53263664245605,4072526,19.247398948669435,35.96840610393514
2022-10-11 22:00:00+00:00,GLE.PA,18.41553497314453,4654269,19.11750135421753,31.28079609218419
2022-10-12 22:00:00+00:00,GLE.PA,19.13116455078125,4962949,19.011024379730223,45.57597782794637
2022-10-13 22:00:00+00:00,GLE.PA,19.26995086669922,3741791,18.933823013305663,50.97001572159971
2022-10-16 22:00:00+00:00,GLE.PA,19.517169952392575,2978395,18.870934295654298,54.74136591069177
2022-10-17 22:00:00+00:00,GLE.PA,19.729692459106445,3105348,18.8405743598938,67.190574582251
2022-10-18 22:00:00+00:00,GLE.PA,19.54752922058105,2789276,18.814334678649903,77.20087100205434
2022-10-19 22:00:00+00:00,GLE.PA,19.712343215942383,2664696,18.78028812408447,76.6743482424967
2022-10-20 22:00:00+00:00,GLE.PA,19.625600814819336,3509131,18.78202314376831,72.82742093840426
2022-10-23 22:00:00+00:00,GLE.PA,19.95955848693848,3864455,18.82127437591553,69.5054765822647
2022-10-24 22:00:00+00:00,GLE.PA,20.18509101867676,2720401,18.878524684906004,80.86951977177873
2022-10-25 22:00:00+00:00,GLE.PA,20.18075180053711,2327043,18.976977825164795,81.34102694452034
2022-10-26 22:00:00+00:00,GLE.PA,20.18942642211914,3834289,19.11359796524048,80.30762173649167
2022-10-27 22:00:00+00:00,GLE.PA,19.885826110839844,2630025,19.22246036529541,70.44769829986481
2022-10-30 23:00:00+00:00,GLE.PA,20.146055221557617,2499715,19.329371070861818,76.87855247236821
2022-10-31 23:00:00+00:00,GLE.PA,20.34990119934082,2633809,19.410475730895996,81.3201229624385
2022-11-01 23:00:00+00:00,GLE.PA,20.258819580078125,2568069,19.50654344558716,72.88717454792072
2022-11-02 23:00:00+00:00,GLE.PA,20.384599685668945,3293458,19.609984493255617,72.74327135850868
2022-11-03 23:00:00+00:00,GLE.PA,20.90505790710449,9673863,19.731207942962648,75.47760018206951
2022-11-06 23:00:00+00:00,GLE.PA,20.462669372558597,4353866,19.81946897506714,62.408163555243334
2022-11-07 23:00:00+00:00,GLE.PA,20.657838821411133,2862413,19.925729084014893,68.71341682954437
2022-11-08 23:00:00+00:00,GLE.PA,20.2978572845459,3266676,20.01984519958496,59.2592436194112
2022-11-09 23:00:00+00:00,GLE.PA,20.449657440185547,4133752,20.085769844055175,62.7687902716231
2022-11-10 23:00:00+00:00,GLE.PA,20.75325584411621,3163543,20.159935092926027,62.41517868863805
2022-11-13 23:00:00+00:00,GLE.PA,20.957103729248047,2562787,20.2319317817688,62.158464938867766
2022-11-14 23:00:00+00:00,GLE.PA,21.16962432861328,2777834,20.30392837524414,64.61542104604399
2022-11-15 23:00:00+00:00,GLE.PA,20.714221954345703,3174156,20.362263011932374,56.85164562610693
2022-11-16 23:00:00+00:00,GLE.PA,20.88770866394043,2223491,20.421031284332276,63.54045134923762
2022-11-17 23:00:00+00:00,GLE.PA,20.844337463378903,2940997,20.481968116760253,60.02491846732256
2022-11-20 23:00:00+00:00,GLE.PA,20.748920440673828,2483231,20.52143621444702,55.91261579994881
2022-11-21 23:00:00+00:00,GLE.PA,20.657838821411133,2925437,20.54507360458374,55.91261579994881
2022-11-22 23:00:00+00:00,GLE.PA,20.88337135314941,2677962,20.580204582214357,57.17852032989898
2022-11-23 23:00:00+00:00,GLE.PA,21.13492584228516,2233512,20.627479553222656,53.58591259462659
2022-11-24 23:00:00+00:00,GLE.PA,21.074207305908203,1581423,20.686898612976073,60.829497445819
2022-11-27 23:00:00+00:00,GLE.PA,20.826988220214844,2414302,20.720945262908934,52.941184274151006
2022-11-28 23:00:00+00:00,GLE.PA,20.88337135314941,2978893,20.747618770599367,61.382759556641176
2022-11-29 23:00:00+00:00,GLE.PA,20.80963897705078,4334643,20.775159740447997,57.217339296858746
2022-11-30 23:00:00+00:00,GLE.PA,20.26749610900879,4369786,20.76930456161499,41.11114989145382
2022-12-01 23:00:00+00:00,GLE.PA,20.28484535217285,3297956,20.73829393386841,36.797296355759066
2022-12-04 23:00:00+00:00,GLE.PA,20.05931282043457,2458750,20.718126106262208,28.305107359573896
2022-12-05 23:00:00+00:00,GLE.PA,19.734027862548828,3544327,20.671935558319092,29.82148494495813
2022-12-06 23:00:00+00:00,GLE.PA,19.512834548950195,2909156,20.632684421539306,22.24173332532351
2022-12-07 23:00:00+00:00,GLE.PA,19.352357864379883,2754165,20.577819442749025,21.23748807731711
2022-12-08 23:00:00+00:00,GLE.PA,19.62993431091309,3663729,20.521653366088866,29.8437374382176
2022-12-11 23:00:00+00:00,GLE.PA,19.465124130249023,2768849,20.447054386138916,29.07155603690059
2022-12-12 23:00:00+00:00,GLE.PA,20.02461624145508,4286367,20.389803981781007,36.512261743635634
2022-12-13 23:00:00+00:00,GLE.PA,19.70366859436035,2724829,20.33927631378174,28.000011727213305
2022-12-14 23:00:00+00:00,GLE.PA,19.191883087158203,5673323,20.254485034942626,24.590148739085606
2022-12-15 23:00:00+00:00,GLE.PA,19.434764862060547,7541855,20.18400640487671,31.184079601990078
2022-12-18 23:00:00+00:00,GLE.PA,19.421751022338867,2654051,20.11764793395996,30.01186282938403
2022-12-19 23:00:00+00:00,GLE.PA,19.859806060791016,3789880,20.077746295928954,38.18775078015225
2022-12-20 23:00:00+00:00,GLE.PA,20.42797088623047,3778289,20.05497627258301,51.98285228121692
2022-12-21 23:00:00+00:00,GLE.PA,20.27617073059082,1730406,20.01203851699829,49.896261774334235
2022-12-22 23:00:00+00:00,GLE.PA,20.44532012939453,1773116,19.980594158172607,54.67929405617121
2022-12-26 23:00:00+00:00,GLE.PA,20.497364044189453,1226972,19.964112949371337,59.90987689415508
2022-12-27 23:00:00+00:00,GLE.PA,20.401948928833008,1214355,19.94004182815552,61.93245870821285
2022-12-28 23:00:00+00:00,GLE.PA,20.48869132995605,1384153,19.92399444580078,65.55820531944443
2022-12-29 23:00:00+00:00,GLE.PA,20.36724853515625,1399076,19.928982067108155,60.54588201401474
2023-01-01 23:00:00+00:00,GLE.PA,20.97878837585449,2587683,19.963679218292235,69.19688126514275
2023-01-02 23:00:00+00:00,GLE.PA,21.312747955322266,3015378,20.02635097503662,67.32784331273204
2023-01-03 23:00:00+00:00,GLE.PA,22.09343719482422,5320056,20.14432144165039,78.60844786131977
2023-01-04 23:00:00+00:00,GLE.PA,22.067413330078125,3920390,20.272050380706787,88.9540934708487
2023-01-05 23:00:00+00:00,GLE.PA,22.12813377380371,2675197,20.41083917617798,88.38063253933878
2023-01-08 23:00:00+00:00,GLE.PA,21.74646377563477,3759810,20.516665649414062,79.9775983172668
2023-01-09 23:00:00+00:00,GLE.PA,21.29540061950684,3959229,20.60817947387695,68.45035772364908
2023-01-10 23:00:00+00:00,GLE.PA,21.039506912231445,3683165,20.65892400741577,58.54541325800928
2023-01-11 23:00:00+00:00,GLE.PA,21.546955108642575,4171646,20.751088333129882,66.15211557156675
2023-01-12 23:00:00+00:00,GLE.PA,21.42551612854004,3056495,20.862769985198973,62.6115927361467
2023-01-15 23:00:00+00:00,GLE.PA,21.50358390808105,1739850,20.9662109375,62.86030496203212
2023-01-16 23:00:00+00:00,GLE.PA,21.308412551879883,3334868,21.06054401397705,61.29726687002235
2023-01-17 23:00:00+00:00,GLE.PA,21.45587539672852,2511084,21.140347480773926,61.87430656736045
2023-01-18 23:00:00+00:00,GLE.PA,21.004812240600582,3266232,21.169189548492433,57.241401422080386
2023-01-19 23:00:00+00:00,GLE.PA,21.23468017578125,2033786,21.217115020751955,53.18230616802057
2023-01-22 23:00:00+00:00,GLE.PA,21.421178817749023,1958976,21.265907955169677,51.399801734356544
2023-01-23 23:00:00+00:00,GLE.PA,21.768150329589844,2356930,21.329447269439697,45.271115606782544
2023-01-24 23:00:00+00:00,GLE.PA,21.6727352142334,1975754,21.392986583709718,44.375806222775964
2023-01-25 23:00:00+00:00,GLE.PA,22.08475875854492,3192851,21.47278995513916,49.4381556107108
2023-01-26 23:00:00+00:00,GLE.PA,23.073631286621094,5936344,21.608109092712404,64.85438468402688
2023-01-29 23:00:00+00:00,GLE.PA,23.08664321899414,3098864,21.713501834869383,72.22822626647061
2023-01-30 23:00:00+00:00,GLE.PA,23.663484573364254,4843303,21.831038665771484,80.15958897442664
2023-01-31 23:00:00+00:00,GLE.PA,23.74588966369629,3265739,21.91366128921509,78.01110749899534
2023-02-01 23:00:00+00:00,GLE.PA,23.85431861877441,4010966,22.003006553649904,81.04216925036121
2023-02-02 23:00:00+00:00,GLE.PA,24.144906997680664,3976413,22.10384521484375,82.01896887384447
2023-02-05 23:00:00+00:00,GLE.PA,23.902027130126957,3371098,22.21162338256836,81.08112308874544
2023-02-06 23:00:00+00:00,GLE.PA,24.30971908569336,4701048,22.362339305877686,82.19182267341033
2023-02-07 23:00:00+00:00,GLE.PA,23.08664321899414,10557888,22.46469612121582,70.00001832377754
2023-02-08 23:00:00+00:00,GLE.PA,23.025922775268555,5887154,22.53864450454712,67.78640862753329
2023-02-09 23:00:00+00:00,GLE.PA,22.77003288269043,4972915,22.60587034225464,63.211582450117604
2023-02-12 23:00:00+00:00,GLE.PA,22.943517684936523,2836924,22.677867031097414,61.91734704810059
2023-02-13 23:00:00+00:00,GLE.PA,22.99556350708008,2793743,22.76222457885742,63.531495505324706
2023-02-14 23:00:00+00:00,GLE.PA,23.247116088867188,4458988,22.851786613464355,62.29360041249663
2023-02-15 23:00:00+00:00,GLE.PA,24.28803253173828,7044063,23.01594762802124,62.70418205065585
2023-02-16 23:00:00+00:00,GLE.PA,24.166593551635746,5025531,23.162543296813965,61.04704454171174
2023-02-19 23:00:00+00:00,GLE.PA,24.049489974975582,2905981,23.293958854675292,54.358468753445806
2023-02-20 23:00:00+00:00,GLE.PA,23.663484573364254,3816205,23.388725566864014,49.12924584354154
2023-02-21 23:00:00+00:00,GLE.PA,23.203744888305664,5891932,23.465276050567628,43.600662807792524
2023-02-22 23:00:00+00:00,GLE.PA,23.25579071044922,3134708,23.523827648162843,40.82361894533025
2023-02-23 23:00:00+00:00,GLE.PA,22.89147186279297,3075667,23.514719676971435,39.82532080211085
2023-02-26 23:00:00+00:00,GLE.PA,23.234106063842773,2595117,23.522092819213867,39.02653451752291
2023-02-27 23:00:00+00:00,GLE.PA,23.69818115234375,5184863,23.523827648162843,57.38220821095734
2023-02-28 23:00:00+00:00,GLE.PA,23.0389347076416,4056702,23.488479900360108,50.13724226337478
2023-03-01 23:00:00+00:00,GLE.PA,22.973878860473636,3305761,23.444457912445067,52.24023134705668
2023-03-02 23:00:00+00:00,GLE.PA,23.355546951293945,2279042,23.40498991012573,54.32999716975309
2023-03-05 23:00:00+00:00,GLE.PA,23.797935485839844,4217103,23.399785327911378,57.79275871446173
2023-03-06 23:00:00+00:00,GLE.PA,23.54204368591309,4449052,23.361401557922363,52.86196943891136
2023-03-07 23:00:00+00:00,GLE.PA,23.5463809967041,2549829,23.38438844680786,40.99051735842881
2023-03-08 23:00:00+00:00,GLE.PA,23.18206214904785,2951590,23.392195415496825,38.706470361206996
2023-03-09 23:00:00+00:00,GLE.PA,22.14114570617676,8566663,23.36075105667114,31.937597350689217
2023-03-12 23:00:00+00:00,GLE.PA,20.76193046569824,8997856,23.251671695709227,26.883186429180512
2023-03-13 23:00:00+00:00,GLE.PA,21.2303409576416,7945910,23.163410568237303,34.29949315608971
2023-03-14 23:00:00+00:00,GLE.PA,18.645402908325195,18101400,22.933324909210206,23.856353148967116
2023-03-15 23:00:00+00:00,GLE.PA,18.419872283935547,13777006,22.63991689682007,24.237862904111978
2023-03-16 23:00:00+00:00,GLE.PA,18.38951110839844,14655165,22.351062774658203,21.04715529597418
2023-03-19 23:00:00+00:00,GLE.PA,18.23771095275879,11100880,22.060473823547362,16.10121305140339
2023-03-20 23:00:00+00:00,GLE.PA,19.02273368835449,6999160,21.828436279296874,25.45065988900801
2023-03-21 23:00:00+00:00,GLE.PA,18.82756233215332,5098647,21.609627151489256,25.052159626589813
2023-03-22 23:00:00+00:00,GLE.PA,18.38951110839844,4942952,21.366313171386718,20.321385817322195
2023-03-23 23:00:00+00:00,GLE.PA,17.261850357055664,11357732,21.084832096099852,13.895520095312335
2023-03-26 22:00:00+00:00,GLE.PA,17.31563377380371,7476532,20.7889084815979,14.820626178956516
2023-03-27 22:00:00+00:00,GLE.PA,17.130002975463867,7978184,20.460499572753907,14.47507427008756
2023-03-28 22:00:00+00:00,GLE.PA,17.46135902404785,5181801,20.181620788574218,18.210716605362535
2023-03-29 22:00:00+00:00,GLE.PA,18.02085304260254,5329301,19.933969497680664,25.809731560158184
2023-03-30 22:00:00+00:00,GLE.PA,18.02952766418457,5047876,19.667668533325195,30.881286063640175
2023-04-02 22:00:00+00:00,GLE.PA,18.476253509521484,4909126,19.401584434509278,30.670902481919626
2023-04-03 22:00:00+00:00,GLE.PA,18.354812622070312,3756461,19.14222288131714,46.882549208099185
2023-04-04 22:00:00+00:00,GLE.PA,18.259395599365234,4162567,18.877873611450195,48.22896485294278
2023-04-05 22:00:00+00:00,GLE.PA,18.5543212890625,3003454,18.64648656845093,51.71850748714617
2023-04-10 22:00:00+00:00,GLE.PA,18.69744873046875,3724544,18.474301719665526,54.80246025594792
2023-04-11 22:00:00+00:00,GLE.PA,18.77985382080078,3377995,18.375197887420654,47.02634741334099
2023-04-12 22:00:00+00:00,GLE.PA,18.749492645263672,2270363,18.25115547180176,49.003972817614915
2023-04-13 22:00:00+00:00,GLE.PA,19.4304256439209,5477122,18.29040660858154,62.505172880768654
2023-04-16 22:00:00+00:00,GLE.PA,19.027070999145508,4460021,18.320766544342042,75.67496787452532
2023-04-17 22:00:00+00:00,GLE.PA,19.4304256439209,3579502,18.372812271118164,77.92024915591584
2023-04-18 22:00:00+00:00,GLE.PA,19.61258888244629,3675772,18.44155616760254,82.80603659907469
2023-04-19 22:00:00+00:00,GLE.PA,19.369705200195312,3643755,18.45890474319458,75.82153432907621
2023-04-20 22:00:00+00:00,GLE.PA,19.28730010986328,3522035,18.481891632080078,69.67649706711933
2023-04-23 22:00:00+00:00,GLE.PA,19.35669708251953,2213908,18.53025093078613,70.23806269032654
2023-04-24 22:00:00+00:00,GLE.PA,18.727807998657227,5675802,18.60354881286621,53.63406960576791
2023-04-25 22:00:00+00:00,GLE.PA,18.836238861083984,3824494,18.679579067230225,56.981142512598396
2023-04-26 22:00:00+00:00,GLE.PA,19.048755645751957,3035070,18.775516700744628,61.07051066680081
2023-04-27 22:00:00+00:00,GLE.PA,19.10514068603516,4886182,18.857705783843993,58.27899776388973
2023-05-01 22:00:00+00:00,GLE.PA,18.76250457763672,3157615,18.894788360595705,50.922486071293335
2023-05-02 22:00:00+00:00,GLE.PA,18.59335708618164,2409781,18.922979831695557,47.418985966472015
2023-05-03 22:00:00+00:00,GLE.PA,18.211688995361328,4227604,18.909751605987548,43.21668389175333
2023-05-04 22:00:00+00:00,GLE.PA,18.75383186340332,3473459,18.9297025680542,41.15650294824786
2023-05-07 22:00:00+00:00,GLE.PA,18.75383186340332,1796376,18.954424381256104,46.00763380903439
2023-05-08 22:00:00+00:00,GLE.PA,18.78852844238281,2795725,18.96613473892212,39.488681261911665
2023-05-09 22:00:00+00:00,GLE.PA,19.001049041748047,4237999,18.981314754486085,40.08437879038102
2023-05-10 22:00:00+00:00,GLE.PA,18.909969329833984,3374144,18.987820529937743,42.15980296233075
2023-05-11 22:00:00+00:00,GLE.PA,19.135499954223636,4734712,19.007120895385743,47.53173754983082
2023-05-14 22:00:00+00:00,GLE.PA,19.321996688842773,2544349,19.001699447631836,49.45647140507206
2023-05-15 22:00:00+00:00,GLE.PA,19.15284919738769,2916189,19.007988357543944,57.77780259730097
2023-05-16 22:00:00+00:00,GLE.PA,19.53451919555664,3091955,19.01319303512573,61.61617443616652
2023-05-17 22:00:00+00:00,GLE.PA,19.92919921875,3781120,19.029023551940917,63.80957395505116
2023-05-18 22:00:00+00:00,GLE.PA,20.11135673522949,4186614,19.066106128692628,65.18324471713316
2023-05-21 22:00:00+00:00,GLE.PA,20.258819580078125,2889083,19.114682102203368,73.99170611765564
2023-05-22 22:00:00+00:00,GLE.PA,21.04818344116211,7222168,19.199256420135498,82.83067498183772
2023-05-23 22:00:00+00:00,GLE.PA,20.61446762084961,4118920,19.293589401245118,81.69336821978459
2023-05-24 22:00:00+00:00,GLE.PA,20.67952537536621,3669032,19.38575372695923,79.05760186959995
2023-05-25 22:00:00+00:00,GLE.PA,20.67952537536621,3272092,19.46729221343994,79.05760186959995
2023-05-28 22:00:00+00:00,GLE.PA,20.558086395263672,3066398,19.53993949890137,76.0204470850619
2023-05-29 22:00:00+00:00,GLE.PA,20.84776496887207,7660579,19.644202518463135,76.55250298787676
2023-05-30 22:00:00+00:00,GLE.PA,20.21233367919922,13408871,19.725151348114014,66.19118485363256
2023-05-31 22:00:00+00:00,GLE.PA,20.263731002807617,3645983,19.827753448486327,64.66111667960467
2023-06-01 22:00:00+00:00,GLE.PA,21.12810707092285,5388089,19.946467208862305,69.95447392133704
2023-06-04 22:00:00+00:00,GLE.PA,21.001953125,3371210,20.05887327194214,70.62542417234536
2023-06-05 22:00:00+00:00,GLE.PA,21.123432159423828,2641588,20.17561845779419,68.8153133822699
2023-06-06 22:00:00+00:00,GLE.PA,21.12810707092285,1793811,20.28197135925293,65.64178621642134
2023-06-07 22:00:00+00:00,GLE.PA,21.375736236572266,3256393,20.405259704589845,66.21889497998879
2023-06-08 22:00:00+00:00,GLE.PA,21.79624366760254,4296182,20.53829689025879,68.43034542049749
2023-06-11 22:00:00+00:00,GLE.PA,21.77755546569824,3366920,20.661074829101562,60.72533837737043
2023-06-12 22:00:00+00:00,GLE.PA,21.735502243041992,2945157,20.79020748138428,68.63071407514478
2023-06-13 22:00:00+00:00,GLE.PA,21.97378921508789,3144060,20.91217098236084,70.3385791795475
2023-06-14 22:00:00+00:00,GLE.PA,21.576644897460938,3415017,20.994543266296386,62.53331521348117
2023-06-15 22:00:00+00:00,GLE.PA,21.707468032836918,9309340,21.074348831176756,66.01557952814923
2023-06-18 22:00:00+00:00,GLE.PA,21.81026077270508,2551892,21.151920890808107,64.14836713053595
2023-06-19 22:00:00+00:00,GLE.PA,21.735502243041992,2457104,21.186286830902098,76.809126488288
2023-06-20 22:00:00+00:00,GLE.PA,21.67476272583008,2443234,21.23930158615112,74.75401147176865
2023-06-21 22:00:00+00:00,GLE.PA,21.1888427734375,3435112,21.264767456054688,51.22864637070294
2023-06-22 22:00:00+00:00,GLE.PA,21.21220588684082,3294209,21.29140148162842,54.43784647715514
2023-06-25 22:00:00+00:00,GLE.PA,21.291635513305664,2893640,21.328078937530517,53.61446128800354
2023-06-26 22:00:00+00:00,GLE.PA,21.53926658630371,2629528,21.3626540184021,57.99993765299137
2023-06-27 22:00:00+00:00,GLE.PA,21.609350204467773,2242768,21.432504844665527,54.88278306794778
2023-06-28 22:00:00+00:00,GLE.PA,22.006494522094727,3073957,21.519643020629882,54.43780979158816
2023-06-29 22:00:00+00:00,GLE.PA,22.240108489990234,5406875,21.575243091583253,58.95107729172255
2023-07-02 22:00:00+00:00,GLE.PA,22.483068466186523,2857544,21.649298858642577,63.422786613515214
2023-07-03 22:00:00+00:00,GLE.PA,22.42233085632324,2633638,21.714243793487547,58.60217295721016
2023-07-04 22:00:00+00:00,GLE.PA,22.36626243591309,3117280,21.77615156173706,67.42265403330278
2023-07-05 22:00:00+00:00,GLE.PA,21.55328369140625,5589618,21.78502893447876,47.38512936067852
2023-07-06 22:00:00+00:00,GLE.PA,21.77755546569824,2826683,21.784094524383544,49.46728826207405
2023-07-09 22:00:00+00:00,GLE.PA,21.72148895263672,2334944,21.781291198730468,49.77034984217999
2023-07-10 22:00:00+00:00,GLE.PA,21.99247932434082,2986814,21.79414005279541,54.871072656548314
2023-07-11 22:00:00+00:00,GLE.PA,22.16535377502441,3461519,21.803718280792236,66.56106275873981
2023-07-12 22:00:00+00:00,GLE.PA,22.61389541625977,3844535,21.855580806732178,70.77566861111072
2023-07-13 22:00:00+00:00,GLE.PA,22.347576141357425,2842333,21.887586212158205,64.8294531324919
2023-07-16 22:00:00+00:00,GLE.PA,22.2588005065918,2363702,21.91001319885254,60.5769441050352
2023-07-17 22:00:00+00:00,GLE.PA,22.30085182189941,2283987,21.93828067779541,60.249345538637236
2023-07-18 22:00:00+00:00,GLE.PA,22.33355712890625,2175413,21.971220397949217,55.43482050433615
2023-07-19 22:00:00+00:00,GLE.PA,22.525117874145508,2801879,22.03803415298462,54.80314829017603
2023-07-20 22:00:00+00:00,GLE.PA,22.42233085632324,2017258,22.09854040145874,48.925655524216886
2023-07-23 22:00:00+00:00,GLE.PA,22.90357780456543,3201438,22.17913751602173,57.410096282617026
2023-07-24 22:00:00+00:00,GLE.PA,23.043745040893555,2122653,22.25436143875122,60.16832896288741
2023-07-25 22:00:00+00:00,GLE.PA,22.805458068847656,2919427,22.314166831970216,72.71192491953094
2023-07-26 22:00:00+00:00,GLE.PA,22.936283111572266,4787302,22.360656261444092,71.75443660060321
2023-07-27 22:00:00+00:00,GLE.PA,23.1044864654541,3386393,22.403875160217286,74.91586344346504
2023-07-30 22:00:00+00:00,GLE.PA,23.095138549804688,3184033,22.434478664398192,71.93305405042413
2023-07-31 22:00:00+00:00,GLE.PA,22.674633026123047,3461767,22.447093772888184,59.22164990823562
2023-08-01 22:00:00+00:00,GLE.PA,22.42233085632324,4005217,22.44989719390869,46.265921003418114
2023-08-02 22:00:00+00:00,GLE.PA,23.20260238647461,6766901,22.53236312866211,63.884638685945895
2023-08-03 22:00:00+00:00,GLE.PA,23.73056983947754,6164367,22.630013847351073,70.91634070905596
2023-08-06 22:00:00+00:00,GLE.PA,23.875411987304688,2869236,22.737709999084473,71.74194622264285
2023-08-07 22:00:00+00:00,GLE.PA,23.468921661376957,5594164,22.81153211593628,64.21051475629623
2023-08-08 22:00:00+00:00,GLE.PA,23.777294158935547,3420633,22.892129135131835,65.22730045540342
2023-08-09 22:00:00+00:00,GLE.PA,23.90344619750977,3209088,22.956606674194337,67.9095778859101
2023-08-10 22:00:00+00:00,GLE.PA,23.86139488220215,2335513,23.032297611236572,62.958234072508205
2023-08-13 22:00:00+00:00,GLE.PA,23.931480407714844,1851665,23.115931606292726,62.24224885620749
2023-08-14 22:00:00+00:00,GLE.PA,23.828689575195312,2091402,23.19232349395752,64.65860490940904
2023-08-15 22:00:00+00:00,GLE.PA,23.74458885192871,2023438,23.262875080108643,61.73674528921104
2023-08-16 22:00:00+00:00,GLE.PA,23.810001373291016,2063394,23.327119255065917,60.55941101408231
2023-08-17 22:00:00+00:00,GLE.PA,23.64647102355957,2910260,23.388326263427736,57.88772818736453
2023-08-20 22:00:00+00:00,GLE.PA,23.777294158935547,1715393,23.43201208114624,67.2011682626734
2023-08-21 22:00:00+00:00,GLE.PA,23.92213630676269,2014076,23.475931644439697,74.20811721416855
2023-08-22 22:00:00+00:00,GLE.PA,24.15107727050781,3777861,23.543212604522704,68.62382476135684
2023-08-23 22:00:00+00:00,GLE.PA,24.23985290527344,1691727,23.608391094207764,62.084296944654454
2023-08-24 22:00:00+00:00,GLE.PA,24.21649169921875,1717962,23.663991355895995,58.58827348923341
2023-08-27 22:00:00+00:00,GLE.PA,24.52953338623047,1991740,23.735711097717285,78.0246950912204
2023-08-28 22:00:00+00:00,GLE.PA,24.651012420654297,2224285,23.834530067443847,75.61642027750355
2023-08-29 22:00:00+00:00,GLE.PA,24.64166831970215,1926183,23.94549694061279,73.23529517705553
2023-08-30 22:00:00+00:00,GLE.PA,24.496828079223636,2850840,24.010208225250246,68.78459206733703
2023-08-31 22:00:00+00:00,GLE.PA,24.55289459228516,1955133,24.051324462890626,68.5236987357491
2023-09-03 22:00:00+00:00,GLE.PA,24.141733169555664,2830095,24.064640522003174,57.88237124779915
2023-09-04 22:00:00+00:00,GLE.PA,23.99689292907715,2986036,24.091039085388182,56.164405266307135
2023-09-05 22:00:00+00:00,GLE.PA,23.85672378540039,3258077,24.095010566711426,51.10131207918513
2023-09-06 22:00:00+00:00,GLE.PA,23.7492618560791,1942377,24.087301349639894,52.48870449935902
2023-09-07 22:00:00+00:00,GLE.PA,23.62310791015625,2868375,24.075387001037598,46.25848388016485
2023-09-10 22:00:00+00:00,GLE.PA,24.029598236083984,2341679,24.080292892456054,52.31386908678135
2023-09-11 22:00:00+00:00,GLE.PA,24.249197006225582,3553753,24.101318264007567,52.12124710840242
2023-09-12 22:00:00+00:00,GLE.PA,24.478137969970703,2495307,24.137995719909668,54.85711308718457
2023-09-13 22:00:00+00:00,GLE.PA,24.819215774536133,3758214,24.188456439971922,60.876880300311086
2023-09-14 22:00:00+00:00,GLE.PA,24.73511505126953,8658686,24.24288864135742,54.044136407433314
2023-09-17 22:00:00+00:00,GLE.PA,21.754194259643555,22477716,24.141733646392822,23.183404566830532
2023-09-18 22:00:00+00:00,GLE.PA,21.618696212768555,9072000,24.026561641693114,22.654273358574542
2023-09-19 22:00:00+00:00,GLE.PA,22.268144607543945,8247826,23.932415008544922,31.5259474562272
2023-09-20 22:00:00+00:00,GLE.PA,21.950428009033203,6406242,23.81794376373291,29.32443096960644
2023-09-21 22:00:00+00:00,GLE.PA,21.604679107666016,4688266,23.687353134155273,29.63241646462113
2023-09-24 22:00:00+00:00,GLE.PA,21.4598388671875,3097875,23.533868408203126,29.63241646462113
2023-09-25 22:00:00+00:00,GLE.PA,21.132776260375977,4085239,23.35795660018921,28.76911902130591
2023-09-26 22:00:00+00:00,GLE.PA,21.389753341674805,3173851,23.19536085128784,32.02847523104673
2023-09-27 22:00:00+00:00,GLE.PA,21.42245864868164,3074924,23.04164237976074,32.99639759556747
2023-09-28 22:00:00+00:00,GLE.PA,21.53459358215332,2425170,22.89072732925415,29.80332614152576
2023-10-01 22:00:00+00:00,GLE.PA,21.35704803466797,2500534,22.751493072509767,26.428020006473204
2023-10-02 22:00:00+00:00,GLE.PA,20.959901809692383,3143891,22.599643516540528,22.090440838033174
2023-10-03 22:00:00+00:00,GLE.PA,20.959901809692383,2431914,22.454802417755126,17.63322673403026
2023-10-04 22:00:00+00:00,GLE.PA,20.94588661193848,1613922,22.314633655548096,17.842983069810458
2023-10-05 22:00:00+00:00,GLE.PA,21.207534790039062,2518654,22.193854999542236,41.38437092112832
2023-10-08 22:00:00+00:00,GLE.PA,20.89449119567871,2585429,22.037099647521973,39.191075745481314
2023-10-09 22:00:00+00:00,GLE.PA,21.123432159423828,2571353,21.880811405181884,30.462493041607075
2023-10-10 22:00:00+00:00,GLE.PA,21.11876106262207,2075269,21.712842559814455,34.10714038383449
2023-10-11 22:00:00+00:00,GLE.PA,20.99728012084961,2228231,21.52174577713013,37.30465760065312
2023-10-12 22:00:00+00:00,GLE.PA,20.37586784362793,5726475,21.303783416748047,31.107482435978625
2023-10-15 22:00:00+00:00,GLE.PA,20.511362075805664,2618741,21.241641807556153,38.394393972209215
2023-10-16 22:00:00+00:00,GLE.PA,20.36652183532715,2588400,21.179033088684083,30.054578983373432
2023-10-17 22:00:00+00:00,GLE.PA,20.21233367919922,2656533,21.076242542266847,27.478182959279536
2023-10-18 22:00:00+00:00,GLE.PA,19.99273681640625,3246142,20.978357982635497,22.407949358067142
2023-10-19 22:00:00+00:00,GLE.PA,19.60493850708008,5249465,20.8783709526062,20.83974030954103
2023-10-22 22:00:00+00:00,GLE.PA,19.665678024291992,2145084,20.788662910461426,25.74424550235487
2023-10-23 22:00:00+00:00,GLE.PA,19.49747467041016,2899547,20.706897830963136,24.217391801436293
2023-10-24 22:00:00+00:00,GLE.PA,19.534852981567383,2558376,20.614152812957762,25.326714551004073
2023-10-25 22:00:00+00:00,GLE.PA,19.38066673278809,3896682,20.51206321716309,16.808044207656067
2023-10-26 22:00:00+00:00,GLE.PA,19.36665153503418,2621602,20.40366611480713,18.85704288324696
2023-10-29 23:00:00+00:00,GLE.PA,19.441408157348636,2159030,20.307884120941164,13.414558256507263
2023-10-30 23:00:00+00:00,GLE.PA,19.759122848510746,3115669,20.247845172882084,23.971291237079484
2023-10-31 23:00:00+00:00,GLE.PA,19.829206466674805,2661693,20.191310405731205,27.18969361385753
2023-11-01 23:00:00+00:00,GLE.PA,20.198318481445312,4452881,20.153931999206545,46.153788943677135
2023-11-02 23:00:00+00:00,GLE.PA,20.371192932128903,5096280,20.11211490631104,47.01194020383641
2023-11-05 23:00:00+00:00,GLE.PA,20.24971389770508,2717768,20.079876041412355,47.4848927647083
2023-11-06 23:00:00+00:00,GLE.PA,20.07216453552246,2176795,20.027312660217287,47.01194020383648
2023-11-07 23:00:00+00:00,GLE.PA,20.016098022460938,2328732,19.97217950820923,50.53532685183406
2023-11-08 23:00:00+00:00,GLE.PA,19.98806571960449,2048763,19.921718788146975,60.51281568174265
2023-11-09 23:00:00+00:00,GLE.PA,19.866586685180664,1448564,19.896254730224612,55.334998652752574
2023-11-12 23:00:00+00:00,GLE.PA,20.24036979675293,2756819,19.882705116271975,67.78528577208189
2023-11-13 23:00:00+00:00,GLE.PA,20.58144760131836,3528678,19.893451404571536,71.8750573071272
2023-11-14 23:00:00+00:00,GLE.PA,20.79170036315918,3150500,19.922419738769534,78.81687625915194
2023-11-15 23:00:00+00:00,GLE.PA,20.819734573364254,2433004,19.963769626617434,79.50667414435244
2023-11-16 23:00:00+00:00,GLE.PA,21.123432159423828,3528144,20.039694309234623,81.25002214768008
2023-11-19 23:00:00+00:00,GLE.PA,21.132776260375977,1647038,20.11304922103882,78.8235567210008
2023-11-20 23:00:00+00:00,GLE.PA,20.936542510986328,2100205,20.185002613067628,72.06713763458359
2023-11-21 23:00:00+00:00,GLE.PA,20.94588661193848,1439439,20.255554294586183,67.39138730503859
2023-11-22 23:00:00+00:00,GLE.PA,21.095399856567383,1672318,20.341290950775146,67.03305379529644
2023-11-23 23:00:00+00:00,GLE.PA,21.19818878173828,1279585,20.432867813110352,72.50560746140842
2023-11-26 23:00:00+00:00,GLE.PA,21.01597023010254,1700453,20.511595916748046,72.34530258501877
2023-11-27 23:00:00+00:00,GLE.PA,21.039329528808597,1437061,20.575606250762938,74.60686299512517
2023-11-28 23:00:00+00:00,GLE.PA,21.24958610534668,2366379,20.646625232696532,77.89267351317808
2023-11-29 23:00:00+00:00,GLE.PA,21.5626277923584,4110281,20.714840698242188,84.57151743711364
2023-11-30 23:00:00+00:00,GLE.PA,21.399097442626957,3371471,20.76623592376709,75.83339924495066
2023-12-03 23:00:00+00:00,GLE.PA,21.5626277923584,1489655,20.831881618499757,73.75571587033167
2023-12-04 23:00:00+00:00,GLE.PA,21.78689956665039,3228585,20.917618370056154,73.93267105838932
2023-12-05 23:00:00+00:00,GLE.PA,22.025184631347656,2566687,21.01807270050049,76.32659148072223
2023-12-06 23:00:00+00:00,GLE.PA,22.141992568969727,3048473,21.12576904296875,74.22230568187908
2023-12-07 23:00:00+00:00,GLE.PA,22.46438217163086,4312410,21.25565881729126,77.5629611790392
2023-12-10 23:00:00+00:00,GLE.PA,22.2588005065918,2119075,21.356580352783205,77.26396068449769
2023-12-11 23:00:00+00:00,GLE.PA,22.156007766723636,1783865,21.435308361053465,74.02590222289558
2023-12-12 23:00:00+00:00,GLE.PA,22.109285354614254,2126510,21.50118761062622,70.98640460244236
2023-12-13 23:00:00+00:00,GLE.PA,22.8848876953125,5839625,21.604445266723634,77.30708754784752
2023-12-14 23:00:00+00:00,GLE.PA,22.824146270751957,5149011,21.68948097229004,80.47234456454038
2023-12-17 23:00:00+00:00,GLE.PA,22.604549407958984,2696209,21.76306962966919,74.7414679914761
2023-12-18 23:00:00+00:00,GLE.PA,22.39429473876953,2450981,21.83595724105835,68.09444760344452
2023-12-19 23:00:00+00:00,GLE.PA,22.469053268432617,1834800,21.912115573883057,65.4951639156111
2023-12-20 23:00:00+00:00,GLE.PA,22.46438217163086,1357358,21.980564689636232,69.25672880131063
2023-12-21 23:00:00+00:00,GLE.PA,22.49708747863769,1606949,22.045509624481202,67.73046206048946
2023-12-26 23:00:00+00:00,GLE.PA,22.712011337280277,2257173,22.130311679840087,67.61558314017722
2023-12-27 23:00:00+00:00,GLE.PA,22.45970726013184,2955767,22.20133056640625,58.23005499106606
2023-12-28 23:00:00+00:00,GLE.PA,22.45036125183105,1839163,22.26136932373047,56.08848973640158
2024-01-01 23:00:00+00:00,GLE.PA,23.00169563293457,3722984,22.333322715759277,59.72923221445906
2024-01-02 23:00:00+00:00,GLE.PA,22.370933532714844,5038203,22.38191452026367,51.75949270105317
2024-01-03 23:00:00+00:00,GLE.PA,22.75406265258789,3130382,22.441486263275145,58.62533003159599
2024-01-04 23:00:00+00:00,GLE.PA,22.852182388305664,1867177,22.49475040435791,60.55776503651788
2024-01-07 23:00:00+00:00,GLE.PA,23.06710624694824,1977633,22.54684648513794,53.08054396341067
2024-01-08 23:00:00+00:00,GLE.PA,23.127843856811523,1855696,22.59613904953003,55.134246561207476
2024-01-09 23:00:00+00:00,GLE.PA,22.824146270751957,2141459,22.614127254486085,53.60980993409465
2024-01-10 23:00:00+00:00,GLE.PA,21.99247932434082,7541675,22.600811195373534,44.51533421608544
2024-01-11 23:00:00+00:00,GLE.PA,21.90370750427246,2343125,22.588196182250975,42.31260011121166
2024-01-14 23:00:00+00:00,GLE.PA,21.814929962158203,1844368,22.573478412628173,41.36642271211473
2024-01-15 23:00:00+00:00,GLE.PA,21.6794376373291,2128009,22.513205909729002,39.41960922915024
2024-01-16 23:00:00+00:00,GLE.PA,21.41778564453125,3430291,22.44288787841797,33.45282565192814
2024-01-17 23:00:00+00:00,GLE.PA,21.65607452392578,2519363,22.395464134216308,39.688290659830926
2024-01-18 23:00:00+00:00,GLE.PA,21.623369216918945,2085085,22.35691785812378,39.451791518265566
2024-01-21 23:00:00+00:00,GLE.PA,21.83829498291016,2242511,22.325379943847658,33.76793968699195
2024-01-22 23:00:00+00:00,GLE.PA,21.913049697875977,1795806,22.29781332015991,42.43827947966337
2024-01-23 23:00:00+00:00,GLE.PA,22.127975463867188,2190301,22.279357719421387,39.05227559249451
2024-01-24 23:00:00+00:00,GLE.PA,22.025184631347656,1935636,22.245016384124757,35.56274927261842
2024-01-25 23:00:00+00:00,GLE.PA,22.193389892578125,3157763,22.23170051574707,34.49423711601938
2024-01-28 23:00:00+00:00,GLE.PA,22.109285354614254,2108417,22.21464672088623,32.07242496186318
2024-01-29 23:00:00+00:00,GLE.PA,22.23543739318848,1575167,22.176333808898924,38.947397068376205
2024-01-30 23:00:00+00:00,GLE.PA,22.389623641967773,2913975,22.177268314361573,59.999942368427085
2024-01-31 23:00:00+00:00,GLE.PA,21.492544174194336,6828591,22.114192390441893,42.64213772849965
2024-02-01 23:00:00+00:00,GLE.PA,21.59066390991211,2496063,22.051116466522217,46.00008164487203
2024-02-04 23:00:00+00:00,GLE.PA,21.27294540405273,2968572,21.961408424377442,43.19247386634925
2024-02-05 23:00:00+00:00,GLE.PA,21.0533504486084,4172526,21.857683753967287,43.8096015665448
2024-02-06 23:00:00+00:00,GLE.PA,20.7823543548584,5183596,21.755594158172606,35.32184025167636
2024-02-07 23:00:00+00:00,GLE.PA,20.58144760131836,6925496,21.685042572021484,33.43242733393065
2024-02-08 23:00:00+00:00,GLE.PA,20.33381462097168,5247482,21.606547927856447,26.323562165053445
2024-02-11 23:00:00+00:00,GLE.PA,20.29176521301269,3381932,21.53038969039917,24.220006745100733
2024-02-12 23:00:00+00:00,GLE.PA,20.188974380493164,3342689,21.455866527557372,18.027843526251274
2024-02-13 23:00:00+00:00,GLE.PA,20.21233367919922,2491765,21.395593929290772,19.30384816118155
2024-02-14 23:00:00+00:00,GLE.PA,20.40857315063477,3097884,21.33321886062622,20.062756499917626
2024-02-15 23:00:00+00:00,GLE.PA,20.5627555847168,2892366,21.280188179016115,24.65543099023715
2024-02-18 23:00:00+00:00,GLE.PA,20.487998962402344,1735312,21.212673377990722,20.87226681401775
2024-02-19 23:00:00+00:00,GLE.PA,20.6982536315918,3217634,21.151933574676512,22.324174483180215
2024-02-20 23:00:00+00:00,GLE.PA,20.79170036315918,2288349,21.085119819641115,34.43985967907777
2024-02-21 23:00:00+00:00,GLE.PA,20.99728012084961,3479378,21.03372459411621,37.42569087078905
2024-02-22 23:00:00+00:00,GLE.PA,21.02064514160156,1815990,20.975087356567382,43.89149340190036
2024-02-25 23:00:00+00:00,GLE.PA,20.796371459960938,2886186,20.909441661834716,43.79227950154305
2024-02-26 23:00:00+00:00,GLE.PA,20.866456985473636,1889717,20.840992641448974,52.25002908596595
2024-02-27 23:00:00+00:00,GLE.PA,21.04400634765625,2381873,20.7737117767334,62.531624376813745
2024-02-28 23:00:00+00:00,GLE.PA,20.959901809692383,4995178,20.7470796585083,68.61097755683365
2024-02-29 23:00:00+00:00,GLE.PA,21.24958610534668,2645083,20.73002576828003,74.8182274657411
2024-03-03 23:00:00+00:00,GLE.PA,21.25425720214844,1663177,20.729091358184814,79.08141640658117
2024-03-04 23:00:00+00:00,GLE.PA,21.29630851745605,1877108,20.741239261627197,79.29274550775669
2024-03-05 23:00:00+00:00,GLE.PA,21.286962509155277,2539441,20.76646966934204,76.40420835363953
2024-03-06 23:00:00+00:00,GLE.PA,21.618696212768555,3649693,20.81833209991455,78.67997426341475
2024-03-07 23:00:00+00:00,GLE.PA,21.66074562072754,1758993,20.884678649902344,82.42865355506017
2024-03-10 23:00:00+00:00,GLE.PA,21.684106826782227,2195383,20.95429573059082,80.40313918701634
2024-03-11 23:00:00+00:00,GLE.PA,22.085926055908203,3931046,21.049143314361572,83.53482487484037
2024-03-12 23:00:00+00:00,GLE.PA,22.127975463867188,2367826,21.14492540359497,82.01028545262942
2024-03-13 23:00:00+00:00,GLE.PA,21.931739807128903,3246815,21.22108373641968,73.49375665206263
2024-03-14 23:00:00+00:00,GLE.PA,22.17469787597656,6679280,21.301680850982667,85.20271863351263
2024-03-17 23:00:00+00:00,GLE.PA,22.156007766723636,2871179,21.38508129119873,83.82333518768323
2024-03-18 23:00:00+00:00,GLE.PA,22.45503807067871,3723131,21.472920513153078,84.79245031007154
2024-03-19 23:00:00+00:00,GLE.PA,22.492412567138672,1899346,21.55795612335205,88.67917080267276
2024-03-20 23:00:00+00:00,GLE.PA,22.87554168701172,4181044,21.651869201660155,89.18911215619251
2024-03-21 23:00:00+00:00,GLE.PA,22.917593002319336,3441357,21.746716594696046,89.38046463571843
2024-03-24 23:00:00+00:00,GLE.PA,22.483068466186523,2848157,21.831051445007326,73.69394715316528
2024-03-25 23:00:00+00:00,GLE.PA,22.65127182006836,3047775,21.92029218673706,75.61400254531837
2024-03-26 23:00:00+00:00,GLE.PA,22.65594482421875,2430928,22.000889110565186,72.19996489265733
2024-03-27 23:00:00+00:00,GLE.PA,23.183914184570312,4643755,22.112089729309083,76.98673337041608
2024-04-01 22:00:00+00:00,GLE.PA,23.17456817626953,3187430,22.208338832855226,76.53904385798683
2024-04-02 22:00:00+00:00,GLE.PA,23.604421615600582,3657788,22.32584705352783,76.77095109578349
2024-04-03 22:00:00+00:00,GLE.PA,23.838035583496094,3155434,22.452933406829835,78.24069115929454
2024-04-04 22:00:00+00:00,GLE.PA,23.41285514831543,3173611,22.559228038787843,72.74022707106452
2024-04-07 22:00:00+00:00,GLE.PA,23.4455623626709,1809724,22.65057134628296,70.85882906127941
2024-04-08 22:00:00+00:00,GLE.PA,23.333425521850582,1614018,22.734205341339113,68.74992406551979
2024-04-09 22:00:00+00:00,GLE.PA,23.501628875732425,2193367,22.825081443786623,67.3912009964724
2024-04-10 22:00:00+00:00,GLE.PA,23.576385498046875,5271329,22.899604415893556,67.79134766373392
2024-04-11 22:00:00+00:00,GLE.PA,24.0716495513916,6436122,22.996788120269777,68.93484424395587
2024-04-14 22:00:00+00:00,GLE.PA,23.338098526000977,4343352,23.06710605621338,55.46113450582115
2024-04-15 22:00:00+00:00,GLE.PA,22.73537254333496,4854902,23.0951397895813,53.13952814989989
2024-04-16 22:00:00+00:00,GLE.PA,22.576515197753903,4453750,23.116165161132812,49.067602505678465
2024-04-17 22:00:00+00:00,GLE.PA,23.09046745300293,2728222,23.147936630249024,54.808668542444565
2024-04-18 22:00:00+00:00,GLE.PA,23.127843856811523,2398321,23.179708194732665,49.3039108573994
2024-04-21 22:00:00+00:00,GLE.PA,23.40818214416504,2626394,23.20634021759033,52.71737852321177
2024-04-22 22:00:00+00:00,GLE.PA,23.72589874267578,2574778,23.246755504608153,51.45086107644697
2024-04-23 22:00:00+00:00,GLE.PA,23.62310791015625,3492778,23.30375747680664,47.35020787478602
2024-04-24 22:00:00+00:00,GLE.PA,23.450233459472656,2157539,23.343705558776854,50.49139944403181
2024-04-25 22:00:00+00:00,GLE.PA,23.674503326416016,2394809,23.394633483886718,52.86547719597618
2024-04-28 22:00:00+00:00,GLE.PA,23.908117294311523,2463440,23.43084363937378,56.980698959558374
2024-04-29 22:00:00+00:00,GLE.PA,23.72589874267578,2119153,23.45841016769409,52.71493024608972
2024-05-01 22:00:00+00:00,GLE.PA,24.099685668945312,4191751,23.483173370361328,55.90720715444689
2024-05-02 22:00:00+00:00,GLE.PA,22.852182388305664,14137526,23.433880710601805,38.232661105381005
2024-05-05 22:00:00+00:00,GLE.PA,22.618566513061523,4380307,23.394166278839112,42.31538609459743
2024-05-06 22:00:00+00:00,GLE.PA,23.183914184570312,3581631,23.38108386993408,54.82898694049235
2024-05-07 22:00:00+00:00,GLE.PA,23.31473922729492,2470249,23.380149555206298,57.995962373886165
2024-05-08 22:00:00+00:00,GLE.PA,23.604421615600582,2622649,23.385289192199707,55.851079537854574
2024-05-09 22:00:00+00:00,GLE.PA,24.221162796020508,4199270,23.417528057098387,60.996253077993224
2024-05-12 22:00:00+00:00,GLE.PA,24.53887939453125,3820625,23.44088954925537,61.28732526200464
2024-05-13 22:00:00+00:00,GLE.PA,25.468664169311523,7397648,23.547417831420898,65.5029025386991
2024-05-14 22:00:00+00:00,GLE.PA,25.636865615844727,3848408,23.692492485046387,67.70746783926053
2024-05-15 22:00:00+00:00,GLE.PA,25.478008270263672,2387188,23.837567138671876,67.87478714446738
2024-05-16 22:00:00+00:00,GLE.PA,25.44530296325684,2384981,23.95530891418457,66.15516112720313
2024-05-19 22:00:00+00:00,GLE.PA,26.01999282836914,3374365,24.09991636276245,68.13803655354194
2024-05-20 22:00:00+00:00,GLE.PA,25.646211624145508,3553998,24.211817836761476,65.96737557923146
2024-05-21 22:00:00+00:00,GLE.PA,25.463991165161133,1482111,24.29872245788574,61.71747045523722
2024-05-22 22:00:00+00:00,GLE.PA,25.646211624145508,1894029,24.399877643585206,79.37132426360965
2024-05-23 22:00:00+00:00,GLE.PA,25.52005958557129,2330745,24.503368949890138,81.20605930311947
2024-05-26 22:00:00+00:00,GLE.PA,26.085346221923828,3451538,24.623911094665527,81.20581255661905
2024-05-27 22:00:00+00:00,GLE.PA,26.33175277709961,2274891,24.74509286880493,81.66174394761774
2024-05-28 22:00:00+00:00,GLE.PA,26.16265106201172,2596687,24.86693048477173,77.54418059056417
2024-05-29 22:00:00+00:00,GLE.PA,26.45254135131836,1952633,24.98457326889038,75.84400000176733
2024-05-30 22:00:00+00:00,GLE.PA,26.4670352935791,7739331,25.165315914154053,74.0191305480039
2024-06-02 22:00:00+00:00,GLE.PA,26.056358337402344,3006612,25.337205505371095,58.40840160657477
2024-06-03 22:00:00+00:00,GLE.PA,25.53455352783203,3645144,25.45473747253418,48.67068032440346
2024-06-04 22:00:00+00:00,GLE.PA,25.12387466430664,3643560,25.545194244384767,45.68141240525148
2024-06-05 22:00:00+00:00,GLE.PA,25.1335391998291,3722445,25.62165012359619,46.17661836544314
2024-06-06 22:00:00+00:00,GLE.PA,25.14320182800293,2289347,25.667752075195313,37.517358461669644
2024-06-09 22:00:00+00:00,GLE.PA,23.26857185363769,15232204,25.604236698150636,26.28473958202538
2024-06-10 22:00:00+00:00,GLE.PA,22.099348068237305,11738686,25.435770893096922,21.960808374172515
2024-06-11 22:00:00+00:00,GLE.PA,22.563173294067383,8249378,25.282086277008055,25.459370105613985
2024-06-12 22:00:00+00:00,GLE.PA,22.19597625732422,8413715,25.117984676361083,24.5185018178543
2024-06-13 22:00:00+00:00,GLE.PA,21.403608322143555,11578562,24.91589994430542,15.318529411681595
2024-06-16 22:00:00+00:00,GLE.PA,21.65484619140625,5562875,24.697642612457276,15.379100212352583
2024-06-17 22:00:00+00:00,GLE.PA,21.67417335510254,3456432,24.49904069900513,16.020480802135864
2024-06-18 22:00:00+00:00,GLE.PA,21.326305389404297,3855573,24.292156410217284,11.530102325922272
2024-06-19 22:00:00+00:00,GLE.PA,21.65484619140625,3850044,24.09258813858032,15.512453787150378
2024-06-20 22:00:00+00:00,GLE.PA,21.35529327392578,5972263,23.884349822998047,15.763533249507844
2024-06-23 22:00:00+00:00,GLE.PA,21.79496192932129,3263708,23.66983060836792,22.435897976622385
2024-06-24 22:00:00+00:00,GLE.PA,21.52922821044922,3088083,23.4297043800354,22.925763815742982
2024-06-25 22:00:00+00:00,GLE.PA,21.47608184814453,1875649,23.19537591934204,22.631942666350398
2024-06-26 22:00:00+00:00,GLE.PA,21.42293357849121,2834652,22.943895530700683,22.341936460921787
2024-06-27 22:00:00+00:00,GLE.PA,21.181360244750977,4481392,22.67961177825928,29.506646341235054
2024-06-30 22:00:00+00:00,GLE.PA,21.83844566345215,9305636,22.468716144561768,47.151890036653896
2024-07-01 22:00:00+00:00,GLE.PA,21.70799446105957,3075491,22.277388191223146,39.93172543943721
2024-07-02 22:00:00+00:00,GLE.PA,22.18148231506348,4022063,22.130268573760986,49.833525023824436
2024-07-03 22:00:00+00:00,GLE.PA,22.732275009155277,4205087,22.010205364227296,66.15748236047264
2024-07-04 22:00:00+00:00,GLE.PA,22.877220153808597,2644018,21.896906280517577,65.25937383032488
2024-07-07 22:00:00+00:00,GLE.PA,22.587329864501957,3602863,21.86284418106079,60.67798349090799
2024-07-08 22:00:00+00:00,GLE.PA,22.08485221862793,3309430,21.86211938858032,58.560521427295285
2024-07-09 22:00:00+00:00,GLE.PA,22.31676483154297,1819705,21.849798965454102,57.636583848034086
2024-07-10 22:00:00+00:00,GLE.PA,22.490697860717773,2121829,21.86453504562378,63.490234701652
2024-07-11 22:00:00+00:00,GLE.PA,22.809579849243164,2354750,21.93483362197876,62.411351158139524
2024-07-14 22:00:00+00:00,GLE.PA,22.7419376373291,2168642,21.989188194274902,65.59005742101238
2024-07-15 22:00:00+00:00,GLE.PA,22.568002700805664,1689196,22.033879661560057,63.61444144216557
2024-07-16 22:00:00+00:00,GLE.PA,22.83373641967773,2094539,22.10925121307373,66.70481898052013
2024-07-17 22:00:00+00:00,GLE.PA,23.123628616333008,2641210,22.182690334320068,72.73753989030331
2024-07-18 22:00:00+00:00,GLE.PA,22.94969367980957,2049513,22.262410354614257,64.66835116185854
2024-07-21 22:00:00+00:00,GLE.PA,23.142953872680664,1664907,22.329809951782227,68.63235467480578
2024-07-22 22:00:00+00:00,GLE.PA,23.244415283203125,2757509,22.415569305419922,65.27776330889212
2024-07-23 22:00:00+00:00,GLE.PA,23.210596084594727,1783030,22.50229501724243,58.07505696183776
2024-07-24 22:00:00+00:00,GLE.PA,23.113964080810547,2218574,22.586846542358398,54.06300901363299
2024-07-25 22:00:00+00:00,GLE.PA,23.142953872680664,1267037,22.684926223754882,60.473567909730214
2024-07-28 22:00:00+00:00,GLE.PA,22.896547317504883,1952715,22.73783130645752,66.93547231742201
2024-07-29 22:00:00+00:00,GLE.PA,23.089807510375977,1640904,22.80692195892334,66.39342737208946
2024-07-30 22:00:00+00:00,GLE.PA,23.17194366455078,2214632,22.856445026397704,65.03199837714399
2024-07-31 22:00:00+00:00,GLE.PA,21.094392776489254,15387364,22.774550914764404,28.691498608108304
2024-08-01 22:00:00+00:00,GLE.PA,19.8430290222168,9992518,22.622841358184814,22.17070490268209
2024-08-04 22:00:00+00:00,GLE.PA,19.504823684692383,7910871,22.468716049194335,21.492828422465948
2024-08-05 22:00:00+00:00,GLE.PA,19.42751884460449,3920844,22.335849380493165,17.148199261007036
2024-08-06 22:00:00+00:00,GLE.PA,19.80920791625977,4190006,22.210471534729002,18.58972991713044
2024-08-07 22:00:00+00:00,GLE.PA,19.736736297607425,2428630,22.072773456573486,18.954239933946667
2024-08-08 22:00:00+00:00,GLE.PA,19.741567611694336,1338392,21.919372844696046,15.891466640960601
2024-08-11 22:00:00+00:00,GLE.PA,19.82853507995605,2013404,21.773702716827394,15.64626241816336
2024-08-12 22:00:00+00:00,GLE.PA,19.8430290222168,1593155,21.63745403289795,15.999989215974495
2024-08-13 22:00:00+00:00,GLE.PA,19.8671875,1450443,21.48912658691406,16.732683561363316
2024-08-14 22:00:00+00:00,GLE.PA,20.253705978393555,3251478,21.34563045501709,22.416933854452736
2024-08-15 22:00:00+00:00,GLE.PA,20.35033798217773,2156235,21.215662670135497,24.97624054354887
2024-08-18 22:00:00+00:00,GLE.PA,20.35033798217773,1825039,21.07603187561035,22.01380729413276
2024-08-19 22:00:00+00:00,GLE.PA,20.263370513916016,1942346,20.926979637145998,20.315561044130433
2024-08-20 22:00:00+00:00,GLE.PA,20.49528312683105,2040779,20.791213989257812,40.189840604351716
2024-08-21 22:00:00+00:00,GLE.PA,20.533935546875,1505621,20.662212562561034,68.7664229643812
2024-08-22 22:00:00+00:00,GLE.PA,20.751354217529297,1753326,20.542632579803467,86.23596533541809
2024-08-25 22:00:00+00:00,GLE.PA,20.640230178833008,1202844,20.429816722869873,84.5730797506516
2024-08-26 22:00:00+00:00,GLE.PA,20.881805419921875,2756172,20.31941661834717,83.2336157417477
2024-08-27 22:00:00+00:00,GLE.PA,20.896299362182617,1515787,20.20563440322876,87.26710549384009
2024-08-28 22:00:00+00:00,GLE.PA,20.93012046813965,1647066,20.19742078781128,87.50003008937766
2024-08-29 22:00:00+00:00,GLE.PA,21.094392776489254,2055849,20.2599889755249,88.08142870914007
2024-09-01 22:00:00+00:00,GLE.PA,21.0509090423584,1338472,20.337293243408205,85.71431794059718
2024-09-02 22:00:00+00:00,GLE.PA,20.818994522094727,2899673,20.406867027282715,75.06356032228693
2024-09-03 22:00:00+00:00,GLE.PA,20.756183624267575,2077532,20.454215812683106,65.95087158435204
2024-09-04 22:00:00+00:00,GLE.PA,21.258663177490234,5364707,20.530312156677248,72.9267766634316
2024-09-05 22:00:00+00:00,GLE.PA,21.08955955505371,3176350,20.597711753845214,67.19095840707584
2024-09-08 22:00:00+00:00,GLE.PA,21.306978225708008,2506286,20.671633911132812,72.88130348126384
2024-09-09 22:00:00+00:00,GLE.PA,21.07023429870605,2544712,20.732994174957277,62.57926724432919
2024-09-10 22:00:00+00:00,GLE.PA,21.055740356445312,2985865,20.79242181777954,61.53846153846153
2024-09-11 22:00:00+00:00,GLE.PA,21.36012458801269,2956382,20.847742748260497,62.96293287823559
2024-09-12 22:00:00+00:00,GLE.PA,21.39877700805664,2530005,20.900164699554445,66.66661078958506
2024-09-15 22:00:00+00:00,GLE.PA,21.524394989013672,1221064,20.95886754989624,64.87688775059613
2024-09-16 22:00:00+00:00,GLE.PA,21.85293960571289,3056903,21.038346004486083,69.33589729157495
2024-09-17 22:00:00+00:00,GLE.PA,21.82394790649414,1994863,21.10477924346924,68.10164544611065
2024-09-18 22:00:00+00:00,GLE.PA,22.11384010314941,3171805,21.18377447128296,69.64607338772402
2024-09-19 22:00:00+00:00,GLE.PA,21.87226676940918,3872369,21.239820098876955,64.70585422958766
2024-09-22 22:00:00+00:00,GLE.PA,21.258663177490234,5968514,21.270741748809815,56.92541939236402
2024-09-23 22:00:00+00:00,GLE.PA,21.645183563232425,3748046,21.308910655975343,62.70718714046587
2024-09-24 22:00:00+00:00,GLE.PA,21.403608322143555,2468498,21.334276103973387,52.238800693620774
2024-09-25 22:00:00+00:00,GLE.PA,21.94956970214844,4104127,21.385248565673827,61.89840101374159
2024-09-26 22:00:00+00:00,GLE.PA,22.123504638671875,2826568,21.43670415878296,61.43437510850897
2024-09-29 22:00:00+00:00,GLE.PA,21.59687042236328,4453339,21.464002227783205,56.821039639793696
2024-09-30 22:00:00+00:00,GLE.PA,21.32147216796875,4416047,21.489126110076903,53.22389551727649
2024-10-01 22:00:00+00:00,GLE.PA,21.37944984436035,1694651,21.520289421081543,50.249366001953234
2024-10-02 22:00:00+00:00,GLE.PA,21.09922218322754,2621235,21.512317371368407,46.361493591671234
2024-10-03 22:00:00+00:00,GLE.PA,21.65968132019043,4947528,21.540823459625244,51.48624019304422
2024-10-06 22:00:00+00:00,GLE.PA,21.925411224365234,2523091,21.571745109558105,50.80730698232576
2024-10-07 22:00:00+00:00,GLE.PA,21.978559494018555,1992508,21.617161369323732,51.71309608393518
2024-10-08 22:00:00+00:00,GLE.PA,22.133167266845703,2882209,21.67103271484375,50.220763200584976
2024-10-09 22:00:00+00:00,GLE.PA,22.24912452697754,2206395,21.715482711791992,54.4318107390583
2024-10-10 22:00:00+00:00,GLE.PA,22.355417251586918,1817515,21.763314723968506,64.64516083023418
2024-10-13 22:00:00+00:00,GLE.PA,22.29260635375977,1460730,21.80172529220581,59.46326612543489
2024-10-14 22:00:00+00:00,GLE.PA,22.331260681152344,2410701,21.825641345977782,64.41441307939121
2024-10-15 22:00:00+00:00,GLE.PA,22.39406967163086,2380268,21.85414743423462,58.1272057695258
2024-10-16 22:00:00+00:00,GLE.PA,22.727445602416992,3300254,21.884827709198,60.434064242984235
2024-10-17 22:00:00+00:00,GLE.PA,23.147785186767575,4578667,21.948603630065918,77.81622108313877
2024-10-20 22:00:00+00:00,GLE.PA,23.036659240722656,2373983,22.03750343322754,82.68870894336378
2024-10-21 22:00:00+00:00,GLE.PA,23.11879539489746,1770649,22.11118402481079,82.8466643230098
2024-10-22 22:00:00+00:00,GLE.PA,23.04632377624512,1429098,22.19331979751587,89.90095526961767
2024-10-23 22:00:00+00:00,GLE.PA,23.041492462158203,2205722,22.247915935516357,86.66661268069709
2024-10-24 22:00:00+00:00,GLE.PA,22.920703887939453,1662264,22.287775897979735,78.61106237389257
2024-10-27 23:00:00+00:00,GLE.PA,23.041492462158203,2111582,22.36000699996948,79.41170571986208
2024-10-28 23:00:00+00:00,GLE.PA,22.9931755065918,1855472,22.443592166900636,75.2839660137993
2024-10-29 23:00:00+00:00,GLE.PA,22.9013786315918,2831384,22.519688606262207,69.45240497890212
2024-10-30 23:00:00+00:00,GLE.PA,25.49590110778809,15267248,22.739522552490236,87.70298478890695
2024-10-31 23:00:00+00:00,GLE.PA,26.35591125488281,8269910,22.974334049224854,90.94449356140699
2024-11-03 23:00:00+00:00,GLE.PA,26.273775100708008,3383211,23.191752243041993,89.38222312489799
2024-11-04 23:00:00+00:00,GLE.PA,25.872758865356445,3033060,23.386462211608887,82.54970793631543
2024-11-05 23:00:00+00:00,GLE.PA,26.16265106201172,5406152,23.587936401367188,82.40654206448296
2024-11-06 23:00:00+00:00,GLE.PA,25.887256622314453,3948930,23.769843006134032,76.56983954560131
2024-11-07 23:00:00+00:00,GLE.PA,25.65534019470215,2411764,23.934839153289794,74.81683045008725
2024-11-10 23:00:00+00:00,GLE.PA,25.925905227661133,2075880,24.116504096984862,75.68521409144478
2024-11-11 23:00:00+00:00,GLE.PA,25.55388069152832,2938726,24.277635097503662,71.7518818688046
2024-11-12 23:00:00+00:00,GLE.PA,24.9837589263916,3067176,24.4071195602417,65.34347726640576
2024-11-13 23:00:00+00:00,GLE.PA,25.32196807861328,3453742,24.536845684051514,68.33947002093606
2024-11-14 23:00:00+00:00,GLE.PA,25.230167388916016,2196481,24.640964794158936,66.79018039520494
2024-11-17 23:00:00+00:00,GLE.PA,25.650508880615234,2135466,24.771657276153565,69.28469314647091
2024-11-18 23:00:00+00:00,GLE.PA,25.27848243713379,2956445,24.879641628265382,66.57678778590702
2024-11-19 23:00:00+00:00,GLE.PA,25.645679473876957,2821816,25.009609413146972,51.515162039582876
2024-11-20 23:00:00+00:00,GLE.PA,25.7423095703125,2304538,25.144650268554688,42.65898787025216
2024-11-21 23:00:00+00:00,GLE.PA,25.0755615234375,3247120,25.25239315032959,37.42398345322618
2024-11-24 23:00:00+00:00,GLE.PA,24.930614471435547,3169614,25.346849250793458,39.54987596222889
2024-11-25 23:00:00+00:00,GLE.PA,24.57791328430176,2591174,25.426086139678954,32.663877115063386
2024-11-26 23:00:00+00:00,GLE.PA,23.722734451293945,4514296,25.46715393066406,28.986885516667243
2024-11-27 23:00:00+00:00,GLE.PA,24.152742385864254,2648341,25.39999599456787,35.953089594936614
2024-11-28 23:00:00+00:00,GLE.PA,24.24936866760254,2629595,25.294668865203857,33.80020346779901
2024-12-01 23:00:00+00:00,GLE.PA,23.61644172668457,4738280,25.161802196502684,32.177792562710806
2024-12-02 23:00:00+00:00,GLE.PA,23.457000732421875,2686962,25.04101428985596,34.80771763791297
2024-12-03 23:00:00+00:00,GLE.PA,23.732398986816406,2614703,24.91950168609619,33.982483965032515
2024-12-04 23:00:00+00:00,GLE.PA,24.751848220825195,4792048,24.86273126602173,45.939303536400814
2024-12-05 23:00:00+00:00,GLE.PA,25.06106376647949,3737986,24.833017444610597,44.899664806682054
2024-12-08 23:00:00+00:00,GLE.PA,25.84377098083496,3666250,24.828910732269286,54.566752236579745
2024-12-09 23:00:00+00:00,GLE.PA,25.7761287689209,1922582,24.840023136138917,51.10745089555635
2024-12-10 23:00:00+00:00,GLE.PA,25.925905227661133,2963606,24.887130451202392,51.54469864278605
2024-12-11 23:00:00+00:00,GLE.PA,26.389732360839844,3491999,24.94051866531372,61.44778974204242
2024-12-12 23:00:00+00:00,GLE.PA,26.259279251098636,1962764,24.99197425842285,61.603347133139465
2024-12-15 23:00:00+00:00,GLE.PA,26.143325805664062,1884058,25.016615104675292,64.26057188450547
2024-12-16 23:00:00+00:00,GLE.PA,25.790624618530277,2356380,25.042222213745116,70.73644137365422
2024-12-17 23:00:00+00:00,GLE.PA,26.03219985961914,2072513,25.061548233032227,69.58709503520954
2024-12-18 23:00:00+00:00,GLE.PA,25.867929458618164,2199883,25.06782922744751,66.63359256840303
2024-12-19 23:00:00+00:00,GLE.PA,25.785791397094727,4182967,25.103340721130373,75.13993844565105
2024-12-22 23:00:00+00:00,GLE.PA,25.718149185180664,1413405,25.14271745681763,76.77341315493625
2024-12-23 23:00:00+00:00,GLE.PA,25.602195739746094,522107,25.193931579589844,73.00832448498883
2024-12-26 23:00:00+00:00,GLE.PA,25.877592086791992,1621461,25.301674461364748,66.9577944242302
2024-12-29 23:00:00+00:00,GLE.PA,25.969388961791992,1254077,25.392506790161132,64.64174723013755
2024-12-30 23:00:00+00:00,GLE.PA,26.244787216186523,564975,25.492277717590333,57.72812616244622
2025-01-01 23:00:00+00:00,GLE.PA,26.167482376098636,1835448,25.619829750061037,57.51393055523013
2025-01-02 23:00:00+00:00,GLE.PA,25.631183624267575,2232616,25.72853889465332,45.072713972575066
2025-01-05 23:00:00+00:00,GLE.PA,26.42838287353516,3464544,25.86333808898926,50.581371329419326
2025-01-06 23:00:00+00:00,GLE.PA,26.1336612701416,2553343,25.932428741455077,48.199464158783925
2025-01-07 23:00:00+00:00,GLE.PA,26.65546417236328,2756263,26.012148761749266,56.575656737924895
2025-01-08 23:00:00+00:00,GLE.PA,26.48153114318848,1914148,26.044036769866942,59.297797280842055
2025-01-09 23:00:00+00:00,GLE.PA,26.336584091186523,2177575,26.072059535980223,54.20559269907947
2025-01-12 23:00:00+00:00,GLE.PA,26.317258834838867,2097255,26.091627216339113,56.46729647252347
2025-01-13 23:00:00+00:00,GLE.PA,26.926029205322266,3670021,26.118442058563232,64.25122615569967
2025-01-14 23:00:00+00:00,GLE.PA,27.75221824645996,3871939,26.1930890083313,71.37059507692251
2025-01-15 23:00:00+00:00,GLE.PA,27.75221824645996,2589949,26.273533630371094,73.15295937703978
2025-01-16 23:00:00+00:00,GLE.PA,27.77154541015625,2419775,26.372579669952394,71.58590279640646
2025-01-19 23:00:00+00:00,GLE.PA,28.47211456298828,3433135,26.494575405120848,75.04836343186219
2025-01-20 23:00:00+00:00,GLE.PA,28.33199882507324,2550868,26.617778873443605,71.47114316031357
2025-01-21 23:00:00+00:00,GLE.PA,28.33199882507324,2525236,26.74508924484253,72.62624143961918
2025-01-22 23:00:00+00:00,GLE.PA,28.974592208862305,3799789,26.907911396026613,84.18972008224674
2025-01-23 23:00:00+00:00,GLE.PA,29.051897048950195,2208715,27.080396461486817,81.46002577226436
2025-01-26 23:00:00+00:00,GLE.PA,29.254817962646484,2782293,27.24925775527954,88.27011596671744
2025-01-27 23:00:00+00:00,GLE.PA,29.62684631347656,3136037,27.43213062286377,87.82285851911408
2025-01-28 23:00:00+00:00,GLE.PA,29.92156791687012,2742807,27.61596965789795,92.48204211153096
2025-01-29 23:00:00+00:00,GLE.PA,30.00853538513184,3210310,27.80802230834961,96.00481947058462
2025-01-30 23:00:00+00:00,GLE.PA,30.196964263916016,3855468,28.03631134033203,96.63178213713395
2025-02-02 23:00:00+00:00,GLE.PA,29.47706794738769,3768825,28.18874559402466,79.8642144951896
2025-02-03 23:00:00+00:00,GLE.PA,29.8346004486084,2612476,28.373792552947997,77.38242617714265
2025-02-04 23:00:00+00:00,GLE.PA,29.84426498413086,3094467,28.533232593536376,77.43976727977201
2025-02-05 23:00:00+00:00,GLE.PA,33.77711868286133,13136386,28.89801197052002,88.86801871797562
2025-02-06 23:00:00+00:00,GLE.PA,34.8835334777832,6777584,29.325359439849855,89.42362318792979
2025-02-09 23:00:00+00:00,GLE.PA,34.07666778564453,5811433,29.713329887390138,82.6468683682988
2025-02-10 23:00:00+00:00,GLE.PA,35.3183708190918,5508245,30.132946968078613,84.79304957998949
2025-02-11 23:00:00+00:00,GLE.PA,36.10590744018555,5776275,30.55063142776489,85.00946385709246
2025-02-12 23:00:00+00:00,GLE.PA,35.492305755615234,4408432,30.937635803222655,80.0360365296836
2025-02-13 23:00:00+00:00,GLE.PA,35.68073272705078,2597395,31.333095169067384,80.00901063960931
2025-02-16 23:00:00+00:00,GLE.PA,35.74837112426758,2603107,31.696907997131348,79.42403575064321
2025-02-17 23:00:00+00:00,GLE.PA,36.71950912475586,5179739,32.11628351211548,80.68031663726389
2025-02-18 23:00:00+00:00,GLE.PA,36.48759460449219,3551503,32.52406330108643,78.86351165036679
2025-02-19 23:00:00+00:00,GLE.PA,36.20737075805664,3058833,32.885702228546144,76.55849928546552
2025-02-20 23:00:00+00:00,GLE.PA,36.5600700378418,3252367,33.261110877990724,82.3477526286072
2025-02-23 23:00:00+00:00,GLE.PA,36.57456588745117,2508202,33.62709827423096,81.77677037398337
2025-02-24 23:00:00+00:00,GLE.PA,37.39591979980469,4526515,34.01555194854736,83.07236248368201
2025-02-25 23:00:00+00:00,GLE.PA,38.04817581176758,3340623,34.42188234329224,76.247026312853
2025-02-26 23:00:00+00:00,GLE.PA,38.12548065185547,4443067,34.82772960662842,72.80761784532116
2025-02-27 23:00:00+00:00,GLE.PA,37.98053741455078,5841333,35.21690826416015,80.28492288024242
2025-03-02 23:00:00+00:00,GLE.PA,38.2510986328125,3911081,35.6556097984314,76.78733324924512
2025-03-03 23:00:00+00:00,GLE.PA,37.17367172241211,4546314,36.02256336212158,59.26237959912481
2025-03-04 23:00:00+00:00,GLE.PA,39.09661483764648,5175611,36.48518085479736,75.47817692519264
2025-03-05 23:00:00+00:00,GLE.PA,40.599212646484375,5078396,36.82628555297852,79.32030825039159
2025-03-06 23:00:00+00:00,GLE.PA,40.65719604492188,3998321,37.11496868133545,79.2964760511447
2025-03-09 23:00:00+00:00,GLE.PA,38.52166748046875,5594325,37.33721866607666,59.44306457203233
2025-03-10 23:00:00+00:00,GLE.PA,38.19794845581055,4271894,37.4811975479126,58.87662071546086
2025-03-11 23:00:00+00:00,GLE.PA,38.35255813598633,3524004,37.593530082702635,61.280458449411356
2025-03-12 23:00:00+00:00,GLE.PA,38.44919204711914,2778330,37.74137439727783,60.20886845739964
2025-03-13 23:00:00+00:00,GLE.PA,39.62325286865234,2907797,37.93850040435791,64.64036538125453
2025-03-16 23:00:00+00:00,GLE.PA,40.30449295043945,2624615,38.166306495666504,64.15803806820901
2025-03-17 23:00:00+00:00,GLE.PA,41.30461502075195,2677855,38.39556179046631,65.33210435492282
2025-03-18 23:00:00+00:00,GLE.PA,41.4254035949707,2355253,38.642452239990234,65.47347799847097
2025-03-19 23:00:00+00:00,GLE.PA,40.874610900878906,3289511,38.875814247131345,63.07286759298252
2025-03-20 23:00:00+00:00,GLE.PA,40.92292404174805,6036244,39.09395694732666,62.316237563800954
2025-03-23 23:00:00+00:00,GLE.PA,41.41574096679688,2127625,39.336015701293945,70.66852132641874
2025-03-24 23:00:00+00:00,GLE.PA,42.4255256652832,2587026,39.587495994567874,67.80358269319751
2025-03-25 23:00:00+00:00,GLE.PA,42.41103363037109,2412206,39.80563888549805,61.524280287516106
2025-03-26 23:00:00+00:00,GLE.PA,41.89406204223633,3124962,39.99406795501709,57.43320166620429
2025-03-27 23:00:00+00:00,GLE.PA,41.10652542114258,2992606,40.15036735534668,68.53773479088025
2025-03-30 22:00:00+00:00,GLE.PA,39.99527359008789,5417491,40.23757610321045,61.58157676870768
2025-03-31 22:00:00+00:00,GLE.PA,40.02909851074219,3501984,40.380347442626956,60.974090863010325
2025-04-01 22:00:00+00:00,GLE.PA,39.343021392822266,3788676,40.39266777038574,55.431583632368074
2025-04-02 22:00:00+00:00,GLE.PA,37.2751350402832,6865958,40.226463890075685,37.129226501107624
2025-04-03 22:00:00+00:00,GLE.PA,33.38093185424805,13263669,39.86265068054199,21.934987057408208
2025-04-06 22:00:00+00:00,GLE.PA,32.79631805419922,7247782,39.57638320922852,14.308899064100316
2025-04-07 22:00:00+00:00,GLE.PA,33.89790725708008,5517532,39.361381149291994,20.824006164950276
2025-04-08 22:00:00+00:00,GLE.PA,33.20216751098633,3935108,39.10386161804199,20.59262595055992
2025-04-09 22:00:00+00:00,GLE.PA,34.951175689697266,5613169,38.9289608001709,29.751014222658668
2025-04-10 22:00:00+00:00,GLE.PA,35.82085037231445,3322067,38.738840675354005,31.501624619448535
2025-04-13 22:00:00+00:00,GLE.PA,37.086708068847656,3224054,38.577951431274414,32.64219915409899
2025-04-14 22:00:00+00:00,GLE.PA,38.92267990112305,3493667,38.45885467529297,39.859558729108976
2025-04-15 22:00:00+00:00,GLE.PA,38.65211486816406,2218711,38.320190238952634,40.43887760986622
2025-04-16 22:00:00+00:00,GLE.PA,38.17862701416016,1842589,38.1853910446167,41.20209692272672
2025-04-21 22:00:00+00:00,GLE.PA,39.048301696777344,1836579,38.09165992736816,47.11256912873082
2025-04-22 22:00:00+00:00,GLE.PA,40.47842788696289,3823503,38.04479427337647,51.26255301770848
2025-04-23 22:00:00+00:00,GLE.PA,40.47842788696289,1905388,37.94743938446045,53.318272304355276
2025-04-24 22:00:00+00:00,GLE.PA,41.36742782592773,1951753,37.895259094238284,62.84500359928789
2025-04-27 22:00:00+00:00,GLE.PA,41.8602409362793,1928597,37.89356803894043,83.84110211036455
2025-04-28 22:00:00+00:00,GLE.PA,42.46900939941406,3032061,37.961692237854,88.52962950356546
2025-04-29 22:00:00+00:00,GLE.PA,44.06340789794922,8405972,38.16509895324707,88.96295016128654
2025-05-01 22:00:00+00:00,GLE.PA,44.89442825317383,4136174,38.408365440368655,94.35483917648827
2025-05-04 22:00:00+00:00,GLE.PA,44.88476943969727,2407174,38.6854528427124,93.4121967435252
2025-05-05 22:00:00+00:00,GLE.PA,43.81217193603516,3074453,39.0123046875,84.31536740566169
2025-05-06 22:00:00+00:00,GLE.PA,43.87015151977539,2474710,39.53676567077637,82.50001553503964
2025-05-07 22:00:00+00:00,GLE.PA,44.99106597900391,2047911,40.1465030670166,81.21275217272054
2025-05-08 22:00:00+00:00,GLE.PA,45.22297286987305,2141570,40.71275634765625,83.9321573937749
2025-05-11 22:00:00+00:00,GLE.PA,45.870399475097656,2760670,41.346167945861815,89.01963258282682
2025-05-12 22:00:00+00:00,GLE.PA,45.62882232666016,1866773,41.88005027770996,85.65445861584047
2025-05-13 22:00:00+00:00,GLE.PA,46.45017623901367,2831750,42.41151657104492,84.64126136077988
2025-05-14 22:00:00+00:00,GLE.PA,46.34388732910156,1928900,42.87437553405762,83.61023541668226
2025-05-15 22:00:00+00:00,GLE.PA,46.69175338745117,3464728,43.26282920837402,82.52660407469288
2025-05-18 22:00:00+00:00,GLE.PA,47.29085922241211,1900793,43.694766426086424,82.7506211465907
2025-05-19 22:00:00+00:00,GLE.PA,47.580753326416016,2571338,44.16487274169922,82.06065721795639
2025-05-20 22:00:00+00:00,GLE.PA,47.71603775024414,2347643,44.59825954437256,78.0416104623002
2025-05-21 22:00:00+00:00,GLE.PA,47.61940383911133,2442768,44.95530834197998,73.5786204875113
2025-05-22 22:00:00+00:00,GLE.PA,46.35354995727539,4133517,45.249064445495605,60.439564014966635
2025-05-25 22:00:00+00:00,GLE.PA,48.20254898071289,2486302,45.590820503234866,78.10350410157312
2025-05-26 22:00:00+00:00,GLE.PA,47.72793960571289,1812074,45.884205436706544,73.44386200961964
2025-05-27 22:00:00+00:00,GLE.PA,47.17422866821289,1638264,46.119466400146486,64.24945858316855
2025-05-28 22:00:00+00:00,GLE.PA,47.78726959228516,1178187,46.305659484863284,65.94385667641815
2025-05-29 22:00:00+00:00,GLE.PA,47.31265640258789,4002786,46.426570892333984,59.16436514642711
2025-06-01 22:00:00+00:00,GLE.PA,47.85647964477539,1869384,46.57515640258789,63.63135557019395
2025-06-02 22:00:00+00:00,GLE.PA,47.78726959228516,1717982,46.77391128540039,59.01135781089241
2025-06-03 22:00:00+00:00,GLE.PA,47.27310562133789,1732026,46.94405899047852,55.936124802668544
2025-06-04 22:00:00+00:00,GLE.PA,48.40030288696289,1987740,47.11452083587646,59.92634021971162
2025-06-05 22:00:00+00:00,GLE.PA,48.78592300415039,1815079,47.29266834259033,58.90697809719991
2025-06-08 22:00:00+00:00,GLE.PA,48.46951675415039,996446,47.42262420654297,55.27821501617102
2025-06-09 22:00:00+00:00,GLE.PA,47.07535171508789,2271006,47.494950675964354,46.69000355532152
2025-06-10 22:00:00+00:00,GLE.PA,47.47085952758789,1773710,47.54598484039307,49.25556035619927
2025-06-11 22:00:00+00:00,GLE.PA,48.27176284790039,1908313,47.642378616333005,60.083151995623815
2025-06-12 22:00:00+00:00,GLE.PA,47.89603042602539,2646182,47.70259246826172,48.09348274425355
2025-06-15 22:00:00+00:00,GLE.PA,49.43851089477539,3091341,47.80997505187988,59.391957386665894
2025-06-16 22:00:00+00:00,GLE.PA,47.49063491821289,2579472,47.80546913146973,51.50659024247413
2025-06-17 22:00:00+00:00,GLE.PA,48.27176284790039,2001252,47.83325538635254,52.27060225567429
2025-06-18 22:00:00+00:00,GLE.PA,46.91714859008789,1615502,47.79814262390137,48.28767123287672
2025-06-19 22:00:00+00:00,GLE.PA,47.16434097290039,3083528,47.83868217468262,46.92442882249561
2025-06-22 22:00:00+00:00,GLE.PA,46.48208618164063,2553100,47.75265903472901,44.49997138633527
2025-06-23 22:00:00+00:00,GLE.PA,47.46097183227539,2926181,47.73931064605713,50.76182791673602
2025-06-24 22:00:00+00:00,GLE.PA,46.95669937133789,1787437,47.72843418121338,43.834463477498666
2025-06-25 22:00:00+00:00,GLE.PA,46.86771011352539,2521209,47.68245620727539,41.594459693029805
2025-06-26 22:00:00+00:00,GLE.PA,48.31131362915039,1996590,47.73238906860352,49.36908555742642
2025-06-29 22:00:00+00:00,GLE.PA,48.00479507446289,1972902,47.73980484008789,54.05871922994145
2025-06-30 22:00:00+00:00,GLE.PA,47.41153335571289,1696356,47.72101802825928,49.745331236420775
2025-07-01 22:00:00+00:00,GLE.PA,47.88614273071289,1720288,47.75166988372803,48.29694437911452
2025-07-02 22:00:00+00:00,GLE.PA,48.81558609008789,1496905,47.772434043884275,53.87177103457315
2025-07-03 22:00:00+00:00,GLE.PA,48.034461975097656,1299412,47.73486099243164,43.683293351534225
2025-07-06 22:00:00+00:00,GLE.PA,49.39896011352539,4902858,47.78133316040039,59.06103286384978
2025-07-07 22:00:00+00:00,GLE.PA,49.42862701416016,2099587,47.898996925354005,55.91508292019201
2025-07-08 22:00:00+00:00,GLE.PA,51.416053771972656,2971904,48.09625663757324,71.60494867510062
2025-07-09 22:00:00+00:00,GLE.PA,50.05154800415039,1836246,48.18524589538574,62.52143253722198
2025-07-10 22:00:00+00:00,GLE.PA,49.497840881347656,2131997,48.265336418151854,63.226399462486455
2025-07-13 22:00:00+00:00,GLE.PA,49.75491714477539,1111906,48.28115673065186,60.74074841445789
2025-07-14 22:00:00+00:00,GLE.PA,48.73648452758789,1887191,48.34344921112061,57.95053545465762
2025-07-15 22:00:00+00:00,GLE.PA,48.509071350097656,1920339,48.35531463623047,57.24260704430235
2025-07-16 22:00:00+00:00,GLE.PA,49.08255386352539,1153445,48.463584899902344,53.68620575481014
2025-07-17 22:00:00+00:00,GLE.PA,49.29019546508789,1099511,48.56987762451172,56.202299209398284
2025-07-20 22:00:00+00:00,GLE.PA,49.61648941040039,1050696,48.72659778594971,60.920682519985434
2025-07-21 22:00:00+00:00,GLE.PA,48.88479995727539,1025771,48.79778919219971,54.82331178928595
2025-07-22 22:00:00+00:00,GLE.PA,49.59671401977539,1670206,48.92978992462158,53.853664338549144
2025-07-23 22:00:00+00:00,GLE.PA,50.466835021972656,1770148,49.10974617004395,61.8955601341131
2025-07-24 22:00:00+00:00,GLE.PA,50.34817886352539,1047511,49.2115894317627,55.286343612334804
2025-07-27 22:00:00+00:00,GLE.PA,50.24930191040039,1365849,49.32381477355957,54.535499955938356
2025-07-28 22:00:00+00:00,GLE.PA,51.079872131347656,1596211,49.50723171234131,47.86967418546366
2025-07-29 22:00:00+00:00,GLE.PA,51.772010803222656,1617100,49.701525115966795,61.91784094254236
2025-07-30 22:00:00+00:00,GLE.PA,55.331581115722656,4607061,50.02732486724854,78.52998065764024
2025-07-31 22:00:00+00:00,GLE.PA,53.373817443847656,2756688,50.29429264068604,65.17414049411491
2025-08-03 22:00:00+00:00,GLE.PA,54.184608459472656,1981532,50.5335750579834,73.248953857063
2025-08-04 22:00:00+00:00,GLE.PA,54.382362365722656,1867790,50.78126182556152,75.12688715056666
2025-08-05 22:00:00+00:00,GLE.PA,54.95585250854492,1542299,50.958251762390134,75.12690338761543
2025-08-06 22:00:00+00:00,GLE.PA,56.003944396972656,1926682,51.25587158203125,76.79557085772002
2025-08-07 22:00:00+00:00,GLE.PA,56.91361618041992,1897124,51.62666034698486,77.82805100733316
2025-08-10 22:00:00+00:00,GLE.PA,56.93339157104492,1547484,51.98558406829834,82.45613117513933
2025-08-11 22:00:00+00:00,GLE.PA,57.70463180541992,1546460,52.43399143218994,82.5396733053188
2025-08-12 22:00:00+00:00,GLE.PA,57.07181930541992,1716540,52.862128829956056,77.02264402420316
2025-08-13 22:00:00+00:00,GLE.PA,57.84305953979492,1399752,53.30015411376953,79.10907536063027
2025-08-14 22:00:00+00:00,GLE.PA,58.11991500854492,1552726,53.74164009094238,80.15152675392423
2025-08-17 22:00:00+00:00,GLE.PA,57.111366271972656,1640768,54.116383934020995,72.79520359574613
2025-08-18 22:00:00+00:00,GLE.PA,57.66508102416992,1053601,54.55539798736572,72.50754776413969
2025-08-19 22:00:00+00:00,GLE.PA,56.775184631347656,1651680,54.91432151794434,56.925986064278845
2025-08-20 22:00:00+00:00,GLE.PA,57.21024703979492,1445996,55.25149211883545,71.55553078804272
2025-08-21 22:00:00+00:00,GLE.PA,57.19047164916992,1207000,55.59360675811767,68.53656528397583
2025-08-24 22:00:00+00:00,GLE.PA,55.193153381347656,2650775,55.84079933166504,54.09180691439594
2025-08-25 22:00:00+00:00,GLE.PA,51.416053771972656,8260436,55.85760841369629,36.50075923837
2025-08-26 22:00:00+00:00,GLE.PA,51.416053771972656,3685409,55.83981056213379,30.983642638807993
2025-08-27 22:00:00+00:00,GLE.PA,51.712684631347656,2492446,55.658865737915036,27.28844949977362
2025-08-28 22:00:00+00:00,GLE.PA,52.127967834472656,2539233,55.59657325744629,29.71621021498953
2025-08-31 22:00:00+00:00,GLE.PA,52.602577209472656,2177200,55.51747169494629,27.910978869752583
2025-09-01 22:00:00+00:00,GLE.PA,51.910438537597656,2923685,55.39387550354004,27.768333556248365
2025-09-02 22:00:00+00:00,GLE.PA,52.226844787597656,2648836,55.25742511749267,24.822720990388817
2025-09-03 22:00:00+00:00,GLE.PA,53.47269821166992,2331733,55.13086280822754,30.832010090005724
2025-09-04 22:00:00+00:00,GLE.PA,52.444374084472656,2111572,54.90740070343018,30.781795184515644
2025-09-07 22:00:00+00:00,GLE.PA,53.156288146972656,2302225,54.718545532226564,31.672038637251035
2025-09-08 22:00:00+00:00,GLE.PA,53.709999084472656,2546754,54.518813896179196,37.19009898212047
2025-09-09 22:00:00+00:00,GLE.PA,55.193153381347656,2275329,54.42488059997559,42.249232280146295
2025-09-10 22:00:00+00:00,GLE.PA,56.953163146972656,2275391,54.38038578033447,49.19569815065782
2025-09-11 22:00:00+00:00,GLE.PA,56.616981506347656,1618932,54.30523910522461,55.438063296044945
2025-09-14 22:00:00+00:00,GLE.PA,58.19901657104492,1861999,54.359621620178224,81.12521167474856
2025-09-15 22:00:00+00:00,GLE.PA,56.122596740722656,2104065,54.28249740600586,68.14022256541872
2025-09-16 22:00:00+00:00,GLE.PA,55.94462203979492,1531726,54.240969276428224,66.4615386441667
2025-09-17 22:00:00+00:00,GLE.PA,56.75541305541992,1973636,54.218227577209475,67.46268587961303
2025-09-18 22:00:00+00:00,GLE.PA,57.48710250854492,3770784,54.233059120178225,68.08199001602802
2025-09-21 22:00:00+00:00,GLE.PA,56.71586227416992,1109101,54.309194564819336,67.68558866134799
2025-09-22 22:00:00+00:00,GLE.PA,56.20170211791992,1573948,54.548476982116696,64.41894017326779
2025-09-23 22:00:00+00:00,GLE.PA,56.55765914916992,1411393,54.80555725097656,61.963183105175496
2025-09-24 22:00:00+00:00,GLE.PA,55.92484664916992,1541708,55.01616535186768,63.92406164413457
2025-09-25 22:00:00+00:00,GLE.PA,56.71586227416992,1241092,55.24556007385254,64.15095426937921
2025-09-28 22:00:00+00:00,GLE.PA,55.984169006347656,1837052,55.41463966369629,58.91472334988794
2025-09-29 22:00:00+00:00,GLE.PA,55.72709274291992,1582022,55.6054723739624,52.315624697040946
2025-09-30 22:00:00+00:00,GLE.PA,56.18192672729492,1563741,55.803226470947266,46.22825990838501
2025-10-01 22:00:00+00:00,GLE.PA,56.08304977416992,1356327,55.93374404907227,47.3267527935335
2025-10-02 22:00:00+00:00,GLE.PA,56.08304977416992,1520855,56.11567783355713,37.411764705882355
2025-10-05 22:00:00+00:00,GLE.PA,53.709999084472656,4639246,56.14336338043213,36.13636363636364
2025-10-06 22:00:00+00:00,GLE.PA,53.29999923706055,2778486,56.122863388061525,35.19778083717371
2025-10-07 22:00:00+00:00,GLE.PA,54.41999816894531,2275311,56.084205627441406,37.365761929899655
2025-10-08 22:00:00+00:00,GLE.PA,54.36000061035156,1558793,55.95454750061035,31.75704937018223
2025-10-09 22:00:00+00:00,GLE.PA,53.86000061035156,1529234,55.816698455810545,32.79492125826819
2025-10-12 22:00:00+00:00,GLE.PA,53.720001220703125,1603766,55.59274768829346,34.34319756754637
2025-10-13 22:00:00+00:00,GLE.PA,55.02000045776367,2227948,55.53761787414551,41.33161982032198
2025-10-14 22:00:00+00:00,GLE.PA,55.560001373291016,2222446,55.51838684082031,47.92147494825529
2025-10-15 22:00:00+00:00,GLE.PA,56.52000045776367,2290116,55.5066162109375,48.905252672050004
2025-10-16 22:00:00+00:00,GLE.PA,53.63999938964844,3198087,55.31426105499268,39.43480841295352
2025-10-19 22:00:00+00:00,GLE.PA,53.0,2671888,55.12846794128418,38.11906215691677
2025-10-20 22:00:00+00:00,GLE.PA,53.119998931884766,1632128,54.97438278198242,36.25942725045433
2025-10-21 22:00:00+00:00,GLE.PA,52.880001068115234,1421659,54.79049987792969,35.80591808321235
2025-10-22 22:00:00+00:00,GLE.PA,53.58000183105469,2134406,54.67325763702392,39.55587573612438
2025-10-23 22:00:00+00:00,GLE.PA,53.68000030517578,1624137,54.52146453857422,49.84552623225437
2025-10-26 23:00:00+00:00,GLE.PA,53.59999847412109,1355850,54.40225601196289,51.599144173289815
2025-10-27 23:00:00+00:00,GLE.PA,54.2599983215332,1320384,54.328901290893555,49.10313930111452
2025-10-28 23:00:00+00:00,GLE.PA,54.959999084472656,2170272,54.26780490875244,53.13806813466044
2025-10-29 23:00:00+00:00,GLE.PA,53.0,4696719,54.11365242004395,46.09799967183901
2025-10-30 23:00:00+00:00,GLE.PA,54.86000061035156,2635532,54.05249996185303,54.474095686037785
2025-11-02 23:00:00+00:00,GLE.PA,54.7599983215332,1485815,54.10499992370605,48.87347436913706
2025-11-03 23:00:00+00:00,GLE.PA,54.58000183105469,1653376,54.16900005340576,45.61717419557802
2025-11-04 23:00:00+00:00,GLE.PA,54.63999938964844,1640478,54.180000114440915,40.85602145434292
2025-11-05 23:00:00+00:00,GLE.PA,55.79999923706055,2318629,54.25200004577637,62.61683075967343
2025-11-06 23:00:00+00:00,GLE.PA,54.63999938964844,1484276,54.29099998474121,59.03083941038521
2025-11-09 23:00:00+00:00,GLE.PA,56.900001525878906,1951165,54.45,66.84493524022906
2025-11-10 23:00:00+00:00,GLE.PA,56.720001220703125,1286155,54.535000038146975,67.20430199413642
2025-11-11 23:00:00+00:00,GLE.PA,58.459999084472656,2343369,54.679999923706056,69.99999374639634
2025-11-12 23:00:00+00:00,GLE.PA,59.15999984741211,2149638,54.81199989318848,71.40624948777253
2025-11-13 23:00:00+00:00,GLE.PA,57.97999954223633,1943311,55.02899990081787,65.75540211992919
2025-11-16 23:00:00+00:00,GLE.PA,58.13999938964844,1339165,55.285999870300294,64.47761839868662
2025-11-17 23:00:00+00:00,GLE.PA,56.47999954223633,2541195,55.45399990081787,55.29248188350454
2025-11-18 23:00:00+00:00,GLE.PA,56.81999969482422,2132855,55.65099983215332,64.99215202259835
2025-11-19 23:00:00+00:00,GLE.PA,57.41999816894531,1868857,55.842999649047854,61.14981930024869
2025-11-20 23:00:00+00:00,GLE.PA,56.540000915527344,2007996,55.98599967956543,57.25939618834911
2025-11-23 23:00:00+00:00,GLE.PA,56.79999923706055,6802521,56.1459997177124,58.99513270301142
2025-11-24 23:00:00+00:00,GLE.PA,58.29999923706055,2810733,56.34799976348877,63.28012040938527
2025-11-25 23:00:00+00:00,GLE.PA,59.5,1989932,56.57499980926514,63.38640327765953
2025-11-26 23:00:00+00:00,GLE.PA,59.900001525878906,1503782,56.91999988555908,70.13783736417805
2025-11-27 23:00:00+00:00,GLE.PA,59.93999862670898,1441206,57.17399978637695,64.02213652050804
2025-11-30 23:00:00+00:00,GLE.PA,59.720001220703125,1506099,57.42199993133545,63.786777853978315
2025-12-01 23:00:00+00:00,GLE.PA,61.060001373291016,1639869,57.74599990844727,62.40460064493187
2025-12-02 23:00:00+00:00,GLE.PA,60.52000045776367,2011282,58.03999996185303,56.5891553100479
2025-12-03 23:00:00+00:00,GLE.PA,62.5,3337077,58.375,70.32375896171547
2025-12-04 23:00:00+00:00,GLE.PA,61.540000915527344,1653265,58.72000007629394,64.26176268595866
2025-12-07 23:00:00+00:00,GLE.PA,62.619998931884766,1142588,59.00599994659424,77.07233467105775
2025-12-08 23:00:00+00:00,GLE.PA,62.900001525878906,1226248,59.314999961853026,76.95038387112268
2025-12-09 23:00:00+00:00,GLE.PA,63.47999954223633,1412130,59.56599998474121,76.90944219661701
2025-12-10 23:00:00+00:00,GLE.PA,64.36000061035156,1857536,59.82600002288818,84.72470475041844
2025-12-11 23:00:00+00:00,GLE.PA,63.58000183105469,2312983,60.106000137329104,78.77761244537423
2025-12-14 23:00:00+00:00,GLE.PA,64.33999633789062,1923682,60.41599998474121,77.35508542131198
2025-12-15 23:00:00+00:00,GLE.PA,64.36000061035156,1700826,60.810000038146974,74.64505106513701
2025-12-16 23:00:00+00:00,GLE.PA,66.9000015258789,3294298,61.31400012969971,79.16668521034575
2025-12-17 23:00:00+00:00,GLE.PA,67.72000122070312,3454309,61.829000282287595,80.43820680502864
2025-12-18 23:00:00+00:00,GLE.PA,68.16000366210938,4310267,62.4100004196167,82.4615478515625
2025-12-21 23:00:00+00:00,GLE.PA,67.83999633789062,1703872,62.9620002746582,78.29712398108956
2025-12-22 23:00:00+00:00,GLE.PA,68.22000122070312,1479738,63.458000373840335,82.57188454581102
2025-12-23 23:00:00+00:00,GLE.PA,67.9800033569336,196116,63.88200054168701,77.18253082219516
2025-12-28 23:00:00+00:00,GLE.PA,67.95999908447266,1350442,64.2850004196167,85.1202838063439
2025-12-29 23:00:00+00:00,GLE.PA,69.4000015258789,1306803,64.7580005645752,85.68415253458016
2025-12-30 23:00:00+00:00,GLE.PA,68.72000122070312,507008,65.2080005645752,79.39388801763235
2026-01-01 23:00:00+00:00,GLE.PA,70.08000183105469,1537264,65.65900058746338,80.89883105457972
2026-01-04 23:00:00+00:00,GLE.PA,70.31999969482422,1885241,66.14900054931641,79.68122252491517
2026-01-05 23:00:00+00:00,GLE.PA,69.86000061035156,2304305,66.51700057983399,82.30446569996437
2026-01-06 23:00:00+00:00,GLE.PA,69.12000274658203,1666458,66.89600067138672,74.63915790533436
2026-01-07 23:00:00+00:00,GLE.PA,70.37999725341797,1677809,67.28400058746338,77.51367048159288
2026-01-08 23:00:00+00:00,GLE.PA,69.5999984741211,2512256,67.61900043487549,64.70585302042315
2026-01-11 23:00:00+00:00,GLE.PA,69.19999694824219,2370079,67.90500030517578,58.447454781081916
2026-01-12 23:00:00+00:00,GLE.PA,69.68000030517578,1669209,68.17100028991699,58.6363340803773
2026-01-13 23:00:00+00:00,GLE.PA,70.69999694824219,2242009,68.52700004577636,65.05263479132401
2026-01-14 23:00:00+00:00,GLE.PA,70.9800033569336,1696183,68.85900039672852,64.68086004364986
2026-01-15 23:00:00+00:00,GLE.PA,70.31999969482422,2008371,69.15700035095215,61.91443275260891
2026-01-18 23:00:00+00:00,GLE.PA,69.31999969482422,2025817,69.27800025939942,56.29629734285218
2026-01-19 23:00:00+00:00,GLE.PA,69.0,1725343,69.34200019836426,47.93387648105222
2026-01-20 23:00:00+00:00,GLE.PA,68.69999694824219,1621238,69.3689998626709,49.892450183351514
2026-01-21 23:00:00+00:00,GLE.PA,70.72000122070312,1668749,69.51300010681152,53.21284617588347
2026-01-22 23:00:00+00:00,GLE.PA,69.81999969482422,1416403,69.59300003051757,47.645953335737566
2026-01-25 23:00:00+00:00,GLE.PA,71.41999816894531,1901822,69.76499977111817,56.63263717328572
2026-01-26 23:00:00+00:00,GLE.PA,72.4000015258789,1562981,69.98699989318848,63.66664420236689
2026-01-27 23:00:00+00:00,GLE.PA,71.4000015258789,2341242,70.08699989318848,54.34413317494028
2026-01-28 23:00:00+00:00,GLE.PA,71.80000305175781,1801971,70.24099998474121,59.68309870978878
2026-01-29 23:00:00+00:00,GLE.PA,73.80000305175781,2839656,70.42700004577637,67.7469070392819
2026-02-01 23:00:00+00:00,GLE.PA,75.68000030517578,1975545,70.69500007629395,70.89134181562387
2026-02-02 23:00:00+00:00,GLE.PA,76.5999984741211,2540771,71.03199996948243,70.68721714161283
2026-02-03 23:00:00+00:00,GLE.PA,75.69999694824219,3211658,71.36099967956542,65.86018018276691
2026-02-04 23:00:00+00:00,GLE.PA,74.22000122070312,3552763,71.5529998779297,62.420383403690586
2026-02-05 23:00:00+00:00,GLE.PA,72.58000183105469,4256053,71.70200004577637,59.975524310634874
2026-02-08 23:00:00+00:00,GLE.PA,74.95999908447266,2629828,71.9900001525879,66.195648342991
2026-02-09 23:00:00+00:00,GLE.PA,73.41999816894531,2399520,72.17700004577637,62.01629676014877
2026-02-10 23:00:00+00:00,GLE.PA,71.81999969482422,2236450,72.23300018310547,52.861599482058416
2026-02-11 23:00:00+00:00,GLE.PA,70.5199966430664,1809002,72.2099998474121,51.7838866525226
2026-02-12 23:00:00+00:00,GLE.PA,66.69999694824219,4726089,72.02899971008301,39.19413458757248
2021-03-11 23:00:00+00:00,MC.PA,516.3810424804688,349657,494.53981018066406,60.280798311469695
2021-03-14 23:00:00+00:00,MC.PA,511.6150512695313,330231,495.56175537109374,59.270224281155656
2021-03-15 23:00:00+00:00,MC.PA,513.5397338867188,330076,496.5012145996094,64.18985761572227
2021-03-16 23:00:00+00:00,MC.PA,520.7804565429688,305038,498.0226745605469,68.058306911694
2021-03-17 23:00:00+00:00,MC.PA,519.0390625,421418,499.50289764404295,70.87977386689363
2021-03-18 23:00:00+00:00,MC.PA,510.8818359375,1041228,500.2178070068359,60.60615549478461
2021-03-21 23:00:00+00:00,MC.PA,510.1486206054688,306281,500.84563903808595,59.17297698484611
2021-03-22 23:00:00+00:00,MC.PA,507.9489135742188,302183,501.5238830566406,55.64001252409213
2021-03-23 23:00:00+00:00,MC.PA,507.2156372070313,327022,502.4679214477539,61.73285545714447
2021-03-24 23:00:00+00:00,MC.PA,509.2320251464844,298409,503.59527282714845,71.71581829267103
2021-03-25 23:00:00+00:00,MC.PA,508.5904846191406,319037,504.965510559082,65.72333826846125
2021-03-28 22:00:00+00:00,MC.PA,508.5904846191406,223531,505.78124084472654,62.28385442919487
2021-03-29 22:00:00+00:00,MC.PA,525.6381225585938,463377,507.34853515625,65.99057204077664
2021-03-30 22:00:00+00:00,MC.PA,520.6888427734375,440619,508.462141418457,53.1034649043242
2021-03-31 22:00:00+00:00,MC.PA,523.9884643554688,318700,510.1944122314453,56.859628576208834
2021-04-05 22:00:00+00:00,MC.PA,528.6627807617188,307550,512.650749206543,65.39743021514836
2021-04-06 22:00:00+00:00,MC.PA,529.0293579101562,257919,514.5892395019531,64.39531965775511
2021-04-07 22:00:00+00:00,MC.PA,537.1865844726562,338943,516.6697967529296,64.99168981249097
2021-04-08 22:00:00+00:00,MC.PA,539.2030639648438,297019,518.2874923706055,68.33341287484868
2021-04-11 22:00:00+00:00,MC.PA,540.4861450195312,286923,519.4423355102539,80.76197627766629
2021-04-12 22:00:00+00:00,MC.PA,545.1605834960938,443772,520.8813125610352,83.62682661464291
2021-04-13 22:00:00+00:00,MC.PA,560.74169921875,577458,523.3376449584961,90.33618265504553
2021-04-14 22:00:00+00:00,MC.PA,565.2328491210938,518798,525.9223007202148,91.92064592495373
2021-04-15 22:00:00+00:00,MC.PA,577.4229125976562,587186,528.7544235229492,92.95622749078292
2021-04-18 22:00:00+00:00,MC.PA,572.74853515625,328492,531.4398971557617,88.46158490201523
2021-04-19 22:00:00+00:00,MC.PA,558.3583374023438,570894,533.8137222290039,75.44484196763055
2021-04-20 22:00:00+00:00,MC.PA,576.1615600585938,515257,537.1143692016601,75.63310463737922
2021-04-21 22:00:00+00:00,MC.PA,582.9877319335938,436028,540.8663101196289,81.01668091840772
2021-04-22 22:00:00+00:00,MC.PA,579.3900146484375,366234,544.4750289916992,77.50108010861075
2021-04-25 22:00:00+00:00,MC.PA,577.2684936523438,265587,547.8768524169922,74.75504702599734
2021-04-26 22:00:00+00:00,MC.PA,583.6334838867188,320541,551.629002380371,76.20870074703384
2021-04-27 22:00:00+00:00,MC.PA,584.0946655273438,262268,555.4042114257812,74.310824985544
2021-04-28 22:00:00+00:00,MC.PA,586.4007568359375,290676,558.4423431396484,74.3877108848665
2021-04-29 22:00:00+00:00,MC.PA,577.637451171875,349054,561.2897735595703,67.81913383166693
2021-05-02 22:00:00+00:00,MC.PA,581.6962280273438,242931,564.175161743164,67.62794839658113
2021-05-03 22:00:00+00:00,MC.PA,570.9037475585938,413624,566.2872100830078,55.14059089239016
2021-05-04 22:00:00+00:00,MC.PA,582.80322265625,374426,568.9759033203125,58.26844432393743
2021-05-05 22:00:00+00:00,MC.PA,576.8073120117188,356074,570.9569396972656,49.69237019522871
2021-05-06 22:00:00+00:00,MC.PA,582.4342651367188,342019,573.1184997558594,54.794536275276975
2021-05-09 22:00:00+00:00,MC.PA,576.5304565429688,349795,574.9207153320312,59.82047320555667
2021-05-10 22:00:00+00:00,MC.PA,564.8154296875,579901,575.9034576416016,43.436490422808724
2021-05-11 22:00:00+00:00,MC.PA,562.8782958984375,421915,576.010287475586,37.669635926926404
2021-05-12 22:00:00+00:00,MC.PA,568.228515625,349967,576.1600708007812,43.3001694100544
2021-05-13 22:00:00+00:00,MC.PA,579.3900146484375,336426,576.2584259033204,51.148794293143986
2021-05-16 22:00:00+00:00,MC.PA,575.6080932617188,224482,576.4014038085937,45.52921879653947
2021-05-17 22:00:00+00:00,MC.PA,574.6856689453125,268294,577.2177703857421,44.78523871798809
2021-05-18 22:00:00+00:00,MC.PA,571.0881958007812,381205,576.9641021728515,41.63306633156377
2021-05-19 22:00:00+00:00,MC.PA,580.128173828125,362431,576.8211242675782,51.35685282495906
2021-05-20 22:00:00+00:00,MC.PA,582.6187133789062,376258,576.9825592041016,50.51127137908638
2021-05-23 22:00:00+00:00,MC.PA,588.0611572265625,115728,577.5221923828125,60.108671808979274
2021-05-24 22:00:00+00:00,MC.PA,590.0905151367188,325085,577.8450439453125,54.85853897533435
2021-05-25 22:00:00+00:00,MC.PA,590.920654296875,295544,578.1863433837891,60.10565722412041
2021-05-26 22:00:00+00:00,MC.PA,598.1159057617188,638562,578.7721008300781,60.981969135865796
2021-05-27 22:00:00+00:00,MC.PA,604.94189453125,256995,580.1373229980469,69.64302744326224
2021-05-30 22:00:00+00:00,MC.PA,601.4367065429688,228797,581.1243469238282,78.56147970574207
2021-05-31 22:00:00+00:00,MC.PA,606.1411743164062,294765,582.8862182617188,82.34516218236378
2021-06-01 22:00:00+00:00,MC.PA,609.7387084960938,295829,584.2329925537109,81.87001813504281
2021-06-02 22:00:00+00:00,MC.PA,603.5582885742188,290169,585.5705413818359,70.0922989491417
2021-06-03 22:00:00+00:00,MC.PA,600.69873046875,281922,586.4837646484375,71.18398636260105
2021-06-06 22:00:00+00:00,MC.PA,606.3255615234375,369275,587.973519897461,74.74760108846135
2021-06-07 22:00:00+00:00,MC.PA,608.5394897460938,290421,590.1597229003906,79.94109391986977
2021-06-08 22:00:00+00:00,MC.PA,611.1224975585938,232801,592.5719329833985,77.63173216409781
2021-06-09 22:00:00+00:00,MC.PA,606.6947631835938,285497,594.4952453613281,70.7473990932329
2021-06-10 22:00:00+00:00,MC.PA,616.2880859375,353511,596.3401489257812,72.70040976284018
2021-06-13 22:00:00+00:00,MC.PA,620.4390258789062,255313,598.5816955566406,73.60124093647416
2021-06-14 22:00:00+00:00,MC.PA,625.2359008789062,279296,601.1092071533203,75.13530623065856
2021-06-15 22:00:00+00:00,MC.PA,629.3868408203125,320891,604.0241394042969,73.97462450082404
2021-06-16 22:00:00+00:00,MC.PA,633.9990844726562,331198,606.7176849365235,73.06016715088822
2021-06-17 22:00:00+00:00,MC.PA,628.2799072265625,695141,609.0007446289062,70.57991698759494
2021-06-20 22:00:00+00:00,MC.PA,627.3574829101562,308185,610.9655609130859,67.2672991903035
2021-06-21 22:00:00+00:00,MC.PA,628.3722534179688,299207,612.8796478271485,65.83080455574061
2021-06-22 22:00:00+00:00,MC.PA,617.2105712890625,337572,614.1941436767578,60.6936769909939
2021-06-23 22:00:00+00:00,MC.PA,620.9924926757812,346811,615.3379730224609,65.66945565285747
2021-06-24 22:00:00+00:00,MC.PA,621.3615112304688,242811,616.1589538574219,62.635679590486404
2021-06-27 22:00:00+00:00,MC.PA,615.8268432617188,252827,616.8784606933593,55.80030353023935
2021-06-28 22:00:00+00:00,MC.PA,621.7305908203125,271145,617.6579315185547,58.01948821967667
2021-06-29 22:00:00+00:00,MC.PA,610.0154418945312,556819,617.6717681884766,52.261214637090134
2021-06-30 22:00:00+00:00,MC.PA,612.413818359375,325479,618.1145446777343,47.07522688233082
2021-07-01 22:00:00+00:00,MC.PA,611.95263671875,225664,618.6772399902344,43.21546690660892
2021-07-04 22:00:00+00:00,MC.PA,609.4619750976562,178377,618.8340606689453,36.906554423622914
2021-07-05 22:00:00+00:00,MC.PA,604.94189453125,290716,618.6541809082031,29.83260050314516
2021-07-06 22:00:00+00:00,MC.PA,609.185302734375,378366,618.5573211669922,29.40295528168194
2021-07-07 22:00:00+00:00,MC.PA,589.6293334960938,734077,617.7040496826172,23.910505243434287
2021-07-08 22:00:00+00:00,MC.PA,611.0302124023438,599503,617.4411560058594,41.365939119455284
2021-07-11 22:00:00+00:00,MC.PA,614.350830078125,255319,617.1367462158203,42.76181840065385
2021-07-12 22:00:00+00:00,MC.PA,618.6865234375,312845,616.80927734375,50.8196876902447
2021-07-13 22:00:00+00:00,MC.PA,619.5167236328125,180869,616.315771484375,49.15263265982717
2021-07-14 22:00:00+00:00,MC.PA,611.7681274414062,306416,615.2042236328125,44.92194466341867
2021-07-15 22:00:00+00:00,MC.PA,603.5582885742188,455783,613.9681427001954,43.68475289830029
2021-07-18 22:00:00+00:00,MC.PA,590.275146484375,496713,612.1140258789062,34.95153455418681
2021-07-19 22:00:00+00:00,MC.PA,595.0716552734375,324696,610.4489959716797,42.34399145965695
2021-07-20 22:00:00+00:00,MC.PA,608.078369140625,288289,609.9923858642578,47.9966223038505
2021-07-21 22:00:00+00:00,MC.PA,609.185302734375,391518,609.4020263671875,48.728822588043194
2021-07-22 22:00:00+00:00,MC.PA,621.7305908203125,411886,609.4204803466797,55.15904812894066
2021-07-25 22:00:00+00:00,MC.PA,621.1771240234375,347405,609.6879943847656,57.06264882121912
2021-07-26 22:00:00+00:00,MC.PA,617.6717529296875,474408,609.4850524902344,53.715634085855996
2021-07-27 22:00:00+00:00,MC.PA,634.8294067382812,324397,610.7257507324218,70.2145384785882
2021-07-28 22:00:00+00:00,MC.PA,630.955078125,255100,611.6528137207031,60.56749003457873
2021-07-29 22:00:00+00:00,MC.PA,621.6382446289062,425011,612.137094116211,53.63387514129556
2021-08-01 22:00:00+00:00,MC.PA,633.7223510742188,324652,613.3501129150391,56.959808066864696
2021-08-02 22:00:00+00:00,MC.PA,641.9322509765625,341567,615.1996307373047,59.712211190400126
2021-08-03 22:00:00+00:00,MC.PA,640.8252563476562,278285,616.7816284179687,63.35872978815585
2021-08-04 22:00:00+00:00,MC.PA,643.3158569335938,268502,619.4659545898437,69.29270240236184
2021-08-05 22:00:00+00:00,MC.PA,643.3158569335938,287106,621.0802368164062,79.54759506875361
2021-08-08 22:00:00+00:00,MC.PA,643.3158569335938,166437,622.5284881591797,78.39290781670384
2021-08-09 22:00:00+00:00,MC.PA,647.1901245117188,230097,623.9536682128906,75.79055145617626
2021-08-10 22:00:00+00:00,MC.PA,650.1419677734375,211136,625.4849304199219,76.36559805619555
2021-08-11 22:00:00+00:00,MC.PA,656.7835693359375,276394,627.7357025146484,74.42138744546406
2021-08-12 22:00:00+00:00,MC.PA,654.7542114257812,219593,630.2954986572265,72.92174821730801
2021-08-15 22:00:00+00:00,MC.PA,641.009765625,315345,632.8322296142578,63.97788221394271
2021-08-16 22:00:00+00:00,MC.PA,636.9509887695312,326360,634.9261962890625,51.50716815417863
2021-08-17 22:00:00+00:00,MC.PA,604.1117553710938,699154,634.7278656005859,36.49024984072784
2021-08-18 22:00:00+00:00,MC.PA,565.5533447265625,1493477,632.5462677001954,28.192277332897916
2021-08-19 22:00:00+00:00,MC.PA,571.9183349609375,843005,630.0556549072265,24.84992119154998
2021-08-22 22:00:00+00:00,MC.PA,587.2308349609375,728161,628.3583404541016,28.956626929228676
2021-08-23 22:00:00+00:00,MC.PA,575.8848876953125,500424,626.2689971923828,26.84207479171681
2021-08-24 22:00:00+00:00,MC.PA,573.8554077148438,412050,623.2202972412109,25.148470658319653
2021-08-25 22:00:00+00:00,MC.PA,573.3941650390625,425086,620.342251586914,25.065742076888085
2021-08-26 22:00:00+00:00,MC.PA,574.7778930664062,340808,617.999234008789,25.798028023549236
2021-08-29 22:00:00+00:00,MC.PA,576.5304565429688,291687,615.1396392822265,24.669254979117298
2021-08-30 22:00:00+00:00,MC.PA,578.19091796875,541313,611.9525726318359,23.965254202101946
2021-08-31 22:00:00+00:00,MC.PA,596.6400146484375,596692,609.743310546875,29.950843153851167
2021-09-01 22:00:00+00:00,MC.PA,596.824462890625,320818,607.4187408447266,30.44833724934729
2021-09-02 22:00:00+00:00,MC.PA,585.6627807617188,393248,604.5360870361328,30.98859196015593
2021-09-05 22:00:00+00:00,MC.PA,598.3927001953125,262291,602.2899291992187,37.500044519809336
2021-09-06 22:00:00+00:00,MC.PA,602.359130859375,340478,600.0483795166016,49.30096844413565
2021-09-07 22:00:00+00:00,MC.PA,598.3927001953125,385265,597.4609161376953,68.089537224693
2021-09-08 22:00:00+00:00,MC.PA,607.3403930664062,411139,594.9887573242188,68.9723846056779
2021-09-09 22:00:00+00:00,MC.PA,612.0447998046875,388397,592.8532867431641,64.99450456231975
2021-09-12 22:00:00+00:00,MC.PA,606.0489501953125,349720,591.1052459716797,69.48748199941011
2021-09-13 22:00:00+00:00,MC.PA,596.6400146484375,397133,589.089697265625,63.438616650791005
2021-09-14 22:00:00+00:00,MC.PA,573.0252075195312,706373,587.5353698730469,49.8290699311812
2021-09-15 22:00:00+00:00,MC.PA,579.2979125976562,475856,588.2225982666016,52.00328073197546
2021-09-16 22:00:00+00:00,MC.PA,582.0652465820312,863299,588.7299438476563,52.431160636441724
2021-09-19 22:00:00+00:00,MC.PA,570.7191772460938,764691,587.9043609619141,46.975390908556335
2021-09-20 22:00:00+00:00,MC.PA,586.677490234375,490753,588.4439910888672,45.884105596220444
2021-09-21 22:00:00+00:00,MC.PA,593.411376953125,403326,589.4217895507812,48.662316164158106
2021-09-22 22:00:00+00:00,MC.PA,603.373779296875,392213,590.9207702636719,57.00730875316525
2021-09-23 22:00:00+00:00,MC.PA,593.04248046875,371010,591.8339996337891,47.84224549436008
2021-09-26 22:00:00+00:00,MC.PA,588.0611572265625,297614,592.4105346679687,44.28041955993085
2021-09-27 22:00:00+00:00,MC.PA,569.9811401367188,627324,592.0000457763672,39.78773172006282
2021-09-28 22:00:00+00:00,MC.PA,576.9918212890625,355217,591.0176361083984,38.93744707681588
2021-09-29 22:00:00+00:00,MC.PA,572.010498046875,596940,589.7769378662109,35.436240895457956
2021-09-30 22:00:00+00:00,MC.PA,581.142822265625,448089,589.5509399414062,41.141742710197526
2021-10-03 22:00:00+00:00,MC.PA,572.9330444335938,346834,588.2779571533204,41.49570050257506
2021-10-04 22:00:00+00:00,MC.PA,583.4489135742188,329281,587.3324462890625,54.12711101745459
2021-10-05 22:00:00+00:00,MC.PA,576.3460693359375,458312,586.2301147460937,48.8388943387366
2021-10-06 22:00:00+00:00,MC.PA,588.43017578125,439881,585.2846038818359,52.332668090206425
2021-10-07 22:00:00+00:00,MC.PA,579.0211181640625,386925,583.6334197998046,53.08637885363396
2021-10-10 22:00:00+00:00,MC.PA,582.7109375,261049,582.466519165039,48.37735264889914
2021-10-11 22:00:00+00:00,MC.PA,584.7404174804688,369383,581.8715393066407,46.31086814375631
2021-10-12 22:00:00+00:00,MC.PA,603.1893310546875,627178,583.3797454833984,49.926810223899686
2021-10-13 22:00:00+00:00,MC.PA,615.4579467773438,460568,585.1877471923829,58.75986350779993
2021-10-14 22:00:00+00:00,MC.PA,613.2439575195312,542414,586.7466827392578,60.058891304634024
2021-10-17 22:00:00+00:00,MC.PA,599.5917358398438,414414,588.1903106689454,62.261215395440246
2021-10-18 22:00:00+00:00,MC.PA,595.9019775390625,305206,588.6515350341797,58.05180197739848
2021-10-19 22:00:00+00:00,MC.PA,605.2186889648438,408236,589.2419006347657,63.63634996563864
2021-10-20 22:00:00+00:00,MC.PA,608.5394897460938,264050,589.5001861572266,61.81380039657704
2021-10-21 22:00:00+00:00,MC.PA,615.5502319335938,423275,590.6255737304688,68.56910652131363
2021-10-24 22:00:00+00:00,MC.PA,608.6317749023438,239985,591.6541046142578,61.32776036530322
2021-10-25 22:00:00+00:00,MC.PA,613.4285278320312,293673,593.8264739990234,67.03383277568719
2021-10-26 22:00:00+00:00,MC.PA,612.7827758789062,252036,595.6160217285156,62.49991384620012
2021-10-27 22:00:00+00:00,MC.PA,619.60888671875,302241,597.9959411621094,71.40070182484759
2021-10-28 22:00:00+00:00,MC.PA,624.6824340820312,434079,600.1729217529297,71.81201965318286
2021-10-31 23:00:00+00:00,MC.PA,630.4015502929688,320108,603.0463470458984,72.85307914412758
2021-11-01 23:00:00+00:00,MC.PA,631.6929321289062,285336,605.4585479736328,67.22397739284506
2021-11-02 23:00:00+00:00,MC.PA,629.5713500976562,350677,608.1198120117188,59.720386605998854
2021-11-03 23:00:00+00:00,MC.PA,638.7958984375,348282,610.6380981445312,66.04870546328306
2021-11-04 23:00:00+00:00,MC.PA,653.9240112304688,524883,614.3832427978516,83.50395567833674
2021-11-07 23:00:00+00:00,MC.PA,652.5404052734375,317489,617.8747161865234,85.94848011057685
2021-11-08 23:00:00+00:00,MC.PA,652.4481201171875,337111,621.2601013183594,83.95221635149923
2021-11-09 23:00:00+00:00,MC.PA,644.4227294921875,349382,623.3217712402344,74.16139460297394
2021-11-10 23:00:00+00:00,MC.PA,650.6956176757812,272715,625.0836547851562,73.90207414590085
2021-11-11 23:00:00+00:00,MC.PA,666.8383178710938,412199,627.7633728027344,85.17276277335111
2021-11-14 23:00:00+00:00,MC.PA,664.901123046875,433662,631.028842163086,82.21699954844925
2021-11-15 23:00:00+00:00,MC.PA,673.111083984375,419771,634.8892974853516,84.49365034496478
2021-11-16 23:00:00+00:00,MC.PA,669.7901611328125,420189,638.11787109375,79.89000426080798
2021-11-17 23:00:00+00:00,MC.PA,672.004150390625,458866,641.2911041259765,79.18079000357554
2021-11-18 23:00:00+00:00,MC.PA,676.6162719726562,698218,644.3444061279297,78.89262159839674
2021-11-21 23:00:00+00:00,MC.PA,671.819580078125,297513,647.5037963867187,74.03311524095078
2021-11-22 23:00:00+00:00,MC.PA,662.4105224609375,441531,649.9528961181641,68.08932688796887
2021-11-23 23:00:00+00:00,MC.PA,669.7901611328125,384226,652.8032653808593,67.42727909179513
2021-11-24 23:00:00+00:00,MC.PA,677.72314453125,226209,655.7089782714844,64.55970815239105
2021-11-25 23:00:00+00:00,MC.PA,638.3346557617188,921585,656.3915893554688,44.067803522100675
2021-11-28 23:00:00+00:00,MC.PA,643.13134765625,565133,657.0280792236329,46.256481741256145
2021-11-29 23:00:00+00:00,MC.PA,636.0904541015625,990257,657.2479553222656,46.6253583128077
2021-11-30 23:00:00+00:00,MC.PA,646.1885986328125,441932,658.0788177490234,48.2294793144738
2021-12-01 23:00:00+00:00,MC.PA,636.0904541015625,452744,657.9435455322266,37.3188918362816
2021-12-02 23:00:00+00:00,MC.PA,634.608154296875,472844,656.9777526855469,37.45944634789728
2021-12-05 23:00:00+00:00,MC.PA,639.3330078125,410554,656.3173828125,35.60121971526101
2021-12-06 23:00:00+00:00,MC.PA,671.66552734375,504118,657.2782531738281,50.640903163257384
2021-12-07 23:00:00+00:00,MC.PA,662.1232299804688,364654,658.1632781982422,46.78428367286375
2021-12-08 23:00:00+00:00,MC.PA,662.4012451171875,238921,658.7485595703125,45.2394647410229
2021-12-09 23:00:00+00:00,MC.PA,657.7691040039062,218081,658.2950988769531,45.28938012569947
2021-12-12 23:00:00+00:00,MC.PA,656.8425903320312,263596,657.8921722412109,48.02069370427634
2021-12-13 23:00:00+00:00,MC.PA,649.9869995117188,288230,656.7359680175781,42.933982263033435
2021-12-14 23:00:00+00:00,MC.PA,659.5292358398438,329720,656.2229217529297,43.58188979734731
2021-12-15 23:00:00+00:00,MC.PA,660.8262939453125,423780,655.664028930664,60.85007352079517
2021-12-16 23:00:00+00:00,MC.PA,647.5781860351562,795828,654.212124633789,51.983445740479695
2021-12-19 23:00:00+00:00,MC.PA,646.466552734375,377559,652.9444732666016,54.88656967993919
2021-12-20 23:00:00+00:00,MC.PA,649.8942260742188,309981,652.3186584472656,51.86214147650002
2021-12-21 23:00:00+00:00,MC.PA,662.7717895507812,327128,651.967739868164,63.0434717744077
2021-12-22 23:00:00+00:00,MC.PA,668.88623046875,315889,651.5258941650391,66.03118020762446
2021-12-23 23:00:00+00:00,MC.PA,664.6245727539062,48392,652.8403900146484,61.87983612714194
2021-12-26 23:00:00+00:00,MC.PA,672.8699340820312,177954,654.3273193359375,50.73118169603917
2021-12-27 23:00:00+00:00,MC.PA,677.038818359375,217145,656.3747375488281,59.68709790201475
2021-12-28 23:00:00+00:00,MC.PA,674.352294921875,168266,657.7829223632813,57.526287386205865
2021-12-29 23:00:00+00:00,MC.PA,676.2977905273438,246097,659.7932891845703,62.07729814544286
2021-12-30 23:00:00+00:00,MC.PA,673.5183715820312,100673,661.7388000488281,60.61318226101927
2022-01-02 23:00:00+00:00,MC.PA,677.2241821289062,210987,663.6333587646484,68.05895036048781
2022-01-03 23:00:00+00:00,MC.PA,689.2679443359375,291609,664.5134796142578,69.0844655014794
2022-01-04 23:00:00+00:00,MC.PA,702.238037109375,384196,666.5192199707031,73.112733208701
2022-01-05 23:00:00+00:00,MC.PA,673.6111450195312,446581,667.0797149658204,62.40075592382613
2022-01-06 23:00:00+00:00,MC.PA,663.142333984375,392865,667.3483764648438,57.29331392834605
2022-01-09 23:00:00+00:00,MC.PA,651.006103515625,420089,667.0565521240235,50.451869016772505
2022-01-10 23:00:00+00:00,MC.PA,657.7691040039062,370056,667.4456573486328,47.86057117560523
2022-01-11 23:00:00+00:00,MC.PA,656.564697265625,432438,667.2974304199219,44.4996272707061
2022-01-12 23:00:00+00:00,MC.PA,639.2403564453125,478517,666.2181335449219,39.85191771536324
2022-01-13 23:00:00+00:00,MC.PA,625.7144165039062,517232,665.1249450683594,31.911906831088274
2022-01-16 23:00:00+00:00,MC.PA,635.9052124023438,261561,664.5968780517578,34.91854983482604
2022-01-17 23:00:00+00:00,MC.PA,623.4909057617188,395209,663.2767120361328,32.59355530851727
2022-01-18 23:00:00+00:00,MC.PA,646.3739624023438,555364,662.456820678711,41.04274733514279
2022-01-19 23:00:00+00:00,MC.PA,652.1178588867188,414578,661.6184020996094,43.705781276141686
2022-01-20 23:00:00+00:00,MC.PA,645.9107055664062,536630,660.6827087402344,40.923771284131384
2022-01-23 23:00:00+00:00,MC.PA,614.0411987304688,679863,657.7412719726562,30.443155092381772
2022-01-24 23:00:00+00:00,MC.PA,617.932373046875,460302,654.7859497070312,26.9970290038503
2022-01-25 23:00:00+00:00,MC.PA,633.3111572265625,439855,652.7338928222656,38.14716029099886
2022-01-26 23:00:00+00:00,MC.PA,642.946044921875,407906,651.0663055419922,44.03068219537891
2022-01-27 23:00:00+00:00,MC.PA,663.6983032226562,843629,650.5753021240234,53.56956610552371
2022-01-30 23:00:00+00:00,MC.PA,669.4420776367188,682044,650.1861968994141,53.3018473771333
2022-01-31 23:00:00+00:00,MC.PA,678.3359375,421235,649.6395965576172,55.90154495729776
2022-02-01 23:00:00+00:00,MC.PA,675.649169921875,338429,648.3101531982422,60.72006722573095
2022-02-02 23:00:00+00:00,MC.PA,659.343994140625,407920,647.5967956542969,59.74231585439296
2022-02-03 23:00:00+00:00,MC.PA,654.1559448242188,406201,647.1474761962891,55.44496798427292
2022-02-06 23:00:00+00:00,MC.PA,663.4202270507812,353733,647.7681823730469,62.14080619754527
2022-02-07 23:00:00+00:00,MC.PA,654.1559448242188,421466,647.5875244140625,52.579824838998704
2022-02-08 23:00:00+00:00,MC.PA,663.8834228515625,460237,647.9534606933594,53.80006426519842
2022-02-09 23:00:00+00:00,MC.PA,654.24853515625,380675,648.7038696289062,52.63463226005535
2022-02-10 23:00:00+00:00,MC.PA,634.608154296875,453796,649.1485565185546,57.04318643838233
2022-02-13 23:00:00+00:00,MC.PA,620.7116088867188,610403,648.3888763427734,50.89071554964202
2022-02-14 23:00:00+00:00,MC.PA,642.946044921875,406987,649.3616333007812,52.95789933645979
2022-02-15 23:00:00+00:00,MC.PA,637.0169067382812,304420,648.8937805175781,48.13738088636764
2022-02-16 23:00:00+00:00,MC.PA,633.7744140625,366552,647.9766082763672,39.43750029623163
2022-02-17 23:00:00+00:00,MC.PA,635.8125610351562,417884,647.4717010498047,37.81061596226018
2022-02-20 23:00:00+00:00,MC.PA,622.7498779296875,383373,647.9071350097656,30.44324705979365
2022-02-21 23:00:00+00:00,MC.PA,619.970458984375,460189,648.0090393066406,30.423412589069358
2022-02-22 23:00:00+00:00,MC.PA,616.8206176757812,363622,647.1845123291016,33.524720380213864
2022-02-23 23:00:00+00:00,MC.PA,589.1201782226562,1162792,644.4932189941406,28.54517821935285
2022-02-24 23:00:00+00:00,MC.PA,617.5617065429688,712092,642.1863891601563,36.57079063941501
2022-02-27 23:00:00+00:00,MC.PA,611.3546752929688,697750,639.2820190429687,37.2375554262993
2022-02-28 23:00:00+00:00,MC.PA,579.76318359375,585829,634.3533813476563,27.810360894421038
2022-03-01 23:00:00+00:00,MC.PA,591.0656127929688,617458,630.1242034912109,33.478652091380354
2022-03-02 23:00:00+00:00,MC.PA,571.981201171875,506791,625.7560638427734,33.57627664485331
2022-03-03 23:00:00+00:00,MC.PA,535.2942504882812,963534,619.8129791259765,29.991290105262195
2022-03-06 23:00:00+00:00,MC.PA,526.0299072265625,909345,612.9434631347656,20.840997725798942
2022-03-07 23:00:00+00:00,MC.PA,509.6320190429688,950996,605.7172668457031,19.806723588691597
2022-03-08 23:00:00+00:00,MC.PA,558.2698974609375,1164131,600.4365905761719,35.27284147327538
2022-03-09 23:00:00+00:00,MC.PA,544.6513061523438,688965,594.9567291259766,32.98753759383936
2022-03-10 23:00:00+00:00,MC.PA,551.1363525390625,740815,590.7831390380859,36.2991643456641
2022-03-13 23:00:00+00:00,MC.PA,554.6568603515625,569333,587.4804016113281,37.539775913495305
2022-03-14 23:00:00+00:00,MC.PA,546.5968627929688,615609,582.6629425048828,36.84941195618977
2022-03-15 23:00:00+00:00,MC.PA,582.6351928710938,799496,579.9438568115235,48.822352448797545
2022-03-16 23:00:00+00:00,MC.PA,583.4688720703125,456856,577.428579711914,43.11891366505001
2022-03-17 23:00:00+00:00,MC.PA,592.3627319335938,880922,575.2560882568359,46.2079123409686
2022-03-20 23:00:00+00:00,MC.PA,586.6188354492188,358795,573.4495361328125,51.52641018623284
2022-03-21 23:00:00+00:00,MC.PA,596.5316772460938,422767,572.2775970458985,51.224596286337515
2022-03-22 23:00:00+00:00,MC.PA,578.3735961914062,478559,570.3552459716797,51.43809687274725
2022-03-23 23:00:00+00:00,MC.PA,578.744140625,382903,569.8364440917969,61.68413063823237
2022-03-24 23:00:00+00:00,MC.PA,579.948486328125,365851,567.9557830810547,65.1562701591319
2022-03-27 22:00:00+00:00,MC.PA,588.9348754882812,442114,566.8347930908203,73.26088248626328
2022-03-28 22:00:00+00:00,MC.PA,622.3792724609375,584317,568.9655975341797,70.64441467449072
2022-03-29 22:00:00+00:00,MC.PA,611.9105224609375,398742,570.0078430175781,72.10719222258555
2022-03-30 22:00:00+00:00,MC.PA,601.6270141601562,423041,571.4901336669922,66.19129805733157
2022-03-31 22:00:00+00:00,MC.PA,601.812255859375,249915,574.8160339355469,65.45228794040162
2022-04-03 22:00:00+00:00,MC.PA,615.0603637695312,279544,579.2675567626953,71.69697818437284
2022-04-04 22:00:00+00:00,MC.PA,612.2811889648438,362451,584.400015258789,61.904796918458565
2022-04-05 22:00:00+00:00,MC.PA,589.398193359375,416787,585.956430053711,52.02280122968058
2022-04-06 22:00:00+00:00,MC.PA,578.0955200195312,481637,587.6286407470703,45.211411293296294
2022-04-07 22:00:00+00:00,MC.PA,585.2291870117188,382228,589.3332824707031,49.53789511712963
2022-04-10 22:00:00+00:00,MC.PA,574.2972412109375,317758,590.3153015136719,42.65607669037303
2022-04-11 22:00:00+00:00,MC.PA,584.488037109375,481916,592.2098602294922,52.131766532420926
2022-04-12 22:00:00+00:00,MC.PA,587.4525146484375,552025,592.4507263183593,52.98218772077236
2022-04-13 22:00:00+00:00,MC.PA,592.9185180664062,566954,592.923208618164,54.31562965451162
2022-04-18 22:00:00+00:00,MC.PA,587.4525146484375,307822,592.6776977539063,49.49492890906558
2022-04-19 22:00:00+00:00,MC.PA,595.0493774414062,378402,593.0992248535156,38.697333288234375
2022-04-20 22:00:00+00:00,MC.PA,605.3328247070312,496018,593.5392822265625,47.275523778272046
2022-04-21 22:00:00+00:00,MC.PA,592.5478515625,439543,594.2479949951172,46.3157644455034
2022-04-24 22:00:00+00:00,MC.PA,570.3134765625,567172,593.8264617919922,39.15820388818628
2022-04-25 22:00:00+00:00,MC.PA,569.0953369140625,385943,593.283804321289,32.75046256615532
2022-04-26 22:00:00+00:00,MC.PA,577.8102416992188,364855,592.727572631836,37.61563769909595
2022-04-27 22:00:00+00:00,MC.PA,578.37255859375,368172,590.5272369384766,45.282165392169155
2022-04-28 22:00:00+00:00,MC.PA,580.5278930664062,384899,588.95810546875,51.12920135327353
2022-05-01 22:00:00+00:00,MC.PA,568.4393310546875,338527,587.2987213134766,42.54831668374155
2022-05-02 22:00:00+00:00,MC.PA,562.72314453125,378265,585.3442657470703,44.61381236309432
2022-05-03 22:00:00+00:00,MC.PA,555.9760131835938,340919,582.3900482177735,36.29212724813151
2022-05-04 22:00:00+00:00,MC.PA,537.89013671875,489836,578.6704956054688,29.196470294067012
2022-05-05 22:00:00+00:00,MC.PA,526.551513671875,670819,575.5281616210938,23.451655638193827
2022-05-08 22:00:00+00:00,MC.PA,508.4655151367188,565090,572.0466613769531,21.30098414518993
2022-05-09 22:00:00+00:00,MC.PA,514.9315185546875,507385,568.5317779541016,20.64890106474654
2022-05-10 22:00:00+00:00,MC.PA,536.9530639648438,638901,566.6645690917969,26.93301367629205
2022-05-11 22:00:00+00:00,MC.PA,529.8312377929688,656363,563.9317291259765,28.002942220391645
2022-05-12 22:00:00+00:00,MC.PA,544.73095703125,438811,561.7956512451171,40.54056005921967
2022-05-15 22:00:00+00:00,MC.PA,538.8272705078125,363368,559.0910888671875,39.18284583518013
2022-05-16 22:00:00+00:00,MC.PA,552.977294921875,399738,557.3673278808594,41.45711349739238
2022-05-17 22:00:00+00:00,MC.PA,542.1070556640625,457853,554.7202117919921,38.35036087620412
2022-05-18 22:00:00+00:00,MC.PA,532.7361450195312,464245,551.0903778076172,35.32792285420261
2022-05-19 22:00:00+00:00,MC.PA,521.5848388671875,700770,547.5422271728515,35.53240313209797
2022-05-22 22:00:00+00:00,MC.PA,525.6143798828125,427998,545.3072723388672,38.42105543815598
2022-05-23 22:00:00+00:00,MC.PA,517.0867919921875,429245,542.7068450927734,37.9988495368199
2022-05-24 22:00:00+00:00,MC.PA,516.3370971679688,446842,539.633187866211,42.551824536699755
2022-05-25 22:00:00+00:00,MC.PA,535.266357421875,360161,537.4778778076172,52.86150373239618
2022-05-26 22:00:00+00:00,MC.PA,556.0698852539062,465465,536.2549774169922,65.35675638212578
2022-05-29 22:00:00+00:00,MC.PA,570.3135986328125,482362,536.3486907958984,67.01210334527494
2022-05-30 22:00:00+00:00,MC.PA,559.6307373046875,829381,536.1940704345703,57.48764758112654
2022-05-31 22:00:00+00:00,MC.PA,560.1929321289062,381825,536.404916381836,60.47863600744854
2022-06-01 22:00:00+00:00,MC.PA,569.844970703125,279331,538.0026580810547,58.993277794340194
2022-06-02 22:00:00+00:00,MC.PA,570.7821044921875,274898,540.2141876220703,61.865002923486244
2022-06-05 22:00:00+00:00,MC.PA,575.1864624023438,342496,543.5502349853516,58.88975699661438
2022-06-06 22:00:00+00:00,MC.PA,570.1261596679688,371430,546.3099670410156,61.762410404390266
2022-06-07 22:00:00+00:00,MC.PA,563.8475952148438,362187,547.6546936035156,63.40871091394834
2022-06-08 22:00:00+00:00,MC.PA,550.6346435546875,561689,548.6948638916016,62.30155283998098
2022-06-09 22:00:00+00:00,MC.PA,536.859375,581378,548.3012847900391,54.39878062872876
2022-06-12 22:00:00+00:00,MC.PA,515.4000854492188,626654,547.1299255371093,49.40081966395599
2022-06-13 22:00:00+00:00,MC.PA,509.7774963378906,456050,544.9699356079102,47.74776190748624
2022-06-14 22:00:00+00:00,MC.PA,517.0867919921875,464959,543.7189224243164,43.21678707077995
2022-06-15 22:00:00+00:00,MC.PA,505.4668273925781,463366,542.3554565429688,29.729672901937562
2022-06-16 22:00:00+00:00,MC.PA,510.4335021972656,886221,541.7978897094727,24.08763673926589
2022-06-19 22:00:00+00:00,MC.PA,508.371826171875,353318,540.9357620239258,26.029831917183046
2022-06-20 22:00:00+00:00,MC.PA,518.6798095703125,380529,541.015412902832,32.208878937373456
2022-06-21 22:00:00+00:00,MC.PA,516.9931640625,349977,541.0482162475586,25.689744719916234
2022-06-22 22:00:00+00:00,MC.PA,530.3934326171875,434800,540.8045700073242,33.33330814671308
2022-06-23 22:00:00+00:00,MC.PA,550.4472045898438,452405,540.5234359741211,40.9588812539007
2022-06-26 22:00:00+00:00,MC.PA,543.7003173828125,390653,539.1927719116211,40.46011085776838
2022-06-27 22:00:00+00:00,MC.PA,552.040283203125,506109,538.813249206543,45.7999998263126
2022-06-28 22:00:00+00:00,MC.PA,551.946533203125,289901,538.4009292602539,50.51469246562451
2022-06-29 22:00:00+00:00,MC.PA,545.1057739257812,513630,537.1639694213867,53.421471940227754
2022-06-30 22:00:00+00:00,MC.PA,543.5128173828125,245106,535.800505065918,63.96653482423232
2022-07-03 22:00:00+00:00,MC.PA,548.4793701171875,227729,534.4651504516602,69.35342339820882
2022-07-04 22:00:00+00:00,MC.PA,536.0159912109375,450195,532.7596420288086,59.0017960866905
2022-07-05 22:00:00+00:00,MC.PA,560.0054931640625,455626,532.5675369262696,73.2058153120831
2022-07-06 22:00:00+00:00,MC.PA,569.37646484375,507602,533.5046279907226,74.17378050535768
2022-07-07 22:00:00+00:00,MC.PA,568.7205200195312,328511,535.0976852416992,75.03901135773707
2022-07-10 22:00:00+00:00,MC.PA,566.2840576171875,265396,537.6418838500977,71.13155650250506
2022-07-11 22:00:00+00:00,MC.PA,572.281494140625,348649,540.7670837402344,73.63787429165497
2022-07-12 22:00:00+00:00,MC.PA,568.0645751953125,345806,543.3159729003906,67.47833346359874
2022-07-13 22:00:00+00:00,MC.PA,568.251953125,361941,546.4552291870117,60.12797411353797
2022-07-14 22:00:00+00:00,MC.PA,570.1261596679688,458417,549.4398620605468,65.91416164510647
2022-07-17 22:00:00+00:00,MC.PA,575.6549682617188,301000,552.8040191650391,64.71961425702857
2022-07-18 22:00:00+00:00,MC.PA,588.5869140625,327709,556.2993743896484,69.68786239393827
2022-07-19 22:00:00+00:00,MC.PA,586.3377685546875,321612,559.7666046142579,73.3050218890472
2022-07-20 22:00:00+00:00,MC.PA,593.459716796875,348545,562.9199188232421,76.57015653836314
2022-07-21 22:00:00+00:00,MC.PA,594.7716674804688,344322,565.1361419677735,75.62228685902309
2022-07-24 22:00:00+00:00,MC.PA,597.3018798828125,232800,567.8162200927734,88.11177238636019
2022-07-25 22:00:00+00:00,MC.PA,585.8692626953125,389982,569.5076690673828,69.06065916508635
2022-07-26 22:00:00+00:00,MC.PA,595.9898071289062,426585,571.7098327636719,69.39874665107766
2022-07-27 22:00:00+00:00,MC.PA,621.1975708007812,531878,575.5144226074219,78.16884058065979
2022-07-28 22:00:00+00:00,MC.PA,632.536376953125,639310,579.9656005859375,82.46081596572212
2022-07-31 22:00:00+00:00,MC.PA,644.9996337890625,358710,584.7916137695313,83.50587597403255
2022-08-01 22:00:00+00:00,MC.PA,636.2847900390625,383180,589.8050537109375,80.1823492178707
2022-08-02 22:00:00+00:00,MC.PA,642.4696044921875,326389,593.9282592773437,81.18104041594482
2022-08-03 22:00:00+00:00,MC.PA,649.4039916992188,301121,597.9296356201172,81.94856305158453
2022-08-04 22:00:00+00:00,MC.PA,639.283447265625,378399,601.4577819824219,74.72683966070386
2022-08-07 22:00:00+00:00,MC.PA,645.7493286132812,214886,605.4310455322266,73.38950516739916
2022-08-08 22:00:00+00:00,MC.PA,636.7532958984375,271132,608.6546356201172,69.54944873928578
2022-08-09 22:00:00+00:00,MC.PA,646.5928344726562,294091,612.5810485839844,70.17797200641405
2022-08-10 22:00:00+00:00,MC.PA,649.96630859375,235955,616.6667663574219,70.63772043892203
2022-08-11 22:00:00+00:00,MC.PA,650.8097534179688,306806,620.7009460449219,70.26261546718243
2022-08-14 22:00:00+00:00,MC.PA,655.4951171875,180890,624.6929534912109,77.78616768888261
2022-08-15 22:00:00+00:00,MC.PA,654.932861328125,267010,628.0102508544921,75.46567292169776
2022-08-16 22:00:00+00:00,MC.PA,656.3385620117188,314633,631.5102905273437,69.11325136739006
2022-08-17 22:00:00+00:00,MC.PA,662.4295654296875,254403,634.9587829589843,67.24330962262371
2022-08-18 22:00:00+00:00,MC.PA,654.37060546875,454452,637.9387298583985,55.6948221606007
2022-08-21 22:00:00+00:00,MC.PA,639.658203125,428495,640.0565460205078,51.910766809700476
2022-08-22 22:00:00+00:00,MC.PA,637.034423828125,306225,642.6148040771484,46.79199443201189
2022-08-23 22:00:00+00:00,MC.PA,643.5941162109375,219765,644.99501953125,46.55560339992546
2022-08-24 22:00:00+00:00,MC.PA,644.4375,216764,646.157015991211,53.43324676085016
2022-08-25 22:00:00+00:00,MC.PA,626.9138793945312,425579,645.8758911132812,39.06424525573932
2022-08-28 22:00:00+00:00,MC.PA,621.1975708007812,381544,644.6857879638671,40.61086047863557
2022-08-29 22:00:00+00:00,MC.PA,620.1668090820312,270293,643.8798889160156,32.151849683818256
2022-08-30 22:00:00+00:00,MC.PA,606.7664184570312,444863,642.0947296142579,24.30323753204894
2022-08-31 22:00:00+00:00,MC.PA,592.9912109375,532866,639.2740905761718,20.193195369604126
2022-09-01 22:00:00+00:00,MC.PA,604.0487670898438,306092,637.5123565673828,25.11327353884073
2022-09-04 22:00:00+00:00,MC.PA,595.052734375,291469,634.9775268554688,23.21873331418844
2022-09-05 22:00:00+00:00,MC.PA,597.957763671875,270512,633.0377502441406,24.234852611044758
2022-09-06 22:00:00+00:00,MC.PA,601.0501098632812,234554,630.7606140136719,22.174988282207593
2022-09-07 22:00:00+00:00,MC.PA,603.01806640625,262423,628.4132019042969,25.35972297552958
2022-09-08 22:00:00+00:00,MC.PA,611.264404296875,300281,626.4359344482422,35.47459449737909
2022-09-11 22:00:00+00:00,MC.PA,617.4492797851562,295910,624.533642578125,40.33304994724922
2022-09-12 22:00:00+00:00,MC.PA,609.9525146484375,336082,622.2846252441407,33.54717846217771
2022-09-13 22:00:00+00:00,MC.PA,613.0448608398438,314609,620.1199401855469,34.977519012600695
2022-09-14 22:00:00+00:00,MC.PA,601.0501098632812,334309,617.0509674072266,36.93176982013266
2022-09-15 22:00:00+00:00,MC.PA,599.26953125,1069261,614.2959136962891,38.46146928713154
2022-09-18 22:00:00+00:00,MC.PA,600.67529296875,301806,612.3467681884765,39.783885392333936
2022-09-19 22:00:00+00:00,MC.PA,594.1156616210938,326586,610.200830078125,42.85713301095605
2022-09-20 22:00:00+00:00,MC.PA,603.1117553710938,290585,608.1767120361328,56.04023642945766
2022-09-21 22:00:00+00:00,MC.PA,585.588134765625,383716,605.234243774414,39.7716105285869
2022-09-22 22:00:00+00:00,MC.PA,565.2532958984375,553484,602.1512145996094,35.332169281776984
2022-09-25 22:00:00+00:00,MC.PA,568.6267700195312,401455,599.5226745605469,35.62901882023496
2022-09-26 22:00:00+00:00,MC.PA,566.1903686523438,427226,596.8238525390625,32.80966512764637
2022-09-27 22:00:00+00:00,MC.PA,574.6241455078125,471935,595.2167388916016,36.83751271810345
2022-09-28 22:00:00+00:00,MC.PA,569.7512817382812,448908,594.0547424316406,30.134558486355772
2022-09-29 22:00:00+00:00,MC.PA,572.0003051757812,477030,592.4523193359375,27.399797257513313
2022-10-02 22:00:00+00:00,MC.PA,569.7512817382812,391198,591.1872467041015,28.90854607087985
2022-10-03 22:00:00+00:00,MC.PA,606.1103515625,574934,591.5948760986328,47.303193537253975
2022-10-04 22:00:00+00:00,MC.PA,597.2081298828125,386410,591.4027770996094,48.46904254051332
2022-10-05 22:00:00+00:00,MC.PA,595.146484375,227173,591.0091979980468,48.360714615052345
2022-10-06 22:00:00+00:00,MC.PA,579.3095703125,398908,589.4114562988282,42.37965039075255
2022-10-09 22:00:00+00:00,MC.PA,572.093994140625,332168,587.1436920166016,42.1822787947809
2022-10-10 22:00:00+00:00,MC.PA,572.093994140625,335449,585.250765991211,38.23734321511152
2022-10-11 22:00:00+00:00,MC.PA,582.7769165039062,471430,583.7373687744141,48.875582422379075
2022-10-12 22:00:00+00:00,MC.PA,578.6536865234375,546414,582.6175476074219,56.158486094935476
2022-10-13 22:00:00+00:00,MC.PA,585.8692626953125,446629,581.9475341796875,57.65392462062407
2022-10-16 22:00:00+00:00,MC.PA,597.5829467773438,288699,581.7929168701172,62.87472515149209
2022-10-17 22:00:00+00:00,MC.PA,596.0835571289062,278773,581.8913116455078,59.33170935493307
2022-10-18 22:00:00+00:00,MC.PA,585.6818237304688,265234,581.0198150634766,56.6096343462133
2022-10-19 22:00:00+00:00,MC.PA,594.1156616210938,360047,581.44619140625,58.72780580488764
2022-10-20 22:00:00+00:00,MC.PA,591.7728881835938,369381,582.7721710205078,58.684381294215974
2022-10-23 22:00:00+00:00,MC.PA,595.8961181640625,324512,584.1356384277344,44.598657846357234
2022-10-24 22:00:00+00:00,MC.PA,616.6057739257812,356513,586.6564086914062,59.11884793168848
2022-10-25 22:00:00+00:00,MC.PA,621.291259765625,383180,588.9897644042969,61.99477596810921
2022-10-26 22:00:00+00:00,MC.PA,614.1694946289062,417211,591.2106750488281,67.38322564150948
2022-10-27 22:00:00+00:00,MC.PA,608.453125,333069,593.033316040039,68.4060233265482
2022-10-30 23:00:00+00:00,MC.PA,598.8010864257812,311885,594.485806274414,62.31630489179968
2022-10-31 23:00:00+00:00,MC.PA,609.8588256835938,246959,594.6732299804687,62.44612969713698
2022-11-01 23:00:00+00:00,MC.PA,596.6458129882812,368720,594.6451141357422,57.63113600203785
2022-11-02 23:00:00+00:00,MC.PA,590.3672485351562,282102,594.40615234375,51.923049824721815
2022-11-03 23:00:00+00:00,MC.PA,624.2901000976562,716225,596.6551788330078,59.595951178347796
2022-11-06 23:00:00+00:00,MC.PA,614.7316284179688,388944,598.787060546875,56.3335091201868
2022-11-07 23:00:00+00:00,MC.PA,616.1372680664062,303787,600.989224243164,61.016903498158634
2022-11-08 23:00:00+00:00,MC.PA,616.6057739257812,256498,602.6806671142579,58.63303587996154
2022-11-09 23:00:00+00:00,MC.PA,643.5941162109375,533108,605.9276885986328,66.72713639456734
2022-11-10 23:00:00+00:00,MC.PA,661.7735595703125,625109,609.7229034423829,69.4952254275874
2022-11-13 23:00:00+00:00,MC.PA,656.6196899414062,375821,612.6747406005859,63.04216699690452
2022-11-14 23:00:00+00:00,MC.PA,659.8994140625,307155,615.8655334472656,62.70035674302135
2022-11-15 23:00:00+00:00,MC.PA,654.6517333984375,367391,619.3140289306641,63.48309056380237
2022-11-16 23:00:00+00:00,MC.PA,652.9649658203125,324395,622.256494140625,65.23411355867482
2022-11-17 23:00:00+00:00,MC.PA,654.2769165039062,553905,625.3816955566406,70.13604272691585
2022-11-20 23:00:00+00:00,MC.PA,655.3077392578125,302141,628.3522766113281,67.79161611291292
2022-11-21 23:00:00+00:00,MC.PA,653.9957275390625,281532,630.2217742919922,74.75721555527802
2022-11-22 23:00:00+00:00,MC.PA,657.7440795898438,231994,632.0444152832031,79.7352786529154
2022-11-23 23:00:00+00:00,MC.PA,658.0252685546875,245547,634.2372039794922,71.17639351095875
2022-11-24 23:00:00+00:00,MC.PA,656.151123046875,312997,636.622103881836,78.7761495542056
2022-11-27 23:00:00+00:00,MC.PA,654.7454833984375,374156,639.4193237304687,76.82301627215297
2022-11-28 23:00:00+00:00,MC.PA,657.837890625,294301,641.8182769775391,77.6383025903327
2022-11-29 23:00:00+00:00,MC.PA,690.9171752929688,1688007,646.5318450927734,79.32643172972544
2022-11-30 23:00:00+00:00,MC.PA,680.2556762695312,392901,651.0262664794922,62.63037636987473
2022-12-01 23:00:00+00:00,MC.PA,674.8779296875,366917,653.5556579589844,62.439319732304064
2022-12-04 23:00:00+00:00,MC.PA,674.123046875,291430,656.5252288818359,60.03581265794002
2022-12-05 23:00:00+00:00,MC.PA,673.8400268554688,347705,659.410366821289,64.55870653078955
2022-12-06 23:00:00+00:00,MC.PA,672.5191650390625,336309,662.2060363769531,64.91916781688843
2022-12-07 23:00:00+00:00,MC.PA,678.3687744140625,279248,663.9447692871094,67.19091747666262
2022-12-08 23:00:00+00:00,MC.PA,679.5952758789062,310103,664.8358551025391,67.28228362563702
2022-12-11 23:00:00+00:00,MC.PA,675.7269897460938,318952,665.7912200927734,64.92051638576896
2022-12-12 23:00:00+00:00,MC.PA,685.6336669921875,433319,667.0779327392578,67.65571618122202
2022-12-13 23:00:00+00:00,MC.PA,686.2940673828125,380723,668.6600494384766,67.81026725629687
2022-12-14 23:00:00+00:00,MC.PA,661.9520263671875,563990,669.1094024658203,52.8483592309592
2022-12-15 23:00:00+00:00,MC.PA,654.5928344726562,921702,669.1251983642578,49.929186531340555
2022-12-18 23:00:00+00:00,MC.PA,648.4601440429688,336655,668.7828186035156,45.76903144153914
2022-12-19 23:00:00+00:00,MC.PA,644.308837890625,355736,668.2984741210937,21.543745057808266
2022-12-20 23:00:00+00:00,MC.PA,652.4226684570312,352533,668.0324035644531,32.46121988704806
2022-12-21 23:00:00+00:00,MC.PA,645.3466796875,273558,667.3984741210937,31.78101978693313
2022-12-22 23:00:00+00:00,MC.PA,635.7230834960938,241292,666.3770721435546,28.64628269607121
2022-12-26 23:00:00+00:00,MC.PA,651.1962890625,249850,666.1996124267578,39.22795635608501
2022-12-27 23:00:00+00:00,MC.PA,647.7997436523438,196630,665.697705078125,38.46825376487371
2022-12-28 23:00:00+00:00,MC.PA,657.1401977539062,198655,664.0088562011719,40.40912648099055
2022-12-29 23:00:00+00:00,MC.PA,641.4783325195312,272368,662.0699890136718,34.766150600710915
2023-01-01 23:00:00+00:00,MC.PA,654.8758544921875,194703,661.0698852539062,42.25643908398746
2023-01-02 23:00:00+00:00,MC.PA,663.0842895507812,316482,660.5179473876954,41.51877765386419
2023-01-03 23:00:00+00:00,MC.PA,696.2950439453125,570725,661.6406982421875,53.02167263049422
2023-01-04 23:00:00+00:00,MC.PA,687.2376098632812,327709,662.3766204833985,58.41714673722014
2023-01-05 23:00:00+00:00,MC.PA,706.4847412109375,318415,663.7824188232422,66.00705276773124
2023-01-08 23:00:00+00:00,MC.PA,716.6744995117188,486846,665.6363800048828,70.52821172551563
2023-01-09 23:00:00+00:00,MC.PA,713.5609130859375,327475,667.528076171875,70.97148269014374
2023-01-10 23:00:00+00:00,MC.PA,728.65673828125,450736,669.6792297363281,72.14920641788763
2023-01-11 23:00:00+00:00,MC.PA,729.9776000976562,462249,671.8634063720704,75.43959945179643
2023-01-12 23:00:00+00:00,MC.PA,740.9220581054688,375528,675.8119079589844,81.37311578918245
2023-01-15 23:00:00+00:00,MC.PA,747.9039306640625,278890,680.4774627685547,80.3793949192111
2023-01-16 23:00:00+00:00,MC.PA,752.3383178710938,388436,685.6713714599609,82.62663498918769
2023-01-17 23:00:00+00:00,MC.PA,756.583984375,425156,691.2851287841797,82.05598282778797
2023-01-18 23:00:00+00:00,MC.PA,732.7138061523438,493048,695.2996856689454,77.9318708423649
2023-01-19 23:00:00+00:00,MC.PA,738.5632934570312,430218,699.9605163574219,76.86253028349228
2023-01-22 23:00:00+00:00,MC.PA,743.5637817382812,244069,705.3525512695312,76.37601447286617
2023-01-23 23:00:00+00:00,MC.PA,749.8851928710938,325598,710.286996459961,71.32134283365039
2023-01-24 23:00:00+00:00,MC.PA,747.5264282226562,282357,715.2733306884766,75.3369982988486
2023-01-25 23:00:00+00:00,MC.PA,756.3009033203125,308282,720.2313659667968,72.95649845529351
2023-01-26 23:00:00+00:00,MC.PA,755.7349243164062,508869,725.9441955566406,69.75193949659507
2023-01-29 23:00:00+00:00,MC.PA,753.6592407226562,296812,730.8833648681641,70.49188304700616
2023-01-30 23:00:00+00:00,MC.PA,754.7913818359375,334681,735.4687194824219,65.5793605400001
2023-01-31 23:00:00+00:00,MC.PA,750.545654296875,292831,738.18125,61.84785918153097
2023-02-01 23:00:00+00:00,MC.PA,763.377197265625,403666,741.9882293701172,62.659654343485926
2023-02-02 23:00:00+00:00,MC.PA,782.530029296875,505251,745.790493774414,67.16563689507223
2023-02-05 23:00:00+00:00,MC.PA,768.18896484375,289604,748.3662170410156,57.15505066451544
2023-02-06 23:00:00+00:00,MC.PA,761.7732543945312,340198,750.7768341064453,52.297448840345126
2023-02-07 23:00:00+00:00,MC.PA,754.8856811523438,319321,752.08828125,61.553522312943514
2023-02-08 23:00:00+00:00,MC.PA,763.4714965820312,275408,753.7629760742187,62.61951705831566
2023-02-09 23:00:00+00:00,MC.PA,752.5269165039062,395687,754.3432189941407,54.28311765886256
2023-02-12 23:00:00+00:00,MC.PA,764.5093383789062,244265,755.1734893798828,56.62960097661287
2023-02-13 23:00:00+00:00,MC.PA,764.697998046875,263811,755.7914733886719,57.94066859459206
2023-02-14 23:00:00+00:00,MC.PA,776.1142578125,378844,756.7679870605468,58.94378963957263
2023-02-15 23:00:00+00:00,MC.PA,776.7747192382812,314812,758.9710327148438,59.48931311242731
2023-02-16 23:00:00+00:00,MC.PA,772.151611328125,439757,760.6504486083984,58.153034726800584
2023-02-19 23:00:00+00:00,MC.PA,767.622802734375,168536,761.8533996582031,55.49268808596424
2023-02-20 23:00:00+00:00,MC.PA,763.1884155273438,264826,762.5185607910156,55.40320228795967
2023-02-21 23:00:00+00:00,MC.PA,763.7545776367188,289482,763.3299682617187,50.18017193700421
2023-02-22 23:00:00+00:00,MC.PA,763.2828369140625,273432,763.6790649414063,38.815852006327184
2023-02-23 23:00:00+00:00,MC.PA,733.3741455078125,839007,762.5610260009765,32.86914737063398
2023-02-26 23:00:00+00:00,MC.PA,749.8851928710938,312317,762.3723236083985,44.679038733464026
2023-02-27 23:00:00+00:00,MC.PA,744.4130249023438,440118,761.8534057617187,45.25240417871662
2023-02-28 23:00:00+00:00,MC.PA,747.4321899414062,379198,761.6977325439453,42.34237331993673
2023-03-01 23:00:00+00:00,MC.PA,758.8484497070312,350482,761.4712951660156,53.004549816487255
2023-03-02 23:00:00+00:00,MC.PA,769.0380249023438,302048,760.7966949462891,52.189749570891955
2023-03-05 23:00:00+00:00,MC.PA,778.378662109375,333821,761.3061798095703,56.0771365577136
2023-03-06 23:00:00+00:00,MC.PA,769.9815673828125,307546,761.7165954589843,47.20068958907712
2023-03-07 23:00:00+00:00,MC.PA,764.603759765625,306714,762.2024993896484,44.673850856392235
2023-03-08 23:00:00+00:00,MC.PA,759.6975708007812,305905,762.013803100586,44.563440954184095
2023-03-09 23:00:00+00:00,MC.PA,757.2444458007812,424800,762.2496795654297,45.385922476312146
2023-03-12 23:00:00+00:00,MC.PA,737.5255737304688,656071,760.9004913330078,39.95571974054864
2023-03-13 23:00:00+00:00,MC.PA,755.2631225585938,471562,760.4287475585937,47.07029407404412
2023-03-14 23:00:00+00:00,MC.PA,730.921142578125,658997,758.169091796875,40.41363130447108
2023-03-15 23:00:00+00:00,MC.PA,756.395263671875,600374,757.1501190185547,57.00344845257839
2023-03-16 23:00:00+00:00,MC.PA,742.8090209960938,932225,755.6829895019531,47.80829541733809
2023-03-19 23:00:00+00:00,MC.PA,759.0370483398438,447024,755.2537017822266,54.24656145497546
2023-03-20 23:00:00+00:00,MC.PA,761.1127319335938,294749,755.1499176025391,53.99447828095328
2023-03-21 23:00:00+00:00,MC.PA,768.849365234375,256456,755.4046569824219,52.98421591914506
2023-03-22 23:00:00+00:00,MC.PA,774.4158935546875,277171,755.9613098144531,51.65025544862803
2023-03-23 23:00:00+00:00,MC.PA,767.4342041015625,375369,757.6643127441406,46.59224285510124
2023-03-26 22:00:00+00:00,MC.PA,770.8307495117188,307155,758.7115905761718,50.27290676996311
2023-03-27 22:00:00+00:00,MC.PA,768.18896484375,331452,759.9003875732421,51.17282402608086
2023-03-28 22:00:00+00:00,MC.PA,775.548095703125,399785,761.3061828613281,55.10326399022796
2023-03-29 22:00:00+00:00,MC.PA,780.265625,335213,762.3770416259765,57.30542037365083
2023-03-30 22:00:00+00:00,MC.PA,796.682373046875,482929,763.7592590332031,69.1743567200905
2023-04-02 22:00:00+00:00,MC.PA,796.3992919921875,263789,764.6602905273437,65.03452045016004
2023-04-03 22:00:00+00:00,MC.PA,802.9093627929688,298342,766.3066802978516,80.25380822637433
2023-04-04 22:00:00+00:00,MC.PA,796.8709106445312,337453,767.9200378417969,70.331726179198
2023-04-05 22:00:00+00:00,MC.PA,782.2468872070312,369459,769.0475036621094,69.6060166181586
2023-04-10 22:00:00+00:00,MC.PA,793.19140625,386327,770.8448516845704,67.9208157968732
2023-04-11 22:00:00+00:00,MC.PA,789.3230590820312,355214,773.4347259521485,64.52866201194234
2023-04-12 22:00:00+00:00,MC.PA,833.9501342773438,567492,777.3690765380859,74.29576935429864
2023-04-13 22:00:00+00:00,MC.PA,842.3472290039062,390098,782.940380859375,74.82759897583284
2023-04-16 22:00:00+00:00,MC.PA,824.232177734375,411960,786.3322265625,69.19635784540233
2023-04-17 22:00:00+00:00,MC.PA,827.9118041992188,337609,790.5873657226563,69.25518781722543
2023-04-18 22:00:00+00:00,MC.PA,834.9879760742188,234283,794.384912109375,71.87880202996165
2023-04-19 22:00:00+00:00,MC.PA,845.838134765625,372465,798.6211822509765,72.50751271924476
2023-04-20 22:00:00+00:00,MC.PA,850.1781005859375,409312,802.6876190185546,72.44087515506583
2023-04-23 22:00:00+00:00,MC.PA,851.0272827148438,319706,806.5181884765625,69.38081906487488
2023-04-24 22:00:00+00:00,MC.PA,845.7024536132812,287091,810.4316009521484,66.97246318528445
2023-04-25 22:00:00+00:00,MC.PA,832.3903198242188,426044,813.5095794677734,59.694709072020274
2023-04-26 22:00:00+00:00,MC.PA,834.0067138671875,301676,816.8004669189453,62.57778516472408
2023-04-27 22:00:00+00:00,MC.PA,828.2064208984375,460819,819.433383178711,66.55592751987258
2023-05-01 22:00:00+00:00,MC.PA,826.0194091796875,351365,821.7210723876954,62.62194749909651
2023-05-02 22:00:00+00:00,MC.PA,836.0035400390625,256993,823.6871307373046,67.14188569192376
2023-05-03 22:00:00+00:00,MC.PA,830.7737426757812,323073,825.4058532714844,48.358654829923566
2023-05-04 22:00:00+00:00,MC.PA,833.8165893554688,320258,826.9512145996093,45.3337357490742
2023-05-07 22:00:00+00:00,MC.PA,841.0431518554688,211356,829.1598266601562,60.43912145388391
2023-05-08 22:00:00+00:00,MC.PA,837.1446533203125,270905,831.9047149658203,55.71778583637421
2023-05-09 22:00:00+00:00,MC.PA,829.442626953125,272477,833.7172760009765,46.592251690652745
2023-05-10 22:00:00+00:00,MC.PA,843.9909057617188,280895,836.4506683349609,48.91418607905113
2023-05-11 22:00:00+00:00,MC.PA,841.89892578125,341785,836.8481079101563,45.0013413677824
2023-05-14 22:00:00+00:00,MC.PA,837.8102416992188,213429,836.6212585449218,42.320448258741756
2023-05-15 22:00:00+00:00,MC.PA,832.9607543945312,279007,837.0576873779297,42.55551624977177
2023-05-16 22:00:00+00:00,MC.PA,831.4393920898438,237058,837.2340667724609,49.35562959703275
2023-05-17 22:00:00+00:00,MC.PA,829.6327514648438,270438,836.9663055419921,47.04372512992462
2023-05-18 22:00:00+00:00,MC.PA,831.34423828125,322885,836.2416107177735,52.24486445228102
2023-05-21 22:00:00+00:00,MC.PA,835.0526733398438,259639,835.4853393554688,56.32491014842071
2023-05-22 22:00:00+00:00,MC.PA,793.2145385742188,548567,832.5947021484375,29.28178754888789
2023-05-23 22:00:00+00:00,MC.PA,776.9545288085938,580209,829.1573059082032,26.45589020613052
2023-05-24 22:00:00+00:00,MC.PA,782.945068359375,451526,826.6850433349609,28.304930774456693
2023-05-25 22:00:00+00:00,MC.PA,802.0575561523438,402885,825.0875854492188,34.90428873803313
2023-05-28 22:00:00+00:00,MC.PA,798.7294311523438,170807,823.613735961914,35.05914905314512
2023-05-29 22:00:00+00:00,MC.PA,794.926025390625,350267,822.0590667724609,36.155598228370934
2023-05-30 22:00:00+00:00,MC.PA,773.911865234375,859625,818.9544830322266,23.27776047768731
2023-05-31 22:00:00+00:00,MC.PA,766.2098388671875,437556,815.7262878417969,22.322706321481462
2023-06-01 22:00:00+00:00,MC.PA,790.0765991210938,407227,813.5392883300781,34.750907651570984
2023-06-04 22:00:00+00:00,MC.PA,774.0069580078125,304374,810.1874786376953,32.42632019245009
2023-06-05 22:00:00+00:00,MC.PA,772.3904418945312,337035,806.9497680664062,32.40793541113575
2023-06-06 22:00:00+00:00,MC.PA,772.770751953125,252880,804.1161743164063,32.914271964776106
2023-06-07 22:00:00+00:00,MC.PA,777.8104248046875,185796,800.8071502685547,34.22973468639198
2023-06-08 22:00:00+00:00,MC.PA,779.712158203125,236130,797.6978118896484,33.52210751514124
2023-06-11 22:00:00+00:00,MC.PA,793.7850952148438,262387,795.4965545654297,50.20354004652592
2023-06-12 22:00:00+00:00,MC.PA,800.5361938476562,292795,793.8753265380859,59.02478790596854
2023-06-13 22:00:00+00:00,MC.PA,808.23828125,277579,792.7152709960938,59.55463473703335
2023-06-14 22:00:00+00:00,MC.PA,802.2477416992188,243104,791.3460205078125,50.079749714887086
2023-06-15 22:00:00+00:00,MC.PA,825.92431640625,1017309,791.0750244140625,59.74116320893607
2023-06-18 22:00:00+00:00,MC.PA,811.47119140625,240093,789.8959503173828,55.50634860405463
2023-06-19 22:00:00+00:00,MC.PA,804.4347534179688,254296,790.4569610595703,61.20028219800894
2023-06-20 22:00:00+00:00,MC.PA,797.1130981445312,292774,791.4648895263672,61.37160229139407
2023-06-21 22:00:00+00:00,MC.PA,797.9688720703125,254059,792.2160797119141,53.49623708449621
2023-06-22 22:00:00+00:00,MC.PA,789.3159790039062,333101,791.5790008544922,57.258807152800095
2023-06-25 22:00:00+00:00,MC.PA,793.97509765625,228317,791.3412841796875,59.94739995443204
2023-06-26 22:00:00+00:00,MC.PA,798.3491821289062,225272,791.5124420166015,61.369431019767234
2023-06-27 22:00:00+00:00,MC.PA,807.9529418945312,233766,793.2144958496094,62.87571495538845
2023-06-28 22:00:00+00:00,MC.PA,812.9926147460938,225721,795.5536346435547,63.844963586532316
2023-06-29 22:00:00+00:00,MC.PA,820.5994873046875,457169,797.0797790527344,61.789272394618216
2023-07-02 22:00:00+00:00,MC.PA,812.8974609375,213569,799.0243041992187,55.38971348643224
2023-07-03 22:00:00+00:00,MC.PA,814.6090087890625,109863,801.1352325439453,52.93084664285554
2023-07-04 22:00:00+00:00,MC.PA,805.861083984375,299439,802.7897491455078,51.62118391527923
2023-07-05 22:00:00+00:00,MC.PA,775.90869140625,444684,802.6946624755859,28.756040400688548
2023-07-06 22:00:00+00:00,MC.PA,784.846923828125,380704,802.9514007568359,38.13560612819067
2023-07-09 22:00:00+00:00,MC.PA,790.0765991210938,219972,802.7659759521484,43.49695530877603
2023-07-10 22:00:00+00:00,MC.PA,807.5725708007812,295807,803.1177947998046,54.33751236447172
2023-07-11 22:00:00+00:00,MC.PA,824.1177368164062,323888,803.911767578125,59.595256023253135
2023-07-12 22:00:00+00:00,MC.PA,834.1968994140625,324073,805.5092254638672,66.29833396945973
2023-07-13 22:00:00+00:00,MC.PA,848.4599609375,301762,806.6360076904297,68.4958345626871
2023-07-16 22:00:00+00:00,MC.PA,816.7959594726562,358674,806.90224609375,55.28320356884394
2023-07-17 22:00:00+00:00,MC.PA,817.0812377929688,226764,807.5345703125,52.7617818643274
2023-07-18 22:00:00+00:00,MC.PA,808.6185913085938,295475,808.1098449707031,48.70348566677208
2023-07-19 22:00:00+00:00,MC.PA,812.0416870117188,324118,808.8134857177735,47.398847791104906
2023-07-20 22:00:00+00:00,MC.PA,825.2588500976562,280046,810.610629272461,53.63537508647364
2023-07-23 22:00:00+00:00,MC.PA,815.46484375,205344,811.6851165771484,50.24027109406111
2023-07-24 22:00:00+00:00,MC.PA,812.0416870117188,262867,812.369741821289,51.7886483016823
2023-07-25 22:00:00+00:00,MC.PA,770.2034912109375,751898,810.4822692871094,48.455205010824834
2023-07-26 22:00:00+00:00,MC.PA,799.0147705078125,486260,809.7833770751953,53.463481595320864
2023-07-27 22:00:00+00:00,MC.PA,799.87060546875,372986,808.7469329833984,52.44656855286152
2023-07-30 22:00:00+00:00,MC.PA,806.4315185546875,344979,808.4236358642578,49.69849001476988
2023-07-31 22:00:00+00:00,MC.PA,788.2699584960938,273202,807.1066833496094,40.60786538702637
2023-08-01 22:00:00+00:00,MC.PA,773.531494140625,416321,805.4902038574219,34.484444513822766
2023-08-02 22:00:00+00:00,MC.PA,771.3444213867188,312193,805.2619903564453,28.97873250905016
2023-08-03 22:00:00+00:00,MC.PA,775.90869140625,251650,804.8150787353516,36.92217890476906
2023-08-06 22:00:00+00:00,MC.PA,777.2398681640625,154744,804.1732421875,37.34140418743753
2023-08-07 22:00:00+00:00,MC.PA,767.5410766601562,289837,802.1716674804687,37.050370509477474
2023-08-08 22:00:00+00:00,MC.PA,767.350830078125,247800,799.3333221435547,35.618123229063926
2023-08-09 22:00:00+00:00,MC.PA,793.6900024414062,360999,797.3079772949219,40.63206366133837
2023-08-10 22:00:00+00:00,MC.PA,780.092529296875,225266,793.8896057128907,39.73511153683202
2023-08-13 22:00:00+00:00,MC.PA,776.0988159179688,219533,791.8547485351562,39.603964590971486
2023-08-14 22:00:00+00:00,MC.PA,764.5933227539062,270647,789.2303527832031,48.032009578208545
2023-08-15 22:00:00+00:00,MC.PA,763.4523315429688,224335,786.9720397949219,34.51992108189852
2023-08-16 22:00:00+00:00,MC.PA,746.52685546875,421390,783.6962982177735,29.6296538003278
2023-08-17 22:00:00+00:00,MC.PA,738.729736328125,490088,779.3698425292969,24.38856794536109
2023-08-20 22:00:00+00:00,MC.PA,745.3858642578125,283048,775.8658935546875,32.2301888987524
2023-08-21 22:00:00+00:00,MC.PA,751.3763427734375,286404,772.8326263427734,40.10202556856295
2023-08-22 22:00:00+00:00,MC.PA,751.5664672851562,218009,771.9007751464844,41.003531489111246
2023-08-23 22:00:00+00:00,MC.PA,745.1956176757812,228144,769.2098175048828,36.25533244579875
2023-08-24 22:00:00+00:00,MC.PA,746.7169799804688,215140,766.5521362304687,36.36365619486762
2023-08-27 22:00:00+00:00,MC.PA,759.2684326171875,241609,764.1939819335937,46.39599275257885
2023-08-28 22:00:00+00:00,MC.PA,770.2034912109375,265269,763.290658569336,51.1363835295628
2023-08-29 22:00:00+00:00,MC.PA,764.498291015625,280091,762.838998413086,36.08340234257019
2023-08-30 22:00:00+00:00,MC.PA,743.7693481445312,593584,761.4602447509766,33.78608781224611
2023-08-31 22:00:00+00:00,MC.PA,737.6837768554688,404239,759.5489990234375,33.16669198559602
2023-09-03 22:00:00+00:00,MC.PA,734.6409301757812,172252,757.4190521240234,35.82358079813639
2023-09-04 22:00:00+00:00,MC.PA,721.8042602539062,389606,755.132211303711,32.25283933971892
2023-09-05 22:00:00+00:00,MC.PA,695.560302734375,699773,751.5426849365234,29.87989174643684
2023-09-06 22:00:00+00:00,MC.PA,688.5238647460938,504991,746.2843780517578,30.06043152911404
2023-09-07 22:00:00+00:00,MC.PA,703.642578125,489542,742.461880493164,34.46561057113108
2023-09-10 22:00:00+00:00,MC.PA,705.734619140625,301258,738.9436706542969,32.507284401369105
2023-09-11 22:00:00+00:00,MC.PA,698.3178100585938,259306,735.6298950195312,30.662997385459818
2023-09-12 22:00:00+00:00,MC.PA,693.753662109375,367484,732.1449615478516,31.07070425761765
2023-09-13 22:00:00+00:00,MC.PA,706.1148681640625,551528,730.1243621826172,36.163313358390404
2023-09-14 22:00:00+00:00,MC.PA,723.8010864257812,1180906,729.3779296875,38.32187889498801
2023-09-17 22:00:00+00:00,MC.PA,706.0198364257812,330109,727.4096282958984,29.77830817636429
2023-09-18 22:00:00+00:00,MC.PA,700.5999145507812,279403,724.8708068847657,29.831933906306645
2023-09-19 22:00:00+00:00,MC.PA,700.5048217773438,332191,722.317724609375,34.29951776422631
2023-09-20 22:00:00+00:00,MC.PA,693.4683227539062,380318,719.7313598632812,34.0644140604721
2023-09-21 22:00:00+00:00,MC.PA,696.3209228515625,349467,717.211557006836,36.170212765957444
2023-09-24 22:00:00+00:00,MC.PA,678.2544555664062,470987,713.1608581542969,34.85449258135043
2023-09-25 22:00:00+00:00,MC.PA,668.4605102539062,515396,708.0737091064453,39.35771869380782
2023-09-26 22:00:00+00:00,MC.PA,664.3718872070312,354047,703.0673889160156,40.29054794144089
2023-09-27 22:00:00+00:00,MC.PA,671.3131713867188,377885,699.444580078125,36.08842935311596
2023-09-28 22:00:00+00:00,MC.PA,681.2022094726562,546642,696.6205017089844,40.10734909079632
2023-10-01 22:00:00+00:00,MC.PA,679.7759399414062,308586,693.8772521972656,42.14344605281806
2023-10-02 22:00:00+00:00,MC.PA,670.6475219726562,319819,691.3194152832032,40.57406499065052
2023-10-03 22:00:00+00:00,MC.PA,677.4937744140625,323333,690.4160888671875,37.774184498935746
2023-10-04 22:00:00+00:00,MC.PA,685.1957397460938,330234,690.2496826171875,31.97151287541415
2023-10-05 22:00:00+00:00,MC.PA,693.8487548828125,392760,689.7599914550781,43.78642174345756
2023-10-08 22:00:00+00:00,MC.PA,675.7822265625,370296,688.2623718261718,38.77900985792903
2023-10-09 22:00:00+00:00,MC.PA,697.4620361328125,499891,688.2195831298828,48.84891837163499
2023-10-10 22:00:00+00:00,MC.PA,652.3908081054688,1544205,686.1514404296875,37.93296101405485
2023-10-11 22:00:00+00:00,MC.PA,641.8362426757812,628130,682.9375091552735,34.68734936968988
2023-10-12 22:00:00+00:00,MC.PA,628.1437377929688,442278,678.1546417236328,35.561654377575465
2023-10-15 22:00:00+00:00,MC.PA,634.3243408203125,381824,674.5698669433593,39.95522941869725
2023-10-16 22:00:00+00:00,MC.PA,635.5604858398438,319434,671.3178955078125,41.3773236944129
2023-10-17 22:00:00+00:00,MC.PA,634.8948364257812,350645,668.0373962402343,38.6753269035718
2023-10-18 22:00:00+00:00,MC.PA,637.6524047851562,364426,665.2466003417969,35.82921495058338
2023-10-19 22:00:00+00:00,MC.PA,631.3766479492188,427190,661.9993865966796,34.73304870028356
2023-10-22 22:00:00+00:00,MC.PA,636.511474609375,294529,659.9122375488281,38.95390933075051
2023-10-23 22:00:00+00:00,MC.PA,647.5413818359375,389751,658.8662811279297,40.56320770173321
2023-10-24 22:00:00+00:00,MC.PA,645.7348022460938,367371,657.9344268798828,37.087785674114215
2023-10-25 22:00:00+00:00,MC.PA,635.5604858398438,314944,656.1467926025391,31.11521283365441
2023-10-26 22:00:00+00:00,MC.PA,628.9044189453125,331043,653.5319030761718,33.59947008961669
2023-10-29 23:00:00+00:00,MC.PA,638.0327758789062,238715,651.4447448730468,27.206427312331883
2023-10-30 23:00:00+00:00,MC.PA,641.36083984375,349214,649.9804107666016,43.77688167414504
2023-10-31 23:00:00+00:00,MC.PA,642.1214599609375,244374,648.2117950439454,50.18091352619937
2023-11-01 23:00:00+00:00,MC.PA,666.6538696289062,434576,647.284701538086,71.47400248587232
2023-11-02 23:00:00+00:00,MC.PA,668.2703247070312,323785,646.0057800292968,69.94412342047
2023-11-05 23:00:00+00:00,MC.PA,662.945556640625,273395,645.3639465332031,65.35186555086494
2023-11-06 23:00:00+00:00,MC.PA,663.2308349609375,255096,643.6523864746093,65.95298262156213
2023-11-07 23:00:00+00:00,MC.PA,668.93603515625,327672,644.4796478271485,67.04670098505161
2023-11-08 23:00:00+00:00,MC.PA,679.3004760742188,351238,646.3528594970703,75.00009551937706
2023-11-09 23:00:00+00:00,MC.PA,653.3416748046875,518915,647.6127563476563,57.21265868079278
2023-11-12 23:00:00+00:00,MC.PA,654.6729736328125,286839,648.6301879882812,53.3333713711886
2023-11-13 23:00:00+00:00,MC.PA,672.1689453125,458565,650.4606109619141,60.77519225554126
2023-11-14 23:00:00+00:00,MC.PA,683.6744995117188,419937,652.8995941162109,69.40186246065727
2023-11-15 23:00:00+00:00,MC.PA,671.408203125,427139,654.5873840332031,66.3976200702262
2023-11-16 23:00:00+00:00,MC.PA,676.6380004882812,398176,656.8504516601563,65.35549027700225
2023-11-19 23:00:00+00:00,MC.PA,682.4383544921875,277032,659.1467956542969,66.02371555806131
2023-11-20 23:00:00+00:00,MC.PA,669.5064697265625,321471,660.2450500488281,59.756074225799864
2023-11-21 23:00:00+00:00,MC.PA,677.3035888671875,253674,661.8234893798829,54.30767810262191
2023-11-22 23:00:00+00:00,MC.PA,676.6380004882812,150123,663.8773651123047,53.41085734189182
2023-11-23 23:00:00+00:00,MC.PA,672.1689453125,231022,666.0405914306641,53.786077928325184
2023-11-26 23:00:00+00:00,MC.PA,663.0405883789062,294670,667.290982055664,49.927192119837514
2023-11-27 23:00:00+00:00,MC.PA,650.8694458007812,478189,667.7664123535156,43.41191620932623
2023-11-28 23:00:00+00:00,MC.PA,656.57470703125,292643,668.4890747070312,41.42142056348659
2023-11-29 23:00:00+00:00,MC.PA,668.1752319335938,1013823,668.5651428222657,56.280178880688155
2023-11-30 23:00:00+00:00,MC.PA,664.8472290039062,384902,668.3939880371094,54.235922821051666
2023-12-03 23:00:00+00:00,MC.PA,669.6393432617188,246110,668.7286773681641,48.822247292547004
2023-12-04 23:00:00+00:00,MC.PA,683.5362548828125,386508,669.7439483642578,49.93703698555881
2023-12-05 23:00:00+00:00,MC.PA,688.7116088867188,351158,670.7327270507812,58.42494815741127
2023-12-06 23:00:00+00:00,MC.PA,685.8363647460938,279958,671.059521484375,54.58373886807144
2023-12-07 23:00:00+00:00,MC.PA,708.3589477539062,572988,673.8103851318359,61.071579964930336
2023-12-10 23:00:00+00:00,MC.PA,709.2214965820312,368183,676.5378112792969,68.9137536021505
2023-12-11 23:00:00+00:00,MC.PA,703.0877075195312,322591,678.0837493896485,62.477014308574454
2023-12-12 23:00:00+00:00,MC.PA,703.9502563476562,408010,679.0975372314454,63.19133933288054
2023-12-13 23:00:00+00:00,MC.PA,715.7386474609375,477648,681.3140594482422,69.65383073575148
2023-12-14 23:00:00+00:00,MC.PA,717.2721557617188,822557,683.3457672119141,76.26278808286051
2023-12-17 23:00:00+00:00,MC.PA,710.9466552734375,272780,684.7711822509766,80.83973383279891
2023-12-18 23:00:00+00:00,MC.PA,714.4927368164062,311605,687.0204956054688,80.40536686867935
2023-12-19 23:00:00+00:00,MC.PA,715.8345336914062,272127,688.9470428466797,78.0400378056628
2023-12-20 23:00:00+00:00,MC.PA,712.4801635742188,246163,690.7391510009766,78.015832672801
2023-12-21 23:00:00+00:00,MC.PA,707.0172119140625,290012,692.4815643310546,71.81207958074009
2023-12-26 23:00:00+00:00,MC.PA,704.8128662109375,185900,694.5701782226563,64.3782233822457
2023-12-27 23:00:00+00:00,MC.PA,700.5958251953125,162422,697.0564971923828,58.13645233946354
2023-12-28 23:00:00+00:00,MC.PA,703.0877075195312,139158,699.3821472167969,61.873348041678504
2024-01-01 23:00:00+00:00,MC.PA,692.9285278320312,271775,700.6198120117188,37.20188074824946
2024-01-02 23:00:00+00:00,MC.PA,666.4765625,422816,700.7012786865234,25.111642284119753
2024-01-03 23:00:00+00:00,MC.PA,668.7766723632812,307568,700.6581451416016,29.0887542796945
2024-01-04 23:00:00+00:00,MC.PA,660.2468872070312,346418,699.4936767578125,25.641023896450974
2024-01-07 23:00:00+00:00,MC.PA,662.5470581054688,337785,698.18544921875,16.845887135614845
2024-01-08 23:00:00+00:00,MC.PA,652.3880004882812,316477,696.5130310058594,13.484320126626102
2024-01-09 23:00:00+00:00,MC.PA,654.59228515625,330019,693.8246978759765,16.741997346016362
2024-01-10 23:00:00+00:00,MC.PA,644.2415161132812,401115,690.5756988525391,11.622976947032186
2024-01-11 23:00:00+00:00,MC.PA,642.0371704101562,518369,687.5231719970703,10.062151438639319
2024-01-14 23:00:00+00:00,MC.PA,641.3662719726562,237797,684.3939727783203,10.363148713119742
2024-01-15 23:00:00+00:00,MC.PA,638.5868530273438,302654,680.5363830566406,10.682716727369893
2024-01-16 23:00:00+00:00,MC.PA,620.4730224609375,512431,675.6964263916016,9.031575202348137
2024-01-17 23:00:00+00:00,MC.PA,635.8074951171875,625730,671.9394683837891,21.596565981554093
2024-01-18 23:00:00+00:00,MC.PA,631.973876953125,341063,667.813525390625,19.18595394749022
2024-01-21 23:00:00+00:00,MC.PA,635.3283081054688,307905,663.7882141113281,23.477425563152437
2024-01-22 23:00:00+00:00,MC.PA,642.5164184570312,346518,660.2900268554688,36.58796574996601
2024-01-23 23:00:00+00:00,MC.PA,654.9757080078125,525671,657.6879516601563,43.063620874876754
2024-01-24 23:00:00+00:00,MC.PA,656.7965698242188,388550,655.2871368408203,48.14046297307504
2024-01-25 23:00:00+00:00,MC.PA,740.9447631835938,1519188,657.3045837402344,72.44788535477106
2024-01-28 23:00:00+00:00,MC.PA,744.0117797851562,489398,659.3507873535157,77.34555910003046
2024-01-29 23:00:00+00:00,MC.PA,749.474609375,353778,662.178091430664,77.77779366104971
2024-01-30 23:00:00+00:00,MC.PA,741.4239501953125,460942,665.9254608154297,78.83957548377889
2024-01-31 23:00:00+00:00,MC.PA,738.5487670898438,264135,669.4140655517579,78.52691937717437
2024-02-01 23:00:00+00:00,MC.PA,745.7367553710938,337368,673.6885589599609,79.70540678198114
2024-02-04 23:00:00+00:00,MC.PA,748.2286987304688,259307,677.9726409912109,81.25686429813291
2024-02-05 23:00:00+00:00,MC.PA,747.07861328125,220386,682.7071716308594,89.9576596047973
2024-02-06 23:00:00+00:00,MC.PA,751.4872436523438,324975,687.5519195556641,89.21378238457747
2024-02-07 23:00:00+00:00,MC.PA,771.0387573242188,487589,693.8917816162109,92.60129319935396
2024-02-08 23:00:00+00:00,MC.PA,773.9140014648438,362765,700.4856231689453,92.57950742079262
2024-02-11 23:00:00+00:00,MC.PA,787.7151489257812,371867,707.8030670166015,92.86927313092869
2024-02-12 23:00:00+00:00,MC.PA,767.49267578125,333391,714.2483581542969,81.76403733917056
2024-02-13 23:00:00+00:00,MC.PA,769.2177734375,208942,721.685595703125,81.75417194923357
2024-02-14 23:00:00+00:00,MC.PA,781.6771240234375,305395,728.9790771484375,69.33574702166582
2024-02-15 23:00:00+00:00,MC.PA,781.8687744140625,387495,736.4738220214844,68.47515463751702
2024-02-18 23:00:00+00:00,MC.PA,787.7151489257812,141478,744.0931640625,68.5927305510696
2024-02-19 23:00:00+00:00,MC.PA,786.0858154296875,199095,751.2716339111328,73.16101995340829
2024-02-20 23:00:00+00:00,MC.PA,787.4275512695312,209929,757.8942260742188,75.75751532913577
2024-02-21 23:00:00+00:00,MC.PA,805.4456176757812,392244,765.3266784667969,78.24111603029107
2024-02-22 23:00:00+00:00,MC.PA,814.7421264648438,329686,769.0165466308594,79.55700137023307
2024-02-25 23:00:00+00:00,MC.PA,807.1707763671875,236443,772.1744964599609,75.26186849818956
2024-02-26 23:00:00+00:00,MC.PA,815.0296630859375,253401,775.4522491455078,75.95926026958679
2024-02-27 23:00:00+00:00,MC.PA,812.4419555664062,183244,779.0031494140625,69.63634195226952
2024-02-28 23:00:00+00:00,MC.PA,807.7457885742188,534253,782.4630004882813,65.77300531097549
2024-02-29 23:00:00+00:00,MC.PA,811.196044921875,233276,785.7359649658204,62.1166758108681
2024-03-03 23:00:00+00:00,MC.PA,804.8705444335938,190896,788.5680572509766,72.51733477271942
2024-03-04 23:00:00+00:00,MC.PA,794.6156616210938,190990,790.9449096679688,63.87441642421167
2024-03-05 23:00:00+00:00,MC.PA,797.969970703125,212634,793.2690460205079,59.88370973642157
2024-03-06 23:00:00+00:00,MC.PA,804.8705444335938,277910,794.9606353759766,62.903255627312404
2024-03-07 23:00:00+00:00,MC.PA,809.7584838867188,228912,796.7528594970703,62.50001730546922
2024-03-10 23:00:00+00:00,MC.PA,815.0296630859375,203515,798.1185852050781,65.76203651138272
2024-03-11 23:00:00+00:00,MC.PA,823.27197265625,297304,800.9075500488282,68.15539179043341
2024-03-12 23:00:00+00:00,MC.PA,831.1309814453125,302204,804.0032104492187,64.50223342437957
2024-03-13 23:00:00+00:00,MC.PA,836.498046875,321508,806.7442565917969,62.853985954875874
2024-03-14 23:00:00+00:00,MC.PA,826.4347534179688,800577,808.9725555419922,61.05611832762465
2024-03-17 23:00:00+00:00,MC.PA,822.409423828125,159251,810.7072692871094,54.4303982998058
2024-03-18 23:00:00+00:00,MC.PA,824.422119140625,234362,812.6240844726562,57.24222564789034
2024-03-19 23:00:00+00:00,MC.PA,811.00439453125,366591,813.8029266357422,51.78198198559034
2024-03-20 23:00:00+00:00,MC.PA,812.6336669921875,312507,814.1623291015625,50.80214522935755
2024-03-21 23:00:00+00:00,MC.PA,794.1363525390625,368170,813.1320404052734,44.72691772841508
2024-03-24 23:00:00+00:00,MC.PA,791.1653442382812,307087,812.3317687988281,48.174416381617704
2024-03-25 23:00:00+00:00,MC.PA,787.6192626953125,362907,810.9612487792969,44.53446984492856
2024-03-26 23:00:00+00:00,MC.PA,795.765625,290229,810.1274322509765,45.25471983204237
2024-03-27 23:00:00+00:00,MC.PA,799.0242919921875,456534,809.691357421875,44.30892914581352
2024-04-01 22:00:00+00:00,MC.PA,787.6192626953125,383110,808.5125183105469,36.35499639043575
2024-04-02 22:00:00+00:00,MC.PA,782.0604248046875,360199,807.3720123291016,28.921582705964184
2024-04-03 22:00:00+00:00,MC.PA,785.3191528320312,218756,806.9071868896484,25.41160237464547
2024-04-04 22:00:00+00:00,MC.PA,766.5342407226562,419609,805.335400390625,17.176336914397496
2024-04-07 22:00:00+00:00,MC.PA,773.7222900390625,245195,803.7779876708985,24.584157582513683
2024-04-08 22:00:00+00:00,MC.PA,762.1256713867188,244279,801.3963470458984,22.911365395385474
2024-04-09 22:00:00+00:00,MC.PA,760.01708984375,262823,798.645718383789,21.084378288319883
2024-04-10 22:00:00+00:00,MC.PA,757.62109375,231588,795.3631744384766,23.40024086712164
2024-04-11 22:00:00+00:00,MC.PA,748.7079467773438,285370,791.2420227050782,20.30283560328661
2024-04-14 22:00:00+00:00,MC.PA,761.7422485351562,344661,787.5042327880859,34.146388090517135
2024-04-15 22:00:00+00:00,MC.PA,749.282958984375,345405,783.6466430664062,31.24466681863329
2024-04-16 22:00:00+00:00,MC.PA,770.5596313476562,504860,781.0541534423828,43.4074251585138
2024-04-17 22:00:00+00:00,MC.PA,763.6589965820312,300881,778.0159973144531,37.47199844529747
2024-04-18 22:00:00+00:00,MC.PA,763.4674072265625,348245,775.6391479492188,35.78547774579761
2024-04-21 22:00:00+00:00,MC.PA,763.6589965820312,195796,773.1904144287109,39.47809259353566
2024-04-22 22:00:00+00:00,MC.PA,773.6244506835938,230251,772.1648193359375,46.43346133976858
2024-04-23 22:00:00+00:00,MC.PA,774.2050170898438,242086,771.3168029785156,45.19232393979461
2024-04-24 22:00:00+00:00,MC.PA,752.7261352539062,312597,769.5721466064454,44.1630261692679
2024-04-25 22:00:00+00:00,MC.PA,766.46484375,230329,768.1071075439453,47.093115358137496
2024-04-28 22:00:00+00:00,MC.PA,753.8871459960938,228207,765.8502502441406,46.725887561477535
2024-04-29 22:00:00+00:00,MC.PA,749.2431030273438,316018,763.9314422607422,45.80284117415162
2024-05-01 22:00:00+00:00,MC.PA,742.08349609375,233167,761.9325958251953,44.16372064872003
2024-05-02 22:00:00+00:00,MC.PA,756.59619140625,232682,760.4964477539063,52.84339492214606
2024-05-05 22:00:00+00:00,MC.PA,756.3059692382812,131557,759.9850341796875,47.84219232561993
2024-05-06 22:00:00+00:00,MC.PA,763.7557983398438,215579,759.4867095947266,55.98257928860887
2024-05-07 22:00:00+00:00,MC.PA,762.3045043945312,204110,759.4956512451172,45.918670336037074
2024-05-08 22:00:00+00:00,MC.PA,763.3688354492188,150180,759.6632385253906,49.84775878125044
2024-05-09 22:00:00+00:00,MC.PA,762.7882690429688,303924,759.921597290039,49.64511954052756
2024-05-12 22:00:00+00:00,MC.PA,757.1766967773438,167046,760.3450347900391,46.794288239384926
2024-05-13 22:00:00+00:00,MC.PA,766.1746215820312,196008,760.5666534423829,46.28021649823852
2024-05-14 22:00:00+00:00,MC.PA,763.3688354492188,288308,761.270947265625,44.7069913983393
2024-05-15 22:00:00+00:00,MC.PA,760.4662475585938,199466,760.7662780761718,54.61892940082928
2024-05-16 22:00:00+00:00,MC.PA,757.7572021484375,337814,760.4711883544921,44.0159590085684
2024-05-19 22:00:00+00:00,MC.PA,753.7903442382812,139035,759.9873352050781,49.92454618287417
2024-05-20 22:00:00+00:00,MC.PA,743.147705078125,289755,758.9617706298828,45.655141809259035
2024-05-21 22:00:00+00:00,MC.PA,727.4740600585938,384139,756.6542510986328,40.713436053102654
2024-05-22 22:00:00+00:00,MC.PA,728.3447875976562,233402,754.3612396240235,28.27384277143439
2024-05-23 22:00:00+00:00,MC.PA,725.6357421875,250821,753.0067199707031,27.25970228144695
2024-05-26 22:00:00+00:00,MC.PA,731.6343383789062,137570,751.2651947021484,25.659888335127818
2024-05-27 22:00:00+00:00,MC.PA,721.1851806640625,260605,749.6300964355469,22.580713431603897
2024-05-28 22:00:00+00:00,MC.PA,700.6739501953125,531558,747.2016387939453,16.80329590706927
2024-05-29 22:00:00+00:00,MC.PA,710.5425415039062,293903,745.6245910644532,24.813423833023606
2024-05-30 22:00:00+00:00,MC.PA,711.0262451171875,556189,743.34609375,26.594650747140918
2024-06-02 22:00:00+00:00,MC.PA,714.0255737304688,220908,741.2320739746094,21.83901226755262
2024-06-03 22:00:00+00:00,MC.PA,711.1229858398438,239063,738.6004333496094,21.816203914668563
2024-06-04 22:00:00+00:00,MC.PA,728.1512451171875,282633,736.8927703857422,34.87315367556346
2024-06-05 22:00:00+00:00,MC.PA,737.9232177734375,348718,735.6204895019531,41.29143775961409
2024-06-06 22:00:00+00:00,MC.PA,737.7296752929688,334398,734.3675598144531,42.70652708977298
2024-06-09 22:00:00+00:00,MC.PA,722.055908203125,349551,732.6115203857422,40.84033889643429
2024-06-10 22:00:00+00:00,MC.PA,712.6710205078125,436146,729.9363403320312,43.19996994375107
2024-06-11 22:00:00+00:00,MC.PA,711.5100708007812,356415,727.3434020996094,42.28724921396046
2024-06-12 22:00:00+00:00,MC.PA,707.7367553710938,317043,724.7069274902344,41.87885450965514
2024-06-13 22:00:00+00:00,MC.PA,688.2897338867188,617570,721.2335540771485,32.47262635905648
2024-06-16 22:00:00+00:00,MC.PA,694.0947875976562,349463,718.2487762451171,38.617884719440546
2024-06-17 22:00:00+00:00,MC.PA,687.0319213867188,322705,715.4429870605469,43.53800420601737
2024-06-18 22:00:00+00:00,MC.PA,684.0325927734375,302306,713.2709136962891,36.5686157484688
2024-06-19 22:00:00+00:00,MC.PA,690.418212890625,375045,711.3745849609375,40.14804111630751
2024-06-20 22:00:00+00:00,MC.PA,693.9979858398438,902570,709.7926971435547,40.47837371045472
2024-06-23 22:00:00+00:00,MC.PA,702.899169921875,262912,708.3559387207031,46.301161379160405
2024-06-24 22:00:00+00:00,MC.PA,712.8645629882812,315702,707.939907836914,42.658023241565836
2024-06-25 22:00:00+00:00,MC.PA,703.3828735351562,314903,708.0753540039062,33.36437581390973
2024-06-26 22:00:00+00:00,MC.PA,692.2564697265625,288905,707.1610504150391,30.18549280618973
2024-06-27 22:00:00+00:00,MC.PA,690.418212890625,397918,706.130648803711,34.32407650462277
2024-06-30 22:00:00+00:00,MC.PA,688.8701782226562,302616,704.8728790283203,37.214144303477056
2024-07-01 22:00:00+00:00,MC.PA,686.5481567382812,270194,703.6441375732422,36.75563258681237
2024-07-02 22:00:00+00:00,MC.PA,691.5792236328125,323582,701.8155364990234,41.54000239043468
2024-07-03 22:00:00+00:00,MC.PA,696.4168090820312,177633,699.7402160644531,55.023890589250904
2024-07-04 22:00:00+00:00,MC.PA,693.1272583007812,172452,697.5100952148438,49.38270739582896
2024-07-07 22:00:00+00:00,MC.PA,673.0997314453125,475097,695.0622863769531,42.3728972131245
2024-07-08 22:00:00+00:00,MC.PA,664.5855712890625,472423,692.6580139160156,39.96005702178399
2024-07-09 22:00:00+00:00,MC.PA,674.9379272460938,328745,690.8294067382812,42.32242956422661
2024-07-10 22:00:00+00:00,MC.PA,686.9351806640625,304957,689.7893280029297,46.767076519907356
2024-07-11 22:00:00+00:00,MC.PA,701.25439453125,319569,690.4375610351562,49.28270037701617
2024-07-14 22:00:00+00:00,MC.PA,682.6781005859375,268855,689.8667266845703,37.75510456718568
2024-07-15 22:00:00+00:00,MC.PA,669.6166381835938,301037,688.995962524414,36.68956185405785
2024-07-16 22:00:00+00:00,MC.PA,667.7783813476562,411556,688.183251953125,39.588491938427474
2024-07-17 22:00:00+00:00,MC.PA,667.8751220703125,297447,687.0560974121094,40.26733689740367
2024-07-18 22:00:00+00:00,MC.PA,657.7161865234375,531464,685.2420074462891,37.480555908477506
2024-07-21 22:00:00+00:00,MC.PA,669.6166381835938,300825,683.577880859375,43.68230948270757
2024-07-22 22:00:00+00:00,MC.PA,669.1328735351562,278780,681.3912963867188,41.33034601669899
2024-07-23 22:00:00+00:00,MC.PA,637.9789428710938,884635,678.1210998535156,31.242246684539296
2024-07-24 22:00:00+00:00,MC.PA,631.3998413085938,454726,675.0782684326172,30.596117466030705
2024-07-25 22:00:00+00:00,MC.PA,641.5587158203125,354343,672.6352935791016,39.429302446220696
2024-07-28 22:00:00+00:00,MC.PA,633.431640625,285420,669.8633666992188,39.53187038556194
2024-07-29 22:00:00+00:00,MC.PA,631.2063598632812,373851,667.0962768554688,34.45670556731339
2024-07-30 22:00:00+00:00,MC.PA,631.786865234375,521957,664.1066589355469,28.667660782871238
2024-07-31 22:00:00+00:00,MC.PA,621.1442260742188,501010,660.3430297851562,18.10477182406126
2024-08-01 22:00:00+00:00,MC.PA,610.0177612304688,523366,656.1875549316406,19.246509556450306
2024-08-04 22:00:00+00:00,MC.PA,604.0192260742188,724542,652.733529663086,20.47038653023992
2024-08-05 22:00:00+00:00,MC.PA,601.6972045898438,421207,649.589111328125,20.3816149862177
2024-08-06 22:00:00+00:00,MC.PA,610.8885498046875,365579,646.3866424560547,26.383307229378886
2024-08-07 22:00:00+00:00,MC.PA,612.726806640625,282647,642.6762237548828,29.974146727914686
2024-08-08 22:00:00+00:00,MC.PA,615.339111328125,256475,638.3804595947265,23.661939961225187
2024-08-11 22:00:00+00:00,MC.PA,614.4683227539062,260891,634.969970703125,23.57339706706796
2024-08-12 22:00:00+00:00,MC.PA,613.5975341796875,247798,632.1690155029297,33.33327770318702
2024-08-13 22:00:00+00:00,MC.PA,623.272705078125,385129,629.9437316894531,44.6700349126623
2024-08-14 22:00:00+00:00,MC.PA,634.6893920898438,317095,628.2844451904297,45.56805607513438
2024-08-15 22:00:00+00:00,MC.PA,636.7210693359375,293393,627.2346893310547,52.30344195620323
2024-08-18 22:00:00+00:00,MC.PA,652.5884399414062,372040,626.3832794189453,62.57110458815678
2024-08-19 22:00:00+00:00,MC.PA,655.7811889648438,282425,625.7156951904296,63.68651600194685
2024-08-20 22:00:00+00:00,MC.PA,656.7487182617188,233343,626.654183959961,72.82875149101633
2024-08-21 22:00:00+00:00,MC.PA,655.9747314453125,201641,627.8829284667969,83.97715960748603
2024-08-22 22:00:00+00:00,MC.PA,658.9739990234375,263102,628.7536926269531,92.5149471572778
2024-08-25 22:00:00+00:00,MC.PA,659.8447875976562,144375,630.074349975586,96.01833603833371
2024-08-26 22:00:00+00:00,MC.PA,648.0410766601562,293654,630.9160858154297,78.23523245209992
2024-08-27 22:00:00+00:00,MC.PA,644.5580444335938,282346,631.5546447753907,73.60112375313273
2024-08-28 22:00:00+00:00,MC.PA,655.3941650390625,267209,633.2671417236328,76.47054552729573
2024-08-29 22:00:00+00:00,MC.PA,652.3948974609375,410037,635.3859985351562,74.37811940703706
2024-09-01 22:00:00+00:00,MC.PA,651.3306274414062,212577,637.7515686035156,74.19357868463297
2024-09-02 22:00:00+00:00,MC.PA,649.1053466796875,250244,640.1219757080078,68.31277821237946
2024-09-03 22:00:00+00:00,MC.PA,621.7247314453125,577522,640.663784790039,42.50560104999841
2024-09-04 22:00:00+00:00,MC.PA,599.0848999023438,745288,639.981689453125,32.430052843960155
2024-09-05 22:00:00+00:00,MC.PA,592.1187744140625,546371,638.8206726074219,19.21177214222186
2024-09-08 22:00:00+00:00,MC.PA,596.1823120117188,402861,637.9063720703125,19.92184660347533
2024-09-09 22:00:00+00:00,MC.PA,592.5057983398438,324128,636.8517852783203,18.44103089346258
2024-09-10 22:00:00+00:00,MC.PA,587.2811889648438,453877,635.0522094726563,17.668445252886926
2024-09-11 22:00:00+00:00,MC.PA,587.0877075195312,438724,632.6721252441406,15.247873920584269
2024-09-12 22:00:00+00:00,MC.PA,588.345458984375,545500,630.2533447265625,15.563783922661713
2024-09-15 22:00:00+00:00,MC.PA,583.9916381835938,338885,626.8235046386719,16.767015109904023
2024-09-16 22:00:00+00:00,MC.PA,587.9584350585938,519693,623.4323669433594,20.779161031486836
2024-09-17 22:00:00+00:00,MC.PA,576.541748046875,674035,619.4220184326172,9.533224329217475
2024-09-18 22:00:00+00:00,MC.PA,594.0537719726562,488717,616.3259704589843,23.941207613545345
2024-09-19 22:00:00+00:00,MC.PA,572.6717529296875,1100069,612.0108581542969,20.263339937136962
2024-09-22 22:00:00+00:00,MC.PA,575.7677612304688,488038,607.8070068359375,22.456364595802583
2024-09-23 22:00:00+00:00,MC.PA,594.1505126953125,615136,605.1124786376953,38.893183031776324
2024-09-24 22:00:00+00:00,MC.PA,597.4400634765625,356730,602.7565795898438,49.21511257072259
2024-09-25 22:00:00+00:00,MC.PA,656.4584350585938,1241572,602.8097930908203,70.51203568538979
2024-09-26 22:00:00+00:00,MC.PA,680.5496215820312,1037670,604.217529296875,73.85122683507609
2024-09-29 22:00:00+00:00,MC.PA,666.1336059570312,653733,604.9576782226562,69.62350373626717
2024-09-30 22:00:00+00:00,MC.PA,642.4295043945312,602354,604.6238861083984,63.380280438712674
2024-10-01 22:00:00+00:00,MC.PA,646.6865844726562,404963,605.8719787597656,64.18047390039274
2024-10-02 22:00:00+00:00,MC.PA,639.5269775390625,338628,607.8940826416016,61.84505005794279
2024-10-03 22:00:00+00:00,MC.PA,640.3977661132812,468425,610.3080322265625,63.26809723220828
2024-10-06 22:00:00+00:00,MC.PA,657.7161865234375,549344,613.3847259521484,65.43896406345192
2024-10-07 22:00:00+00:00,MC.PA,634.2056884765625,503394,615.4697204589844,62.11384448895123
2024-10-08 22:00:00+00:00,MC.PA,635.076416015625,360690,617.8594818115234,59.26574887113686
2024-10-09 22:00:00+00:00,MC.PA,633.7218627929688,374144,620.1911895751953,65.16097466039399
2024-10-10 22:00:00+00:00,MC.PA,631.8836059570312,344991,622.3680969238281,64.02321803021346
2024-10-13 22:00:00+00:00,MC.PA,617.0806274414062,569992,624.0225463867188,55.83457136547361
2024-10-14 22:00:00+00:00,MC.PA,605.0834350585938,638849,624.8787963867187,51.86233123557288
2024-10-15 22:00:00+00:00,MC.PA,582.8306274414062,1140718,625.1932403564454,28.1447501440327
2024-10-16 22:00:00+00:00,MC.PA,589.603271484375,448798,624.9707153320312,19.91035696876024
2024-10-17 22:00:00+00:00,MC.PA,602.9549560546875,593408,626.4848754882812,28.949058510822198
2024-10-20 22:00:00+00:00,MC.PA,591.1512451171875,343944,627.2540496826172,31.442564130429503
2024-10-21 22:00:00+00:00,MC.PA,595.9888305664062,317511,627.3459655761719,31.729413938428777
2024-10-22 22:00:00+00:00,MC.PA,593.666748046875,277957,627.1572998046875,32.87569705207481
2024-10-23 22:00:00+00:00,MC.PA,608.2763061523438,517019,624.748193359375,39.1218936261512
2024-10-24 22:00:00+00:00,MC.PA,606.6314697265625,320113,621.0522857666016,30.64520008028927
2024-10-27 23:00:00+00:00,MC.PA,611.5657958984375,339359,618.3238952636718,40.01706291748977
2024-10-28 23:00:00+00:00,MC.PA,610.40478515625,361684,616.7226593017579,39.14895741726825
2024-10-29 23:00:00+00:00,MC.PA,598.0205688476562,536640,614.2893585205078,35.68660634582557
2024-10-30 23:00:00+00:00,MC.PA,589.990234375,525312,611.8125213623047,33.99855554058357
2024-10-31 23:00:00+00:00,MC.PA,591.1512451171875,263325,609.3501953125,38.943919984884744
2024-11-03 23:00:00+00:00,MC.PA,586.990966796875,239750,605.8139343261719,41.73301867375561
2024-11-04 23:00:00+00:00,MC.PA,583.0241088867188,310746,603.2548553466797,50.106145026921325
2024-11-05 23:00:00+00:00,MC.PA,583.5078735351562,508054,600.6764282226562,46.408186430327085
2024-11-06 23:00:00+00:00,MC.PA,598.891357421875,461210,598.9349029541015,47.661455069645626
2024-11-07 23:00:00+00:00,MC.PA,578.9605712890625,645633,596.2887512207031,43.584540094536585
2024-11-10 23:00:00+00:00,MC.PA,580.02490234375,386814,594.4359649658203,41.25138394126403
2024-11-11 23:00:00+00:00,MC.PA,553.80517578125,962644,591.8720520019531,32.68913104787835
2024-11-12 23:00:00+00:00,MC.PA,555.3532104492188,550029,590.4981811523437,24.075859083309624
2024-11-13 23:00:00+00:00,MC.PA,565.4154052734375,590102,589.2887878417969,31.348569332598274
2024-11-14 23:00:00+00:00,MC.PA,567.2536010742188,370430,587.5037200927734,29.369377459084646
2024-11-17 23:00:00+00:00,MC.PA,569.4788818359375,288165,586.4201019287109,31.13291959860078
2024-11-18 23:00:00+00:00,MC.PA,558.5459594726562,501362,584.5479583740234,31.555162371107556
2024-11-19 23:00:00+00:00,MC.PA,556.7078247070312,301138,582.7000122070312,33.493324970501035
2024-11-20 23:00:00+00:00,MC.PA,556.2239990234375,361231,580.0973968505859,32.560411737242006
2024-11-21 23:00:00+00:00,MC.PA,564.0608520507812,412214,577.9688659667969,38.95619659061847
2024-11-24 23:00:00+00:00,MC.PA,573.252197265625,617916,576.0531860351563,45.519070043935244
2024-11-25 23:00:00+00:00,MC.PA,576.6384887695312,379593,574.3648712158204,46.93170516802178
2024-11-26 23:00:00+00:00,MC.PA,570.93017578125,386614,573.0103515625,36.32922120164963
2024-11-27 23:00:00+00:00,MC.PA,567.4471435546875,260194,571.8831970214844,43.29198819387646
2024-11-28 23:00:00+00:00,MC.PA,573.252197265625,440017,570.9882446289063,46.260620250963456
2024-12-01 23:00:00+00:00,MC.PA,591.9048461914062,617665,571.2339385986328,72.95378611987707
2024-12-02 23:00:00+00:00,MC.PA,594.9323120117188,495066,571.8293487548829,73.42747232261692
2024-12-03 23:00:00+00:00,MC.PA,595.9088745117188,443542,572.4493988037109,70.22490877426782
2024-12-04 23:00:00+00:00,MC.PA,594.9323120117188,408680,572.2514465332031,68.57026091599877
2024-12-05 23:00:00+00:00,MC.PA,615.6358032226562,544275,574.0852081298829,74.81488141450747
2024-12-08 23:00:00+00:00,MC.PA,637.3158569335938,746422,576.949755859375,87.96153036119998
2024-12-09 23:00:00+00:00,MC.PA,621.1046142578125,481366,580.3147277832031,77.25842146246389
2024-12-10 23:00:00+00:00,MC.PA,628.721923828125,437445,583.9831634521485,78.93984888397708
2024-12-11 23:00:00+00:00,MC.PA,630.8704223632812,469338,587.2559143066406,77.93792751403777
2024-12-12 23:00:00+00:00,MC.PA,624.0343627929688,423295,590.0949523925781,71.66242017984692
2024-12-15 23:00:00+00:00,MC.PA,616.4170532226562,403172,592.441860961914,66.37738147650035
2024-12-16 23:00:00+00:00,MC.PA,620.7139892578125,410131,595.5502624511719,70.73768641234044
2024-12-17 23:00:00+00:00,MC.PA,621.5929565429688,441362,598.7945190429688,73.05486701009333
2024-12-18 23:00:00+00:00,MC.PA,612.8037109375,465932,601.6235046386719,66.42336210409786
2024-12-19 23:00:00+00:00,MC.PA,613.3896484375,764729,604.0899444580078,60.49619788756291
2024-12-22 23:00:00+00:00,MC.PA,614.4639282226562,264215,606.1505310058594,59.72763142695598
2024-12-23 23:00:00+00:00,MC.PA,616.0264282226562,76311,608.1199279785156,59.9613159819394
2024-12-26 23:00:00+00:00,MC.PA,620.7139892578125,254536,610.6091186523438,62.313414344773385
2024-12-29 23:00:00+00:00,MC.PA,614.5615234375,292211,612.9648376464844,49.40409404757632
2024-12-30 23:00:00+00:00,MC.PA,620.6163330078125,99667,615.3330444335937,38.79423962359817
2025-01-01 23:00:00+00:00,MC.PA,620.5186767578125,374039,616.7637359619141,49.498337196833674
2025-01-02 23:00:00+00:00,MC.PA,596.9830932617188,415336,616.8662750244141,28.646551518819876
2025-01-05 23:00:00+00:00,MC.PA,619.7373657226562,611624,618.0576995849609,44.13577944841528
2025-01-06 23:00:00+00:00,MC.PA,629.4055786132812,432713,619.781362915039,52.747263725080074
2025-01-07 23:00:00+00:00,MC.PA,620.8116455078125,380525,620.0401550292969,52.22550754776584
2025-01-08 23:00:00+00:00,MC.PA,632.8236083984375,408809,619.815542602539,55.68807718198154
2025-01-09 23:00:00+00:00,MC.PA,629.8938598632812,410414,620.2550048828125,53.82536562644504
2025-01-12 23:00:00+00:00,MC.PA,631.2611083984375,293771,620.3819641113281,59.13043950841529
2025-01-13 23:00:00+00:00,MC.PA,635.7533569335938,466755,620.6261108398437,60.65116192538167
2025-01-14 23:00:00+00:00,MC.PA,622.2765502929688,528879,620.5382202148437,53.3277767263092
2025-01-15 23:00:00+00:00,MC.PA,679.2111206054688,1078089,623.6779235839844,68.28714989690693
2025-01-16 23:00:00+00:00,MC.PA,673.9375610351562,714731,626.3391021728515,65.3520902602874
2025-01-19 23:00:00+00:00,MC.PA,667.1015014648438,418509,628.6145294189453,65.09538087290044
2025-01-20 23:00:00+00:00,MC.PA,684.875244140625,521381,632.2181060791015,67.2975589303036
2025-01-21 23:00:00+00:00,MC.PA,697.08251953125,617979,636.4027496337891,69.34845110221306
2025-01-22 23:00:00+00:00,MC.PA,703.7232055664062,575485,640.8657135009765,79.4926832822122
2025-01-23 23:00:00+00:00,MC.PA,716.9071044921875,713005,645.9097473144532,78.34755967925108
2025-01-26 23:00:00+00:00,MC.PA,737.1222534179688,633190,651.7301605224609,79.60275813575572
2025-01-27 23:00:00+00:00,MC.PA,733.0206298828125,567637,657.6531158447266,81.61803655135503
2025-01-28 23:00:00+00:00,MC.PA,696.49658203125,984398,661.4471282958984,65.76401888506547
2025-01-29 23:00:00+00:00,MC.PA,699.03564453125,420057,665.3729766845703,67.1511544283544
2025-01-30 23:00:00+00:00,MC.PA,687.0237426757812,578611,669.8750091552735,63.138510937602014
2025-02-02 23:00:00+00:00,MC.PA,673.9375610351562,695311,672.5850189208984,58.64660656523467
2025-02-03 23:00:00+00:00,MC.PA,676.4766845703125,370853,674.93857421875,62.91297933172971
2025-02-04 23:00:00+00:00,MC.PA,669.9336547851562,356956,677.3946746826172,47.09125382150637
2025-02-05 23:00:00+00:00,MC.PA,680.578369140625,485215,679.7824127197266,52.01423998785565
2025-02-06 23:00:00+00:00,MC.PA,668.17578125,401010,681.6965087890625,50.31519884872999
2025-02-09 23:00:00+00:00,MC.PA,669.25,336364,683.5959533691406,44.91741322611361
2025-02-10 23:00:00+00:00,MC.PA,669.1524047851562,297413,685.2659057617187,40.13793745530782
2025-02-11 23:00:00+00:00,MC.PA,671.6914672851562,443368,687.7366516113282,38.352281302322936
2025-02-12 23:00:00+00:00,MC.PA,690.6370849609375,501427,688.3079498291015,40.83159937901429
2025-02-13 23:00:00+00:00,MC.PA,696.30126953125,594098,689.4261352539063,34.14262769977519
2025-02-16 23:00:00+00:00,MC.PA,685.070556640625,336521,690.3245880126954,32.35079770456625
2025-02-17 23:00:00+00:00,MC.PA,688.5863037109375,338875,690.510140991211,46.15385071947997
2025-02-18 23:00:00+00:00,MC.PA,674.7189331054688,426698,689.3919616699219,39.34991453841387
2025-02-19 23:00:00+00:00,MC.PA,679.2111206054688,333595,688.166357421875,46.33699780452236
2025-02-20 23:00:00+00:00,MC.PA,685.9495239257812,459121,686.6184783935547,55.988342443461825
2025-02-23 23:00:00+00:00,MC.PA,675.8906860351562,364363,683.5569000244141,49.72823702509414
2025-02-24 23:00:00+00:00,MC.PA,668.17578125,348738,680.3146575927734,49.19353348315916
2025-02-25 23:00:00+00:00,MC.PA,683.8987426757812,384656,679.684765625,51.45548206338615
2025-02-26 23:00:00+00:00,MC.PA,676.8673095703125,394320,678.5763488769531,53.99819185436005
2025-02-27 23:00:00+00:00,MC.PA,678.625244140625,864547,678.1564239501953,54.28574936161854
2025-03-02 23:00:00+00:00,MC.PA,674.6212158203125,481251,678.1906066894531,52.413774524726094
2025-03-03 23:00:00+00:00,MC.PA,651.769287109375,615046,676.9552368164062,42.543885097181565
2025-03-04 23:00:00+00:00,MC.PA,648.7418212890625,593863,675.8956451416016,32.19920976661248
2025-03-05 23:00:00+00:00,MC.PA,637.70654296875,639967,673.7520538330078,26.190528154727247
2025-03-06 23:00:00+00:00,MC.PA,619.8350830078125,809708,671.3350189208984,24.84944748781085
2025-03-09 23:00:00+00:00,MC.PA,615.5380859375,643780,668.6494232177735,22.005997268015193
2025-03-10 23:00:00+00:00,MC.PA,606.2606201171875,538927,665.504833984375,22.8083836661351
2025-03-11 23:00:00+00:00,MC.PA,597.4713745117188,594281,661.7938293457031,18.604706771528313
2025-03-12 23:00:00+00:00,MC.PA,590.8306884765625,696157,656.8035095214843,13.438508362029452
2025-03-13 23:00:00+00:00,MC.PA,590.9283447265625,583739,651.53486328125,14.634226897156921
2025-03-16 23:00:00+00:00,MC.PA,595.420654296875,431806,647.0523681640625,18.880629979146192
2025-03-17 23:00:00+00:00,MC.PA,595.713623046875,456803,642.4087341308593,6.544865266750605
2025-03-18 23:00:00+00:00,MC.PA,596.2994995117188,412984,638.4877624511719,7.605395326012044
2025-03-19 23:00:00+00:00,MC.PA,590.3424072265625,443424,634.0443267822266,5.5117776022558616
2025-03-20 23:00:00+00:00,MC.PA,588.3892211914062,1133127,629.1663116455078,5.628108066006433
2025-03-23 23:00:00+00:00,MC.PA,582.3344116210938,416599,624.4884979248047,6.80433133382391
2025-03-24 23:00:00+00:00,MC.PA,584.28759765625,455181,620.2940887451172,9.359601361430151
2025-03-25 23:00:00+00:00,MC.PA,580.5765991210938,427920,615.1279815673828,10.312061945979593
2025-03-26 23:00:00+00:00,MC.PA,575.3030395507812,500514,610.0497680664063,12.49998715071797
2025-03-27 23:00:00+00:00,MC.PA,573.349853515625,619971,604.7859985351563,13.013689834078178
2025-03-30 22:00:00+00:00,MC.PA,558.3106079101562,657683,598.9704681396485,11.819594738422865
2025-03-31 22:00:00+00:00,MC.PA,561.6309204101562,485067,594.4635498046875,18.7392862542509
2025-04-01 22:00:00+00:00,MC.PA,561.7286376953125,423436,590.112890625,21.346155232964833
2025-04-02 22:00:00+00:00,MC.PA,530.1851196289062,907025,584.7368194580079,13.064132664005896
2025-04-03 22:00:00+00:00,MC.PA,517.587158203125,1173669,579.6244232177735,6.918864938859173
2025-04-06 22:00:00+00:00,MC.PA,495.7118225097656,1529400,573.6331100463867,5.322825224152183
2025-04-07 22:00:00+00:00,MC.PA,507.6260681152344,902072,568.701382446289,14.025357616781193
2025-04-08 22:00:00+00:00,MC.PA,486.727294921875,984156,563.1641784667969,12.508833766187877
2025-04-09 22:00:00+00:00,MC.PA,511.9230346679688,912107,559.2187957763672,26.31578549374899
2025-04-10 22:00:00+00:00,MC.PA,512.1183471679688,574896,555.2782958984375,27.432514504614645
2025-04-13 22:00:00+00:00,MC.PA,517.684814453125,593484,551.39150390625,29.07972411508395
2025-04-14 22:00:00+00:00,MC.PA,477.2056274414063,1693077,545.4661041259766,23.623200955378906
2025-04-15 22:00:00+00:00,MC.PA,473.83642578125,1094429,539.3429504394531,23.855037645635633
2025-04-16 22:00:00+00:00,MC.PA,474.2270812988281,902702,533.5371841430664,24.251641548965836
2025-04-21 22:00:00+00:00,MC.PA,475.8872375488281,809138,527.9120849609375,26.990156075270676
2025-04-22 22:00:00+00:00,MC.PA,488.582763671875,844261,523.2245025634766,30.621754225073218
2025-04-23 22:00:00+00:00,MC.PA,495.4237365722656,605877,518.7813095092773,33.01816816420144
2025-04-24 22:00:00+00:00,MC.PA,494.5314331054688,561897,514.4790512084961,39.16774374199148
2025-04-27 22:00:00+00:00,MC.PA,497.70404052734375,517430,510.5991012573242,43.59214688109775
2025-04-28 22:00:00+00:00,MC.PA,485.1127014160156,711370,506.18724365234374,46.36674197248234
2025-04-29 22:00:00+00:00,MC.PA,483.7247009277344,889223,502.4579483032227,41.169635452064604
2025-05-01 22:00:00+00:00,MC.PA,491.606689453125,793013,498.9567367553711,51.99452916597225
2025-05-04 22:00:00+00:00,MC.PA,488.0374755859375,389637,495.27217864990234,38.139406323249545
2025-05-05 22:00:00+00:00,MC.PA,484.9144592285156,476847,493.00864562988284,36.87332514392091
2025-05-06 22:00:00+00:00,MC.PA,479.36236572265625,542053,491.0974060058594,31.505727591112716
2025-05-07 22:00:00+00:00,MC.PA,483.12982177734375,673673,490.46830596923826,54.428010948905076
2025-05-08 22:00:00+00:00,MC.PA,491.5075378417969,503875,489.6623794555664,62.28815267819666
2025-05-11 22:00:00+00:00,MC.PA,525.9601440429688,924869,491.62402191162107,74.41044898410577
2025-05-12 22:00:00+00:00,MC.PA,532.305419921875,627140,492.6431411743164,75.49395537460464
2025-05-13 22:00:00+00:00,MC.PA,520.7055053710938,585731,493.07249908447267,64.66062115690713
2025-05-14 22:00:00+00:00,MC.PA,502.9586791992188,585025,492.33619232177733,53.127561121744435
2025-05-15 22:00:00+00:00,MC.PA,499.5877685546875,793318,493.4552993774414,52.056441363259026
2025-05-18 22:00:00+00:00,MC.PA,494.3331604003906,565393,494.4801361083984,48.6518740631149
2025-05-19 22:00:00+00:00,MC.PA,500.5792236328125,491158,495.79774322509763,56.516297590623246
2025-05-20 22:00:00+00:00,MC.PA,489.4255065917969,582521,496.4746566772461,52.21922424804598
2025-05-21 22:00:00+00:00,MC.PA,480.94866943359375,762477,496.092951965332,45.87014516609669
2025-05-22 22:00:00+00:00,MC.PA,474.90087890625,830264,495.0668090820312,45.00565961817185
2025-05-25 22:00:00+00:00,MC.PA,479.3128051757813,318156,494.3058776855469,47.89100292229752
2025-05-26 22:00:00+00:00,MC.PA,477.7760620117188,440665,493.3094787597656,49.38414336213652
2025-05-27 22:00:00+00:00,MC.PA,479.5110778808594,533957,493.02939758300784,48.572554633530586
2025-05-28 22:00:00+00:00,MC.PA,477.1316223144531,367399,492.6997436523437,44.047619047619044
2025-05-29 22:00:00+00:00,MC.PA,474.15728759765625,930255,491.8272735595703,20.988354842987945
2025-06-01 22:00:00+00:00,MC.PA,473.1163024902344,432937,491.08121490478516,14.757947550184483
2025-06-02 22:00:00+00:00,MC.PA,469.5470886230469,594655,490.3128463745117,16.31851839647794
2025-06-03 22:00:00+00:00,MC.PA,472.5709838867188,529986,489.97327728271483,25.182168838536
2025-06-04 22:00:00+00:00,MC.PA,466.0770568847656,545281,489.1206390380859,23.959930583782096
2025-06-05 22:00:00+00:00,MC.PA,467.2171936035156,289488,487.9061218261719,27.489666186668387
2025-06-08 22:00:00+00:00,MC.PA,467.5146179199219,390447,484.98384552001954,19.543338844870988
2025-06-09 22:00:00+00:00,MC.PA,470.7864074707031,524847,481.90789489746095,29.914536660313203
2025-06-10 22:00:00+00:00,MC.PA,466.57275390625,637539,479.2012573242188,32.941171358173534
2025-06-11 22:00:00+00:00,MC.PA,464.8377380371094,525876,477.29521026611326,36.69724326509342
2025-06-12 22:00:00+00:00,MC.PA,457.4514770507813,574846,475.18839569091796,23.207745888886237
2025-06-15 22:00:00+00:00,MC.PA,463.3505859375,428699,473.63926696777344,34.02855772024779
2025-06-16 22:00:00+00:00,MC.PA,456.7574768066406,409249,471.4481796264648,27.25472849298353
2025-06-17 22:00:00+00:00,MC.PA,460.0787963867188,380815,469.98084411621096,33.26847771344124
2025-06-18 22:00:00+00:00,MC.PA,448.6772155761719,475583,468.36727142333984,28.547584875080148
2025-06-19 22:00:00+00:00,MC.PA,446.0994873046875,1523772,466.92720184326174,27.827504316599786
2025-06-22 22:00:00+00:00,MC.PA,445.9507446289063,399236,465.25909881591804,29.482757614177572
2025-06-23 22:00:00+00:00,MC.PA,449.6686401367188,513993,463.85372772216806,30.32366695297695
2025-06-24 22:00:00+00:00,MC.PA,440.9935302734375,480189,461.92785034179695,29.228226505500388
2025-06-25 22:00:00+00:00,MC.PA,433.8055725097656,561542,459.76154785156257,24.85075826836406
2025-06-26 22:00:00+00:00,MC.PA,445.45501708984375,536063,458.326434326172,35.818999290998036
2025-06-29 22:00:00+00:00,MC.PA,440.7952575683594,627500,456.7103820800782,31.058225982158206
2025-06-30 22:00:00+00:00,MC.PA,465.0360107421875,676415,456.48482818603526,49.22538335494105
2025-07-01 22:00:00+00:00,MC.PA,484.319580078125,1092297,457.0722579956056,58.34394874488062
2025-07-02 22:00:00+00:00,MC.PA,481.7418212890625,600087,457.8554962158204,60.850313317236676
2025-07-03 22:00:00+00:00,MC.PA,473.2649841308594,359252,458.1578857421876,54.32899423422606
2025-07-06 22:00:00+00:00,MC.PA,471.2821044921875,327388,458.3462600708009,56.60803049610315
2025-07-07 22:00:00+00:00,MC.PA,478.5196228027344,417527,458.73292083740245,58.10104802882257
2025-07-08 22:00:00+00:00,MC.PA,483.6751403808594,459382,459.5880401611329,66.26728913314469
2025-07-09 22:00:00+00:00,MC.PA,500.6783752441406,685442,461.38007202148447,72.36895064710124
2025-07-10 22:00:00+00:00,MC.PA,483.52642822265625,483687,462.6838195800782,63.51641514214364
2025-07-13 22:00:00+00:00,MC.PA,475.4461669921875,416095,463.2885986328126,58.990328041102615
2025-07-14 22:00:00+00:00,MC.PA,473.2649841308594,414119,464.11397399902353,61.78920830313021
2025-07-15 22:00:00+00:00,MC.PA,471.5299682617188,402058,464.68653259277346,64.35308015435318
2025-07-16 22:00:00+00:00,MC.PA,472.769287109375,429162,465.8911361694336,61.2863703655132
2025-07-17 22:00:00+00:00,MC.PA,468.704345703125,451192,467.0213790893555,61.589119476563766
2025-07-20 22:00:00+00:00,MC.PA,464.78814697265625,352498,467.96324920654297,49.87617482979756
2025-07-21 22:00:00+00:00,MC.PA,461.5659484863281,413256,468.55811462402346,36.46017088429443
2025-07-22 22:00:00+00:00,MC.PA,475.8427429199219,466961,470.30057525634766,46.91869968205226
2025-07-23 22:00:00+00:00,MC.PA,466.2257385253906,522409,471.9215835571289,46.366428904487655
2025-07-24 22:00:00+00:00,MC.PA,484.5178833007813,1004012,473.8747268676758,55.847572389847905
2025-07-27 22:00:00+00:00,MC.PA,485.01361083984375,667768,476.08564453125,53.05078325826147
2025-07-28 22:00:00+00:00,MC.PA,470.73681640625,699038,476.3706848144531,44.40155153940396
2025-07-29 22:00:00+00:00,MC.PA,476.6358947753906,503050,475.9865005493164,38.49076074951819
2025-07-30 22:00:00+00:00,MC.PA,468.3078002929688,570240,475.3147994995117,42.04252717148483
2025-07-31 22:00:00+00:00,MC.PA,457.6993408203125,565862,474.53651733398436,40.95960670041998
2025-08-03 22:00:00+00:00,MC.PA,458.3437805175781,409317,473.8896011352539,42.278105574367004
2025-08-04 22:00:00+00:00,MC.PA,452.5934143066406,524030,472.5932907104492,40.59114570302605
2025-08-05 22:00:00+00:00,MC.PA,453.7831726074219,288926,471.0986923217773,40.561872718926196
2025-08-06 22:00:00+00:00,MC.PA,457.154052734375,317921,468.92247619628904,44.21837459457742
2025-08-07 22:00:00+00:00,MC.PA,457.4019165039063,237798,467.6162506103516,46.16178506047088
2025-08-10 22:00:00+00:00,MC.PA,454.0805969238281,325684,466.54797210693357,46.11428021033075
2025-08-11 22:00:00+00:00,MC.PA,453.2378540039063,406963,465.54661560058594,36.363649752482125
2025-08-12 22:00:00+00:00,MC.PA,465.5813293457031,400911,465.24918365478516,49.623641770273906
2025-08-13 22:00:00+00:00,MC.PA,468.8530578613281,468887,465.0533721923828,38.90447391982328
2025-08-14 22:00:00+00:00,MC.PA,472.0256958007813,436434,465.2194396972656,41.13666334282175
2025-08-17 22:00:00+00:00,MC.PA,471.77783203125,374669,465.5689239501953,50.87866164829424
2025-08-18 22:00:00+00:00,MC.PA,485.7075805664063,403634,466.77600555419923,56.74280480319453
2025-08-19 22:00:00+00:00,MC.PA,489.3263549804688,408762,467.45018615722654,66.79870124801943
2025-08-20 22:00:00+00:00,MC.PA,480.8495178222656,318262,468.18137512207034,69.1550356316968
2025-08-21 22:00:00+00:00,MC.PA,490.8630981445313,423115,468.49863586425784,73.29544883165643
2025-08-24 22:00:00+00:00,MC.PA,483.8734130859375,286199,468.4416259765625,72.01672697559894
2025-08-25 22:00:00+00:00,MC.PA,482.0888366699219,2474373,469.0092269897461,69.75777385068676
2025-08-26 22:00:00+00:00,MC.PA,497.70404052734375,518343,470.06263427734376,74.17256999399652
2025-08-27 22:00:00+00:00,MC.PA,508.70904541015625,638110,472.08269653320315,77.10842518720119
2025-08-28 22:00:00+00:00,MC.PA,499.78607177734375,452290,474.18703308105466,72.79919744131132
2025-08-31 22:00:00+00:00,MC.PA,499.3894958496094,206296,476.23931884765625,73.12469131082983
2025-09-01 22:00:00+00:00,MC.PA,508.6099243164063,566516,479.0401443481445,72.25641104971393
2025-09-02 22:00:00+00:00,MC.PA,516.3431396484375,594776,482.1681427001953,73.48039205331261
2025-09-03 22:00:00+00:00,MC.PA,494.828857421875,595875,484.0518829345703,59.543567510789906
2025-09-04 22:00:00+00:00,MC.PA,492.0032653808594,518330,485.78195037841795,58.285955332778705
2025-09-07 22:00:00+00:00,MC.PA,491.9041137695313,294081,487.6731262207031,52.863042432384724
2025-09-08 22:00:00+00:00,MC.PA,487.7896118164063,339904,489.4007141113281,49.2932019037342
2025-09-09 22:00:00+00:00,MC.PA,485.5588684082031,431683,490.39959106445315,52.29801732790483
2025-09-10 22:00:00+00:00,MC.PA,483.1794128417969,357770,491.11590881347655,45.94876481728497
2025-09-11 22:00:00+00:00,MC.PA,486.451171875,382126,491.8371826171875,51.41458718933442
2025-09-14 22:00:00+00:00,MC.PA,499.8852233886719,420577,493.24255218505857,58.65895176483725
2025-09-15 22:00:00+00:00,MC.PA,503.3552856445313,559413,494.1249374389648,53.118176148158355
2025-09-16 22:00:00+00:00,MC.PA,506.9244384765625,508171,495.00484161376954,48.92728709552681
2025-09-17 22:00:00+00:00,MC.PA,513.1705322265625,529829,496.6208923339844,58.31280634119159
2025-09-18 22:00:00+00:00,MC.PA,506.23046875,884978,497.38926086425784,53.92940067809398
2025-09-21 22:00:00+00:00,MC.PA,502.6612548828125,286999,498.3286529541016,46.34590668664242
2025-09-22 22:00:00+00:00,MC.PA,518.72265625,502090,500.1603439331055,51.32599759330042
2025-09-23 22:00:00+00:00,MC.PA,504.7432861328125,530170,500.5123062133789,56.03136317763631
2025-09-24 22:00:00+00:00,MC.PA,502.46295166015625,394947,500.2000015258789,56.405561131139606
2025-09-25 22:00:00+00:00,MC.PA,511.2868041992188,395227,500.77503814697263,60.72406682862551
2025-09-28 22:00:00+00:00,MC.PA,518.6234741210938,398489,501.7367370605469,66.47244875001218
2025-09-29 22:00:00+00:00,MC.PA,516.0457153320312,461947,502.1085266113281,66.2268968140807
2025-09-30 22:00:00+00:00,MC.PA,519.5157470703125,381637,502.26715698242185,69.11838614589826
2025-10-01 22:00:00+00:00,MC.PA,538.2540893554688,561065,504.43841857910155,73.44099807056335
2025-10-02 22:00:00+00:00,MC.PA,548.36669921875,586960,507.25659027099607,72.61791236618033
2025-10-05 22:00:00+00:00,MC.PA,535.7754516601562,600595,509.45015716552734,63.938624831793476
2025-10-06 22:00:00+00:00,MC.PA,555.2077026367188,689135,512.821061706543,68.26707837308231
2025-10-07 22:00:00+00:00,MC.PA,570.5750732421875,651388,517.0718719482422,70.31580220672731
2025-10-08 22:00:00+00:00,MC.PA,554.41455078125,535910,520.6336288452148,66.0078968029952
2025-10-09 22:00:00+00:00,MC.PA,541.3275146484375,582762,523.3774459838867,62.08178665531546
2025-10-12 22:00:00+00:00,MC.PA,535.7754516601562,518104,525.1719573974609,55.7029151730329
2025-10-13 22:00:00+00:00,MC.PA,528.240478515625,448092,526.4162170410157,58.212065130304126
2025-10-14 22:00:00+00:00,MC.PA,592.7833862304688,1376612,530.7091644287109,71.99422250547548
2025-10-15 22:00:00+00:00,MC.PA,597.0465698242188,553170,534.9029663085937,71.35803677669192
2025-10-16 22:00:00+00:00,MC.PA,600.5166015625,429369,539.6172729492188,70.7955790658134
2025-10-19 22:00:00+00:00,MC.PA,606.86181640625,360732,544.8273010253906,72.62847043000042
2025-10-20 22:00:00+00:00,MC.PA,611.5216064453125,381067,549.4672485351563,72.78979957269428
2025-10-21 22:00:00+00:00,MC.PA,617.8668823242188,709684,555.1234283447266,71.009952367545
2025-10-22 22:00:00+00:00,MC.PA,615.4873657226562,370311,560.7746490478515,68.46699918421139
2025-10-23 22:00:00+00:00,MC.PA,607.2584228515625,276678,565.5732299804688,70.1509111274374
2025-10-26 23:00:00+00:00,MC.PA,606.2669677734375,291320,569.9554046630859,66.06361811465271
2025-10-27 23:00:00+00:00,MC.PA,609.3404541015625,253829,574.6201416015625,63.218378843667615
2025-10-28 23:00:00+00:00,MC.PA,613.5045166015625,367283,579.319580078125,71.94402486413757
2025-10-29 23:00:00+00:00,MC.PA,604.8789672851562,286364,582.6508239746094,74.40973438340293
2025-10-30 23:00:00+00:00,MC.PA,606.86181640625,367194,585.5755798339844,78.0735783502456
2025-11-02 23:00:00+00:00,MC.PA,611.5216064453125,310321,589.3628875732422,83.6538205409757
2025-11-03 23:00:00+00:00,MC.PA,605.9695434570312,291674,591.9009796142578,60.183743117882194
2025-11-04 23:00:00+00:00,MC.PA,607.5558471679688,286517,593.7500183105469,58.46643890714768
2025-11-05 23:00:00+00:00,MC.PA,594.8654174804688,403702,595.7725616455078,46.03618884367115
2025-11-06 23:00:00+00:00,MC.PA,598.0380249023438,291704,598.6080871582031,43.52259825493817
2025-11-09 23:00:00+00:00,MC.PA,612.6122436523438,323780,602.4499267578125,50.698888521238096
2025-11-10 23:00:00+00:00,MC.PA,627.48388671875,405420,607.4120971679688,55.55556339085935
2025-11-11 23:00:00+00:00,MC.PA,641.6614990234375,487410,609.8560028076172,63.306488898045956
2025-11-12 23:00:00+00:00,MC.PA,631.3504638671875,450276,611.5711975097656,61.994073519473766
2025-11-13 23:00:00+00:00,MC.PA,631.5487670898438,357865,613.1228057861329,62.686577221085926
2025-11-16 23:00:00+00:00,MC.PA,618.6600341796875,321628,613.7127166748047,54.257257791998505
2025-11-17 23:00:00+00:00,MC.PA,606.0686645507812,499293,613.4400695800781,46.846074867439825
2025-11-18 23:00:00+00:00,MC.PA,604.3832397460938,329533,612.7658874511719,49.776583337001014
2025-11-19 23:00:00+00:00,MC.PA,614.2976684570312,406558,612.7064025878906,53.127620170350546
2025-11-20 23:00:00+00:00,MC.PA,617.6685791015625,451386,613.2269104003906,52.61384033544526
2025-11-23 23:00:00+00:00,MC.PA,616.3796997070312,654594,613.7325469970704,54.593179387138015
2025-11-24 23:00:00+00:00,MC.PA,614.000244140625,381010,613.9655364990234,52.82364022140913
2025-11-25 23:00:00+00:00,MC.PA,620.0480346679688,287616,614.2927124023438,61.715851860601944
2025-11-26 23:00:00+00:00,MC.PA,622.0309448242188,157842,615.1503112792968,61.28731043290898
2025-11-27 23:00:00+00:00,MC.PA,630.0615844726562,380928,616.3102996826171,58.74748948367506
2025-11-30 23:00:00+00:00,MC.PA,637.2000122070312,368728,617.5942199707031,55.280163192198614
2025-12-01 23:00:00+00:00,MC.PA,636.2000122070312,370567,619.1057434082031,46.53583405018726
2025-12-02 23:00:00+00:00,MC.PA,630.2999877929688,325251,620.2429504394531,49.294198989053136
2025-12-03 23:00:00+00:00,MC.PA,633.0999755859375,383235,622.1546783447266,51.00702999257457
2025-12-04 23:00:00+00:00,MC.PA,628.0999755859375,405642,623.6577758789062,56.8276489233024
2025-12-07 23:00:00+00:00,MC.PA,625.2000122070312,272878,624.2871643066406,66.09330428014286
2025-12-08 23:00:00+00:00,MC.PA,616.2999877929688,226771,623.7279693603516,58.939334279565955
2025-12-09 23:00:00+00:00,MC.PA,618.7999877929688,301108,622.5848937988281,53.800130232481465
2025-12-10 23:00:00+00:00,MC.PA,625.2000122070312,308923,622.2773712158203,56.04758278025605
2025-12-11 23:00:00+00:00,MC.PA,624.5,234630,621.9249328613281,56.58268294686176
2025-12-14 23:00:00+00:00,MC.PA,626.0999755859375,288301,622.2969299316406,59.934133909010185
2025-12-15 23:00:00+00:00,MC.PA,636.5,439780,623.8184967041016,62.606480844906265
2025-12-16 23:00:00+00:00,MC.PA,631.7000122070312,310852,625.1843353271485,57.102391942929074
2025-12-17 23:00:00+00:00,MC.PA,637.4000244140625,358735,626.339453125,55.58154195823998
2025-12-18 23:00:00+00:00,MC.PA,631.7000122070312,656414,627.0410247802735,45.72317587603892
2025-12-21 23:00:00+00:00,MC.PA,627.7000122070312,242753,627.6070404052734,43.68499715229938
2025-12-22 23:00:00+00:00,MC.PA,627.2999877929688,161944,628.2720275878906,47.57281745169536
2025-12-23 23:00:00+00:00,MC.PA,632.0999755859375,55878,628.874624633789,49.21630154022768
2025-12-28 23:00:00+00:00,MC.PA,633.2000122070312,199081,629.4330780029297,54.25711965420933
2025-12-29 23:00:00+00:00,MC.PA,639.2999877929688,179559,629.8949981689453,61.172705042985704
2025-12-30 23:00:00+00:00,MC.PA,645.0,105713,630.2849975585938,73.95657033858669
2026-01-01 23:00:00+00:00,MC.PA,641.7999877929688,313581,630.5649963378906,68.97686710875118
2026-01-04 23:00:00+00:00,MC.PA,642.7999877929688,266328,631.1899963378906,65.94198571867696
2026-01-05 23:00:00+00:00,MC.PA,644.4000244140625,296253,631.7549987792969,67.73617626835403
2026-01-06 23:00:00+00:00,MC.PA,629.2999877929688,382674,631.8149993896484,52.298854102631786
2026-01-07 23:00:00+00:00,MC.PA,634.5,274288,632.2799987792969,48.4472085009269
2026-01-08 23:00:00+00:00,MC.PA,652.0999755859375,426319,634.0699981689453,63.21238853394917
2026-01-11 23:00:00+00:00,MC.PA,648.2999877929688,275960,635.5449981689453,57.2376809268252
2026-01-12 23:00:00+00:00,MC.PA,646.5999755859375,262288,636.6149963378906,60.448766073065734
2026-01-13 23:00:00+00:00,MC.PA,637.9000244140625,478234,637.2849975585938,56.71052895754447
2026-01-14 23:00:00+00:00,MC.PA,625.7000122070312,570522,637.2649993896484,49.088852678732806
2026-01-15 23:00:00+00:00,MC.PA,609.2000122070312,574531,635.9,38.492487773040146
2026-01-18 23:00:00+00:00,MC.PA,582.7999877929688,568048,633.4549987792968,29.807690426678604
2026-01-19 23:00:00+00:00,MC.PA,570.0,775476,630.0849975585937,23.65020698566765
2026-01-20 23:00:00+00:00,MC.PA,585.2000122070312,401160,627.7599975585938,28.794339749236514
2026-01-21 23:00:00+00:00,MC.PA,595.7000122070312,424103,626.1599975585938,34.457194737890504
2026-01-22 23:00:00+00:00,MC.PA,591.4000244140625,307456,624.3649993896485,33.047509577001506
2026-01-25 23:00:00+00:00,MC.PA,588.0,324393,622.1600006103515,31.616683364460997
2026-01-26 23:00:00+00:00,MC.PA,589.2999877929688,351605,619.9649993896485,35.67334993000193
2026-01-27 23:00:00+00:00,MC.PA,542.7999877929688,1402549,615.1399993896484,24.654496746646686
2026-01-28 23:00:00+00:00,MC.PA,542.4000244140625,609605,610.0100006103515,16.493590747410565
2026-01-29 23:00:00+00:00,MC.PA,546.9000244140625,579526,605.2650024414063,19.160588209742684
2026-02-01 23:00:00+00:00,MC.PA,538.2999877929688,670274,600.0400024414063,18.388792904101393
2026-02-02 23:00:00+00:00,MC.PA,529.0,668007,594.2700012207031,18.324604727294684
2026-02-03 23:00:00+00:00,MC.PA,536.0999755859375,474341,589.6100006103516,23.141473867400748
2026-02-04 23:00:00+00:00,MC.PA,538.2000122070312,400469,584.7950012207032,26.70604047703533
2026-02-05 23:00:00+00:00,MC.PA,536.2000122070312,328385,579.0000030517579,31.796884536743164
2026-02-08 23:00:00+00:00,MC.PA,535.4000244140625,276311,573.3550048828125,35.08621741985452
2026-02-09 23:00:00+00:00,MC.PA,537.7000122070312,424913,567.9100067138672,26.964107057228617
2026-02-10 23:00:00+00:00,MC.PA,525.0999755859375,389742,562.2700042724609,16.444853408308333
2026-02-11 23:00:00+00:00,MC.PA,524.5,452881,557.2100036621093,17.044322948737687
2026-02-12 23:00:00+00:00,MC.PA,514.2000122070312,575387,552.4600036621093,15.959403724609729
2021-03-11 23:00:00+00:00,TTE.PA,31.260292053222656,5859380,28.94966402053833,81.46675435061815
2021-03-14 23:00:00+00:00,TTE.PA,30.593446731567383,6486139,29.12563762664795,69.70908141205342
2021-03-15 23:00:00+00:00,TTE.PA,30.204444885253903,7763507,29.287532901763917,62.061969477719856
2021-03-16 23:00:00+00:00,TTE.PA,30.089597702026367,7091584,29.422568988800048,58.13953488372092
2021-03-17 23:00:00+00:00,TTE.PA,29.959936141967773,7257522,29.565570068359374,66.63970456747661
2021-03-18 23:00:00+00:00,TTE.PA,29.808046340942383,19589808,29.687084484100343,61.75235334199935
2021-03-21 23:00:00+00:00,TTE.PA,29.43757438659668,5478764,29.770810890197755,56.41230149535708
2021-03-22 23:00:00+00:00,TTE.PA,29.222700119018555,6582096,29.812674045562744,51.04004619590176
2021-03-23 23:00:00+00:00,TTE.PA,29.6857852935791,5912545,29.85305509567261,45.6000289227908
2021-03-24 23:00:00+00:00,TTE.PA,29.18857765197754,7654953,29.85079345703125,36.55808126790251
2021-03-25 23:00:00+00:00,TTE.PA,29.501220703125,6016964,29.904174518585204,41.16439877205322
2021-03-28 22:00:00+00:00,TTE.PA,29.94193649291992,4978205,29.962549877166747,48.06996086583601
2021-03-29 22:00:00+00:00,TTE.PA,30.32237243652344,7384999,30.036983299255372,47.01195790987968
2021-03-30 22:00:00+00:00,TTE.PA,29.964529037475582,7612862,30.07889108657837,40.02330132104094
2021-03-31 22:00:00+00:00,TTE.PA,29.45601463317871,7635402,30.049064350128173,31.950140645875805
2021-04-05 22:00:00+00:00,TTE.PA,29.24507713317871,6503814,29.993315982818604,35.15707672513129
2021-04-06 22:00:00+00:00,TTE.PA,29.3166446685791,4598272,29.943183612823486,39.49273055865198
2021-04-07 22:00:00+00:00,TTE.PA,28.82320213317871,6964071,29.877826023101807,36.24467049244859
2021-04-08 22:00:00+00:00,TTE.PA,28.510555267333984,6503641,29.772941207885744,34.85899145887025
2021-04-11 22:00:00+00:00,TTE.PA,28.378725051879883,5512721,29.645533943176268,35.005702577565074
2021-04-12 22:00:00+00:00,TTE.PA,28.53316307067871,5965920,29.509177494049073,40.06181238645444
2021-04-13 22:00:00+00:00,TTE.PA,28.849571228027344,6024321,29.42198371887207,45.989341649858815
2021-04-14 22:00:00+00:00,TTE.PA,28.627328872680664,4827479,29.343127918243407,38.00173659758331
2021-04-15 22:00:00+00:00,TTE.PA,28.589662551879883,5378963,29.268131160736083,42.42135201357768
2021-04-18 22:00:00+00:00,TTE.PA,28.65746688842773,3417176,29.203007698059082,38.61789663814083
2021-04-19 22:00:00+00:00,TTE.PA,27.768505096435547,8078750,29.10103063583374,23.843950272692283
2021-04-20 22:00:00+00:00,TTE.PA,27.80240821838379,8902901,29.019272327423096,16.914029220718987
2021-04-21 22:00:00+00:00,TTE.PA,27.79488182067871,5744256,28.947881412506103,18.627580767045572
2021-04-22 22:00:00+00:00,TTE.PA,27.70447540283203,4143678,28.84881591796875,21.189718903120365
2021-04-25 22:00:00+00:00,TTE.PA,27.768505096435547,4853080,28.77781229019165,24.47914846650515
2021-04-26 22:00:00+00:00,TTE.PA,27.715776443481445,5038308,28.688540077209474,22.14946423665164
2021-04-27 22:00:00+00:00,TTE.PA,28.20922470092773,5547579,28.601904487609865,39.318567185970394
2021-04-28 22:00:00+00:00,TTE.PA,27.94931411743164,6974192,28.483251571655273,40.05351628203806
2021-04-29 22:00:00+00:00,TTE.PA,27.742143630981445,7202915,28.372132301330566,39.01174444055211
2021-05-02 22:00:00+00:00,TTE.PA,28.05478858947754,4106273,28.302070999145506,42.170249909154556
2021-05-03 22:00:00+00:00,TTE.PA,28.37495994567871,8099356,28.258565139770507,42.241401351338666
2021-05-04 22:00:00+00:00,TTE.PA,29.39198112487793,7941114,28.26233196258545,59.92180322805466
2021-05-05 22:00:00+00:00,TTE.PA,29.48615074157715,6125235,28.295479393005373,61.464345786550886
2021-05-06 22:00:00+00:00,TTE.PA,29.41835021972656,5581911,28.340869140625,59.730232058968454
2021-05-09 22:00:00+00:00,TTE.PA,29.636816024780277,4658841,28.403773689270018,78.83732528172487
2021-05-10 22:00:00+00:00,TTE.PA,28.943735122680664,5948412,28.424302291870116,64.63774525728283
2021-05-11 22:00:00+00:00,TTE.PA,29.60668563842773,5770670,28.462158012390137,69.89244879915324
2021-05-12 22:00:00+00:00,TTE.PA,29.237550735473636,5223652,28.492669105529785,65.86138835816294
2021-05-13 22:00:00+00:00,TTE.PA,29.945703506469727,5244515,28.56047115325928,69.87637243522171
2021-05-16 22:00:00+00:00,TTE.PA,29.99089813232422,4081153,28.627142715454102,70.7989581157365
2021-05-17 22:00:00+00:00,TTE.PA,29.90426445007324,6041487,28.733930683135988,66.74112701750315
2021-05-18 22:00:00+00:00,TTE.PA,28.9173641204834,7239048,28.789678478240965,58.36040589570731
2021-05-19 22:00:00+00:00,TTE.PA,29.037904739379883,5630563,28.851829624176027,61.36062171105661
2021-05-20 22:00:00+00:00,TTE.PA,29.38068389892578,5191318,28.935640048980712,61.56372089278484
2021-05-23 22:00:00+00:00,TTE.PA,29.41082191467285,2131708,29.017755889892577,59.515607916795155
2021-05-24 22:00:00+00:00,TTE.PA,28.87594413757324,4614236,29.07576427459717,44.798873312217516
2021-05-25 22:00:00+00:00,TTE.PA,28.98141288757324,3996706,29.114373683929443,44.92431780919446
2021-05-26 22:00:00+00:00,TTE.PA,28.661231994628903,10773976,29.149969577789307,42.754154403094105
2021-05-27 22:00:00+00:00,TTE.PA,28.736572265625,3778193,29.199691009521484,41.14172762839871
2021-05-30 22:00:00+00:00,TTE.PA,28.555774688720703,3784945,29.224740314483643,45.75451081790626
2021-05-31 22:00:00+00:00,TTE.PA,29.24507713317871,5737898,29.268246173858643,46.06557411069863
2021-06-01 22:00:00+00:00,TTE.PA,29.90049171447754,6476694,29.293671703338624,56.79003277294766
2021-06-02 22:00:00+00:00,TTE.PA,29.90049171447754,0,29.314388751983643,49.458355726658844
2021-06-03 22:00:00+00:00,TTE.PA,29.90049171447754,0,29.338495826721193,48.90506025298724
2021-06-06 22:00:00+00:00,TTE.PA,29.74983024597168,4477409,29.344146537780762,48.15816555400168
2021-06-07 22:00:00+00:00,TTE.PA,29.859058380126957,3500343,29.389912700653078,64.20469159714203
2021-06-08 22:00:00+00:00,TTE.PA,30.14532852172852,4908829,29.416844844818115,65.90916190212099
2021-06-09 22:00:00+00:00,TTE.PA,29.998430252075195,4004846,29.454888820648193,59.40373911553856
2021-06-10 22:00:00+00:00,TTE.PA,30.382640838623047,4677485,29.47673568725586,63.35411052360925
2021-06-13 22:00:00+00:00,TTE.PA,30.80074691772461,8826255,29.51722812652588,77.32636006150081
2021-06-14 22:00:00+00:00,TTE.PA,30.823339462280277,5767933,29.56318187713623,76.77995017270945
2021-06-15 22:00:00+00:00,TTE.PA,30.849720001220703,5243878,29.659799671173097,84.79089043488379
2021-06-16 22:00:00+00:00,TTE.PA,30.676443099975582,5382637,29.74172658920288,79.90730083824445
2021-06-17 22:00:00+00:00,TTE.PA,29.78372383117676,14265235,29.76187858581543,65.52377011667203
2021-06-20 22:00:00+00:00,TTE.PA,30.103904724121094,5469003,29.796532726287843,61.974931717786355
2021-06-21 22:00:00+00:00,TTE.PA,30.28847312927246,4162999,29.867159175872803,56.22744467017633
2021-06-22 22:00:00+00:00,TTE.PA,30.164161682128903,4588506,29.926296615600585,54.06972875933015
2021-06-23 22:00:00+00:00,TTE.PA,30.834396362304688,7850826,30.034954833984376,61.94361630557858
2021-06-24 22:00:00+00:00,TTE.PA,30.58928680419922,4578906,30.127590560913085,60.48249531390298
2021-06-27 22:00:00+00:00,TTE.PA,29.708404541015625,6645101,30.18522205352783,48.42271784729519
2021-06-28 22:00:00+00:00,TTE.PA,29.57053565979004,4976165,30.2014949798584,43.789165885907934
2021-06-29 22:00:00+00:00,TTE.PA,29.22584342956543,8577424,30.167762565612794,41.99414173676555
2021-06-30 22:00:00+00:00,TTE.PA,29.689254760742188,5199871,30.157200717926024,42.930885892029046
2021-07-01 22:00:00+00:00,TTE.PA,29.57819938659668,4086623,30.141086101531982,36.70359013251872
2021-07-04 22:00:00+00:00,TTE.PA,29.650962829589844,2679466,30.13614273071289,37.38689693241206
2021-07-05 22:00:00+00:00,TTE.PA,29.034364700317383,6256509,30.094908046722413,32.67021091029329
2021-07-06 22:00:00+00:00,TTE.PA,28.701152801513672,8986114,30.02269926071167,31.702169086480424
2021-07-07 22:00:00+00:00,TTE.PA,28.417739868164062,8889739,29.943664741516113,35.73623682456801
2021-07-08 22:00:00+00:00,TTE.PA,28.685834884643555,6140096,29.858824443817138,35.029504969713784
2021-07-11 22:00:00+00:00,TTE.PA,28.701152801513672,4356696,29.753844738006592,32.621716042190045
2021-07-12 22:00:00+00:00,TTE.PA,28.48667335510254,5542747,29.637011432647704,31.99011827517053
2021-07-13 22:00:00+00:00,TTE.PA,28.42156982421875,3785439,29.515603923797606,20.22673525335904
2021-07-14 22:00:00+00:00,TTE.PA,28.06922149658203,6735172,29.38524284362793,19.705224154376694
2021-07-15 22:00:00+00:00,TTE.PA,27.79347038269043,7249288,29.285730171203614,23.060282487118812
2021-07-18 22:00:00+00:00,TTE.PA,26.724933624267575,10678934,29.116781616210936,18.274880226596594
2021-07-19 22:00:00+00:00,TTE.PA,26.70578384399414,8737348,28.937647151947022,19.705251263736244
2021-07-20 22:00:00+00:00,TTE.PA,27.418136596679688,8255255,28.80034589767456,24.239708820788223
2021-07-21 22:00:00+00:00,TTE.PA,27.299415588378903,4283311,28.62359685897827,24.197630155500235
2021-07-22 22:00:00+00:00,TTE.PA,27.295583724975582,4478444,28.45891170501709,22.907434863821607
2021-07-25 22:00:00+00:00,TTE.PA,27.92751884460449,4784517,28.369867420196535,37.313353219003815
2021-07-26 22:00:00+00:00,TTE.PA,27.91986083984375,4116038,28.287333679199218,40.32262484702725
2021-07-27 22:00:00+00:00,TTE.PA,28.1190128326416,4214433,28.231992149353026,46.220972457947134
2021-07-28 22:00:00+00:00,TTE.PA,28.72795867919922,6659171,28.18392734527588,50.49057784005363
2021-07-29 22:00:00+00:00,TTE.PA,28.11135482788086,8155157,28.110585117340086,43.974975878392804
2021-08-01 22:00:00+00:00,TTE.PA,28.10368537902832,4488857,28.03322124481201,45.91502097865678
2021-08-02 22:00:00+00:00,TTE.PA,28.869665145874023,7324353,28.024986267089844,54.157780855635906
2021-08-03 22:00:00+00:00,TTE.PA,28.79306983947754,4702013,28.02958211898804,57.07867163715301
2021-08-04 22:00:00+00:00,TTE.PA,28.858173370361328,4239949,28.0516037940979,60.8593629325227
2021-08-05 22:00:00+00:00,TTE.PA,29.057334899902344,4160940,28.07017879486084,78.91746043757516
2021-08-08 22:00:00+00:00,TTE.PA,28.965410232543945,3820417,28.083391666412354,77.51860016213442
2021-08-09 22:00:00+00:00,TTE.PA,28.823713302612305,4244872,28.100243663787843,69.88097749638897
2021-08-10 22:00:00+00:00,TTE.PA,29.229671478271484,3640347,28.140648746490477,75.25048130135511
2021-08-11 22:00:00+00:00,TTE.PA,29.35606384277344,3596049,28.20499086380005,76.11656325140868
2021-08-12 22:00:00+00:00,TTE.PA,29.275636672973636,4086224,28.27909917831421,69.86459065231455
2021-08-15 22:00:00+00:00,TTE.PA,28.91562271118164,4006558,28.38863363265991,63.2923342971179
2021-08-16 22:00:00+00:00,TTE.PA,28.97307586669922,4064003,28.501998233795167,61.84906549104388
2021-08-17 22:00:00+00:00,TTE.PA,28.89647483825684,3754908,28.575915145874024,52.74315027449828
2021-08-18 22:00:00+00:00,TTE.PA,27.80879020690918,10540641,28.601383876800536,45.72969917221886
2021-08-19 22:00:00+00:00,TTE.PA,27.93134880065918,5835436,28.633172130584718,47.6440986436241
2021-08-22 22:00:00+00:00,TTE.PA,28.402421951293945,5853018,28.65691728591919,43.05244374059131
2021-08-23 22:00:00+00:00,TTE.PA,28.463699340820312,4120930,28.684109210968018,45.08009570572144
2021-08-24 22:00:00+00:00,TTE.PA,28.59774398803711,2625755,28.708045768737794,46.188392883064566
2021-08-25 22:00:00+00:00,TTE.PA,28.578596115112305,2685683,28.700577640533446,42.60350356480029
2021-08-26 22:00:00+00:00,TTE.PA,28.91562271118164,3126438,28.740791034698486,49.284940607582705
2021-08-29 22:00:00+00:00,TTE.PA,28.881153106689453,2212395,28.77966442108154,50.85117989389575
2021-08-30 22:00:00+00:00,TTE.PA,28.60540580749512,9453228,28.7664514541626,40.377904532537826
2021-08-31 22:00:00+00:00,TTE.PA,28.417739868164062,4650752,28.747684955596924,35.8052989487971
2021-09-01 22:00:00+00:00,TTE.PA,28.785409927368164,4043538,28.744046783447267,43.176955300588766
2021-09-02 22:00:00+00:00,TTE.PA,28.544130325317383,3745680,28.718386554718016,44.65278475570483
2021-09-05 22:00:00+00:00,TTE.PA,28.85051918029785,2980357,28.712642002105714,48.35389881710254
2021-09-06 22:00:00+00:00,TTE.PA,28.81222343444824,2713500,28.71206750869751,48.85662516501427
2021-09-07 22:00:00+00:00,TTE.PA,28.5402946472168,4265614,28.677598667144775,62.75031433702655
2021-09-08 22:00:00+00:00,TTE.PA,28.29900932312012,5052232,28.62474594116211,56.15372435043673
2021-09-09 22:00:00+00:00,TTE.PA,28.057735443115234,5242783,28.56385087966919,43.750021615452454
2021-09-12 22:00:00+00:00,TTE.PA,28.91562271118164,6317875,28.56385087966919,56.35775457260953
2021-09-13 22:00:00+00:00,TTE.PA,28.988386154174805,5673389,28.564616394042968,55.5920576611919
2021-09-14 22:00:00+00:00,TTE.PA,29.635643005371094,9334848,28.60157480239868,62.82531511520861
2021-09-15 22:00:00+00:00,TTE.PA,29.65862464904785,7340521,28.694066524505615,59.75863629053229
2021-09-16 22:00:00+00:00,TTE.PA,29.40584754943848,11808387,28.76779146194458,56.51761662082156
2021-09-19 22:00:00+00:00,TTE.PA,28.988386154174805,6943257,28.797089672088624,54.59548928347787
2021-09-20 22:00:00+00:00,TTE.PA,29.697799682617188,9358190,28.858794689178467,63.650583147900306
2021-09-21 22:00:00+00:00,TTE.PA,30.457883834838867,8707498,28.951801681518553,66.45786629468743
2021-09-22 22:00:00+00:00,TTE.PA,30.894451141357425,6660186,29.06759443283081,72.27215792736601
2021-09-23 22:00:00+00:00,TTE.PA,30.94511604309082,5267276,29.16906909942627,70.85985361639533
2021-09-26 22:00:00+00:00,TTE.PA,32.00923156738281,12904333,29.325473022460937,76.43701892093188
2021-09-27 22:00:00+00:00,TTE.PA,32.426307678222656,13880191,29.516518115997314,81.38128868770916
2021-09-28 22:00:00+00:00,TTE.PA,31.98973655700684,8722511,29.695117950439453,78.89297288515822
2021-09-29 22:00:00+00:00,TTE.PA,32.22361373901367,10163250,29.867028141021727,82.65052049604542
2021-09-30 22:00:00+00:00,TTE.PA,32.176841735839844,6843143,30.048663711547853,79.28336158079853
2021-10-03 22:00:00+00:00,TTE.PA,32.812198638916016,8850439,30.24674768447876,81.18437143887333
2021-10-04 22:00:00+00:00,TTE.PA,33.79444885253906,11031582,30.4958589553833,82.15918443199621
2021-10-05 22:00:00+00:00,TTE.PA,33.33060836791992,11594677,30.735374641418456,76.58227306279994
2021-10-06 22:00:00+00:00,TTE.PA,33.283843994140625,8205608,30.984616374969484,78.93675118988418
2021-10-07 22:00:00+00:00,TTE.PA,33.79444885253906,7492965,31.271452045440675,85.3701202501635
2021-10-10 22:00:00+00:00,TTE.PA,34.47267532348633,7165322,31.549304676055907,85.30265339966836
2021-10-11 22:00:00+00:00,TTE.PA,34.06730651855469,5690310,31.8032506942749,78.16316319444758
2021-10-12 22:00:00+00:00,TTE.PA,33.735992431640625,6009732,32.008268165588376,72.54188551071817
2021-10-13 22:00:00+00:00,TTE.PA,34.145259857177734,5392985,32.232599925994876,74.02003438802349
2021-10-14 22:00:00+00:00,TTE.PA,34.655879974365234,8019827,32.49510154724121,71.66574441402193
2021-10-17 22:00:00+00:00,TTE.PA,34.80790710449219,5862350,32.78607759475708,70.38042112176834
2021-10-18 22:00:00+00:00,TTE.PA,34.94822311401367,5657379,33.048598766326904,76.6693408811978
2021-10-19 22:00:00+00:00,TTE.PA,34.97550964355469,4801321,33.2744800567627,75.76674122211404
2021-10-20 22:00:00+00:00,TTE.PA,34.47267532348633,4341551,33.45339126586914,69.80506210646654
2021-10-21 22:00:00+00:00,TTE.PA,34.1491584777832,5061555,33.61359338760376,62.18911286395949
2021-10-24 22:00:00+00:00,TTE.PA,34.242706298828125,4097437,33.72526712417603,54.87709721654995
2021-10-25 22:00:00+00:00,TTE.PA,34.102386474609375,4954047,33.80907106399536,59.032952549507414
2021-10-26 22:00:00+00:00,TTE.PA,34.01662826538086,4623519,33.91041564941406,58.4989890319926
2021-10-27 22:00:00+00:00,TTE.PA,33.75157165527344,5903395,33.98681354522705,49.47266490012535
2021-10-28 22:00:00+00:00,TTE.PA,33.8100471496582,7805387,34.06847381591797,40.38473460928713
2021-10-31 23:00:00+00:00,TTE.PA,33.93478012084961,4807172,34.12460289001465,47.906424572589046
2021-11-01 23:00:00+00:00,TTE.PA,34.04781723022461,5957680,34.137271308898924,55.290911797640085
2021-11-02 23:00:00+00:00,TTE.PA,33.451438903808594,6578422,34.14331283569336,38.930416841643996
2021-11-03 23:00:00+00:00,TTE.PA,33.71650314331055,4889313,34.16494579315186,33.738529565589474
2021-11-04 23:00:00+00:00,TTE.PA,33.84123611450195,5733591,34.16728515625,33.10640272316732
2021-11-07 23:00:00+00:00,TTE.PA,33.911399841308594,5847805,34.139221382141116,31.42496299303326
2021-11-08 23:00:00+00:00,TTE.PA,33.93867492675781,5497680,34.13278980255127,31.424681800288667
2021-11-09 23:00:00+00:00,TTE.PA,34.23491287231445,6752352,34.15773582458496,45.39986242689583
2021-11-10 23:00:00+00:00,TTE.PA,34.19593811035156,5283755,34.16026973724365,51.01705683011345
2021-11-11 23:00:00+00:00,TTE.PA,33.65803146362305,5638576,34.11037731170654,39.346746312311204
2021-11-14 23:00:00+00:00,TTE.PA,34.020530700683594,4850767,34.07100849151611,48.62023467198905
2021-11-15 23:00:00+00:00,TTE.PA,34.19203567504883,6712875,34.03319911956787,52.873609191149825
2021-11-16 23:00:00+00:00,TTE.PA,33.94257354736328,5446414,33.981552314758304,53.145155819323456
2021-11-17 23:00:00+00:00,TTE.PA,33.57617950439453,6178698,33.93672752380371,46.50355592816283
2021-11-18 23:00:00+00:00,TTE.PA,32.660179138183594,12727917,33.86227855682373,34.59000803408445
2021-11-21 23:00:00+00:00,TTE.PA,33.04996109008789,7472702,33.80264129638672,38.69253154291861
2021-11-22 23:00:00+00:00,TTE.PA,33.43195724487305,6764292,33.769119834899904,49.76796467719966
2021-11-23 23:00:00+00:00,TTE.PA,33.61125564575195,6418515,33.748851203918456,48.72031065050334
2021-11-24 23:00:00+00:00,TTE.PA,33.58787155151367,4557711,33.740666198730466,46.84153360952914
2021-11-25 23:00:00+00:00,TTE.PA,31.596057891845703,15479769,33.629966735839844,30.486047568861935
2021-11-28 23:00:00+00:00,TTE.PA,32.11837387084961,9637094,33.539146423339844,35.83989782480063
2021-11-29 23:00:00+00:00,TTE.PA,31.65842628479004,14105234,33.41967687606812,30.45533952459813
2021-11-30 23:00:00+00:00,TTE.PA,32.69136047363281,8058706,33.38167295455933,40.08220073676402
2021-12-01 23:00:00+00:00,TTE.PA,32.76152420043945,8494764,33.333924007415774,43.70208847743793
2021-12-02 23:00:00+00:00,TTE.PA,33.003196716308594,7821778,33.2920220375061,42.72986993869045
2021-12-05 23:00:00+00:00,TTE.PA,33.8646125793457,7791727,33.289682674407956,47.870164184356156
2021-12-06 23:00:00+00:00,TTE.PA,34.51945877075195,7929206,33.31872186660767,53.564555971450936
2021-12-07 23:00:00+00:00,TTE.PA,34.4804801940918,6448620,33.33100023269653,55.823265845546146
2021-12-08 23:00:00+00:00,TTE.PA,34.2661018371582,4942452,33.334508419036865,61.3686764921923
2021-12-09 23:00:00+00:00,TTE.PA,34.37134552001953,4442611,33.37017412185669,59.74703896755836
2021-12-12 23:00:00+00:00,TTE.PA,33.87630844116211,5979628,33.36296300888061,53.22394047871437
2021-12-13 23:00:00+00:00,TTE.PA,34.0906982421875,6375347,33.357896137237546,53.46091909330931
2021-12-14 23:00:00+00:00,TTE.PA,33.743778228759766,6793530,33.347956371307376,51.07520997769604
2021-12-15 23:00:00+00:00,TTE.PA,34.827388763427734,9137943,33.410516834259035,75.47623157946657
2021-12-16 23:00:00+00:00,TTE.PA,34.03612518310547,13753862,33.479314136505124,64.50468037175227
2021-12-19 23:00:00+00:00,TTE.PA,33.80615234375,7655859,33.51712369918823,66.8295275499934
2021-12-20 23:00:00+00:00,TTE.PA,34.613014221191406,5664033,33.57617654800415,65.61113204646989
2021-12-21 23:00:00+00:00,TTE.PA,34.854679107666016,5164530,33.638347721099855,66.54339449707246
2021-12-22 23:00:00+00:00,TTE.PA,35.17428970336914,5517384,33.71766862869263,66.95055637259719
2021-12-23 23:00:00+00:00,TTE.PA,34.90534973144531,1043080,33.883133220672605,58.95378229309087
2021-12-26 23:00:00+00:00,TTE.PA,35.04566955566406,3282268,34.02949800491333,54.96688455575183
2021-12-27 23:00:00+00:00,TTE.PA,35.27953338623047,2916252,34.210553359985354,57.27459948670397
2021-12-28 23:00:00+00:00,TTE.PA,34.88975143432617,4141465,34.32047290802002,55.5020004092358
2021-12-29 23:00:00+00:00,TTE.PA,35.0027961730957,4099251,34.43253650665283,55.56316590051628
2021-12-30 23:00:00+00:00,TTE.PA,34.79230880737305,1711261,34.52199211120605,58.49606693707948
2022-01-02 23:00:00+00:00,TTE.PA,35.59941482543945,5436592,34.60873222351074,62.607417796974865
2022-01-03 23:00:00+00:00,TTE.PA,35.900089263916016,5584211,34.67776374816894,68.159318736419
2022-01-04 23:00:00+00:00,TTE.PA,36.33133316040039,5641479,34.77030639648437,64.22886584841214
2022-01-05 23:00:00+00:00,TTE.PA,36.34716033935547,5444172,34.87435932159424,75.62464470371674
2022-01-06 23:00:00+00:00,TTE.PA,36.76258087158203,5732405,34.99392108917236,81.48588719178761
2022-01-09 23:00:00+00:00,TTE.PA,36.98413848876953,5681747,35.149312591552736,78.84900287015962
2022-01-10 23:00:00+00:00,TTE.PA,37.66462326049805,6505491,35.328008842468265,80.88962246902273
2022-01-11 23:00:00+00:00,TTE.PA,38.81989288330078,9331583,35.58181457519531,83.85576194798173
2022-01-12 23:00:00+00:00,TTE.PA,38.618125915527344,6197728,35.771351432800294,84.91519465051873
2022-01-13 23:00:00+00:00,TTE.PA,39.195743560791016,6533053,36.02933235168457,86.06159445510686
2022-01-16 23:00:00+00:00,TTE.PA,39.3065185546875,3805535,36.30435066223144,85.7569159731951
2022-01-17 23:00:00+00:00,TTE.PA,39.896026611328125,8906341,36.56850128173828,92.92969273898352
2022-01-18 23:00:00+00:00,TTE.PA,40.560691833496094,8139395,36.85380191802979,93.54076751723886
2022-01-19 23:00:00+00:00,TTE.PA,40.10176086425781,6354172,37.10017547607422,90.0359962421695
2022-01-20 23:00:00+00:00,TTE.PA,39.26300430297852,9987592,37.31805820465088,77.4941111939419
2022-01-23 23:00:00+00:00,TTE.PA,37.91388320922852,9884998,37.461468887329104,63.05802279435124
2022-01-24 23:00:00+00:00,TTE.PA,38.855499267578125,8177125,37.64026718139648,65.35134831653576
2022-01-25 23:00:00+00:00,TTE.PA,40.41034698486328,10006277,37.91629695892334,70.81478487962627
2022-01-26 23:00:00+00:00,TTE.PA,40.94051361083984,8553119,38.213182830810545,71.15391004112499
2022-01-27 23:00:00+00:00,TTE.PA,40.54486846923828,9191640,38.50081081390381,67.71653513417078
2022-01-30 23:00:00+00:00,TTE.PA,39.73777389526367,7585497,38.70772876739502,60.186690259117114
2022-01-31 23:00:00+00:00,TTE.PA,40.59235000610352,5651831,38.942341804504395,58.97438670836083
2022-02-01 23:00:00+00:00,TTE.PA,39.76150894165039,5459094,39.113850593566895,55.4425238496617
2022-02-02 23:00:00+00:00,TTE.PA,39.33422088623047,13793140,39.263203620910645,50.66872498107174
2022-02-03 23:00:00+00:00,TTE.PA,40.33122253417969,7789174,39.44163570404053,54.55826783785858
2022-02-06 23:00:00+00:00,TTE.PA,40.53695297241211,5365826,39.619276428222655,52.951868805362366
2022-02-07 23:00:00+00:00,TTE.PA,40.58443832397461,6931199,39.76526718139648,50.115959836356
2022-02-08 23:00:00+00:00,TTE.PA,41.46274948120117,6436455,39.897410011291505,56.38453331481785
2022-02-09 23:00:00+00:00,TTE.PA,41.09084701538086,6299551,40.02104606628418,58.967374013446225
2022-02-10 23:00:00+00:00,TTE.PA,41.34405517578125,5570067,40.12846164703369,68.85597849677923
2022-02-13 23:00:00+00:00,TTE.PA,40.45782470703125,7999873,40.18602695465088,58.8620969606746
2022-02-14 23:00:00+00:00,TTE.PA,40.35496520996094,7559606,40.20897388458252,49.63508639991796
2022-02-15 23:00:00+00:00,TTE.PA,40.68729782104492,4714726,40.21530418395996,48.286884793202404
2022-02-16 23:00:00+00:00,TTE.PA,40.07802200317383,5859702,40.214117240905765,46.930312800526146
2022-02-17 23:00:00+00:00,TTE.PA,40.08592987060547,6486390,40.25526351928711,52.558107986144776
2022-02-20 23:00:00+00:00,TTE.PA,39.516212463378906,6145128,40.33537998199463,41.7475279413855
2022-02-21 23:00:00+00:00,TTE.PA,39.47269821166992,6588023,40.36623992919922,47.48105216228266
2022-02-22 23:00:00+00:00,TTE.PA,39.195743560791016,5897010,40.30550975799561,48.75970427791152
2022-02-23 23:00:00+00:00,TTE.PA,37.68046188354492,18829075,40.14250717163086,28.274988822990565
2022-02-24 23:00:00+00:00,TTE.PA,38.19478225708008,10597115,40.02500286102295,31.728347300257113
2022-02-27 23:00:00+00:00,TTE.PA,36.07416534423828,17814292,39.84182243347168,23.414038106348258
2022-02-28 23:00:00+00:00,TTE.PA,35.09299087524414,14935059,39.56685447692871,12.90309537435617
2022-03-01 23:00:00+00:00,TTE.PA,37.96135711669922,19496825,39.476846885681155,35.87999657144863
2022-03-02 23:00:00+00:00,TTE.PA,36.537071228027344,10922562,39.336989402770996,30.38420203187539
2022-03-03 23:00:00+00:00,TTE.PA,35.21167755126953,10794060,39.08101215362549,29.332860854333404
2022-03-06 23:00:00+00:00,TTE.PA,35.52028274536133,13924706,38.83017864227295,31.257647363983025
2022-03-07 23:00:00+00:00,TTE.PA,36.188907623291016,14726942,38.61040210723877,33.00447016393292
2022-03-08 23:00:00+00:00,TTE.PA,36.57663345336914,14321264,38.366096305847165,36.54604640200097
2022-03-09 23:00:00+00:00,TTE.PA,36.16121292114258,12006495,38.119614601135254,35.37736076996612
2022-03-10 23:00:00+00:00,TTE.PA,36.07416534423828,10974577,37.856120109558105,36.69722985253479
2022-03-13 23:00:00+00:00,TTE.PA,36.20077133178711,7542301,37.643267440795896,37.43540568365528
2022-03-14 23:00:00+00:00,TTE.PA,36.20473098754883,9011242,37.43575572967529,38.26817314258594
2022-03-15 23:00:00+00:00,TTE.PA,36.03460311889648,9554064,37.20312099456787,42.78276154401514
2022-03-16 23:00:00+00:00,TTE.PA,36.4065055847168,9187133,37.01954517364502,42.05906147770915
2022-03-17 23:00:00+00:00,TTE.PA,36.00691223144531,20405549,36.81559429168701,49.64747727298176
2022-03-20 23:00:00+00:00,TTE.PA,36.22055816650391,7544828,36.65081157684326,56.42759133579347
2022-03-21 23:00:00+00:00,TTE.PA,36.91501998901367,9074292,36.52292766571045,42.07008046978583
2022-03-22 23:00:00+00:00,TTE.PA,37.20003509521485,6638858,36.42314224243164,56.073177823004535
2022-03-23 23:00:00+00:00,TTE.PA,37.48103713989258,7239142,36.413171005249026,75.70790857666354
2022-03-24 23:00:00+00:00,TTE.PA,38.21562957763672,6296989,36.41421337127686,77.84607138775357
2022-03-27 22:00:00+00:00,TTE.PA,37.48504638671875,7343974,36.48475742340088,63.22136243751684
2022-03-28 22:00:00+00:00,TTE.PA,36.77854537963867,9838729,36.56903514862061,51.93385224243557
2022-03-29 22:00:00+00:00,TTE.PA,37.70582962036133,6483258,36.55625877380371,63.47286939323638
2022-03-30 22:00:00+00:00,TTE.PA,36.95516204833984,6495026,36.57716331481934,56.88715289582006
2022-03-31 22:00:00+00:00,TTE.PA,37.5372314453125,6071152,36.693441009521486,59.75318127785614
2022-04-03 22:00:00+00:00,TTE.PA,37.44892501831055,4690279,36.789873123168945,58.96942303398036
2022-04-04 22:00:00+00:00,TTE.PA,37.17193222045898,5262056,36.83902435302734,58.07461894289827
2022-04-05 22:00:00+00:00,TTE.PA,36.65008163452149,6068545,36.84269676208496,51.69324864438283
2022-04-06 22:00:00+00:00,TTE.PA,36.05597686767578,6334970,36.837434959411624,50.33209775685548
2022-04-07 22:00:00+00:00,TTE.PA,36.65811538696289,5623325,36.86663246154785,52.8136665556274
2022-04-10 22:00:00+00:00,TTE.PA,37.43285751342773,6022190,36.92823677062988,53.295871929391744
2022-04-11 22:00:00+00:00,TTE.PA,37.27228164672852,5575258,36.98161430358887,50.4672274679128
2022-04-12 22:00:00+00:00,TTE.PA,37.72188568115234,5133546,37.06597843170166,51.52435535343591
2022-04-13 22:00:00+00:00,TTE.PA,37.48504638671875,4758738,37.11990547180176,45.06513410751481
2022-04-18 22:00:00+00:00,TTE.PA,38.01091003417969,5924175,37.22010536193848,53.65307887673894
2022-04-19 22:00:00+00:00,TTE.PA,37.76203155517578,5094582,37.29717903137207,57.29598053914672
2022-04-20 22:00:00+00:00,TTE.PA,37.8543586730957,6047792,37.344145965576175,51.257663361219684
2022-04-21 22:00:00+00:00,TTE.PA,36.82670593261719,5622015,37.32547950744629,48.96103815964857
2022-04-24 22:00:00+00:00,TTE.PA,35.349464416503906,7062909,37.21890087127686,34.543375894231545
2022-04-25 22:00:00+00:00,TTE.PA,35.9315299987793,7962378,37.104695892333986,39.97873691211588
2022-04-26 22:00:00+00:00,TTE.PA,36.23260116577149,6046151,37.04207363128662,43.8160858113525
2022-04-27 22:00:00+00:00,TTE.PA,37.55729675292969,7544258,37.08101119995117,55.40150438373548
2022-04-28 22:00:00+00:00,TTE.PA,37.91456985473633,6109500,37.09144821166992,61.3870855105923
2022-05-01 22:00:00+00:00,TTE.PA,37.717872619628906,5828178,37.129583740234374,56.83227048815462
2022-05-02 22:00:00+00:00,TTE.PA,39.17905807495117,7052181,37.21167507171631,60.342375007455985
2022-05-03 22:00:00+00:00,TTE.PA,39.19913101196289,6933231,37.29918537139893,61.60547381190892
2022-05-04 22:00:00+00:00,TTE.PA,39.75310134887695,8170451,37.42824382781983,62.082177805793364
2022-05-05 22:00:00+00:00,TTE.PA,40.62419128417969,9701008,37.626949310302734,67.36236414488286
2022-05-08 22:00:00+00:00,TTE.PA,38.64515686035156,7183004,37.756408309936525,53.022164185398566
2022-05-09 22:00:00+00:00,TTE.PA,38.65319442749024,5848216,37.85616226196289,54.346112101871995
2022-05-10 22:00:00+00:00,TTE.PA,40.4234733581543,8797325,38.00569305419922,60.767123883364015
2022-05-11 22:00:00+00:00,TTE.PA,39.636680603027344,7785862,38.12391300201416,62.019218531661366
2022-05-12 22:00:00+00:00,TTE.PA,41.009559631347656,7967412,38.288296699523926,74.42824704574551
2022-05-15 22:00:00+00:00,TTE.PA,41.51534271240234,6645780,38.48981151580811,74.25875354120792
2022-05-16 22:00:00+00:00,TTE.PA,42.01312255859375,7078811,38.689922142028806,74.69132764877163
2022-05-17 22:00:00+00:00,TTE.PA,41.8926887512207,5409262,38.89645500183106,70.64215151179411
2022-05-18 22:00:00+00:00,TTE.PA,41.3708381652832,5656368,39.07227897644043,66.20244363551046
2022-05-19 22:00:00+00:00,TTE.PA,41.51534271240234,6462269,39.30671081542969,67.88948487519029
2022-05-22 22:00:00+00:00,TTE.PA,42.78385162353516,7359549,39.67843017578125,67.29578626894215
2022-05-23 22:00:00+00:00,TTE.PA,42.10946273803711,5431602,39.98732681274414,63.13880052298529
2022-05-24 22:00:00+00:00,TTE.PA,43.31373596191406,8414560,40.34138355255127,65.1831199441734
2022-05-25 22:00:00+00:00,TTE.PA,44.25305938720703,6201292,40.676171684265135,65.38455318317605
2022-05-26 22:00:00+00:00,TTE.PA,44.06037902832031,6085373,40.98346214294433,77.05577854776794
2022-05-29 22:00:00+00:00,TTE.PA,44.30124282836914,4780314,41.31263065338135,77.57744247970896
2022-05-30 22:00:00+00:00,TTE.PA,44.630409240722656,12431159,41.58519821166992,73.90514010486999
2022-05-31 22:00:00+00:00,TTE.PA,43.45021438598633,6996945,41.797752380371094,70.74234176960425
2022-06-01 22:00:00+00:00,TTE.PA,43.490360260009766,4883491,41.984615325927734,65.78138005508569
2022-06-02 22:00:00+00:00,TTE.PA,43.7392463684082,3146284,42.14036808013916,64.62517077830756
2022-06-05 22:00:00+00:00,TTE.PA,44.55012130737305,4635253,42.43561630249023,66.02430563085103
2022-06-06 22:00:00+00:00,TTE.PA,44.72675323486328,4925987,42.73929424285889,67.77446074887229
2022-06-07 22:00:00+00:00,TTE.PA,45.37705612182617,6888933,42.98697338104248,74.72746263118285
2022-06-08 22:00:00+00:00,TTE.PA,44.72675323486328,6628185,43.24147701263428,68.65679381815248
2022-06-09 22:00:00+00:00,TTE.PA,43.75530624389648,7594810,43.37876434326172,55.845457955148945
2022-06-12 22:00:00+00:00,TTE.PA,42.8320198059082,7799410,43.44459819793701,54.221342457058704
2022-06-13 22:00:00+00:00,TTE.PA,43.4181022644043,6886090,43.51484718322754,50.65720285586216
2022-06-14 22:00:00+00:00,TTE.PA,42.97653198242188,7704110,43.5690393447876,41.42399499741162
2022-06-15 22:00:00+00:00,TTE.PA,41.72409057617188,7330449,43.58670196533203,36.26067839195983
2022-06-16 22:00:00+00:00,TTE.PA,39.61260223388672,16928170,43.49156494140625,27.39939680189528
2022-06-19 22:00:00+00:00,TTE.PA,40.34318923950195,6026167,43.36953182220459,30.104308768968167
2022-06-20 22:00:00+00:00,TTE.PA,41.0835075378418,5380452,43.318234062194826,38.5493368257704
2022-06-21 22:00:00+00:00,TTE.PA,39.89981460571289,6997764,43.14753799438476,34.35889135641135
2022-06-22 22:00:00+00:00,TTE.PA,39.126949310302734,6561491,42.89123249053955,30.785125280336047
2022-06-23 22:00:00+00:00,TTE.PA,40.31471252441406,6726853,42.70394916534424,32.89246331998264
2022-06-26 22:00:00+00:00,TTE.PA,40.67673873901367,5031536,42.52272396087646,33.882687848609265
2022-06-27 22:00:00+00:00,TTE.PA,41.20553207397461,5344547,42.351480102539064,33.23701548545729
2022-06-28 22:00:00+00:00,TTE.PA,41.45773696899414,6183440,42.25185623168945,36.429498725379744
2022-06-29 22:00:00+00:00,TTE.PA,40.97774505615234,7951972,42.12622547149658,37.979164486051054
2022-06-30 22:00:00+00:00,TTE.PA,40.79876708984375,6672745,41.97920150756836,40.59445985354318
2022-07-03 22:00:00+00:00,TTE.PA,42.65362548828125,5655336,41.88437671661377,46.835140782011734
2022-07-04 22:00:00+00:00,TTE.PA,39.91608047485352,6941767,41.64384307861328,39.35388054112312
2022-07-05 22:00:00+00:00,TTE.PA,38.756797790527344,8692108,41.31283016204834,39.6106071291191
2022-07-06 22:00:00+00:00,TTE.PA,40.16828155517578,6977326,41.084906578063965,52.04588853202427
2022-07-07 22:00:00+00:00,TTE.PA,40.08285903930664,4266297,40.90128421783447,48.993716107738024
2022-07-10 22:00:00+00:00,TTE.PA,39.798118591308594,3400071,40.749589157104495,44.8500595299048
2022-07-11 22:00:00+00:00,TTE.PA,39.26525115966797,5045734,40.54194660186768,47.317723660087296
2022-07-12 22:00:00+00:00,TTE.PA,39.330345153808594,4912501,40.35963726043701,50.91446316129601
2022-07-13 22:00:00+00:00,TTE.PA,37.49581527709961,6375847,40.1482234954834,38.022855472025824
2022-07-14 22:00:00+00:00,TTE.PA,38.67137908935547,5618585,40.101162338256835,42.030431211411816
2022-07-17 22:00:00+00:00,TTE.PA,39.57439804077149,3862460,40.062722778320314,43.704898493269624
2022-07-18 22:00:00+00:00,TTE.PA,39.94455337524414,4245206,40.00577507019043,44.212797346364965
2022-07-19 22:00:00+00:00,TTE.PA,40.025909423828125,3485514,40.01207981109619,46.2451935925804
2022-07-20 22:00:00+00:00,TTE.PA,38.95611572265625,5268507,40.00353813171387,43.208423669284656
2022-07-21 22:00:00+00:00,TTE.PA,39.48898315429688,4695108,39.96225166320801,37.07646828999592
2022-07-24 22:00:00+00:00,TTE.PA,39.94455337524414,4106096,39.92564239501953,50.14291119134013
2022-07-25 22:00:00+00:00,TTE.PA,40.025909423828125,3976500,39.86666126251221,57.14282647154806
2022-07-26 22:00:00+00:00,TTE.PA,40.46929168701172,3628557,39.81723899841309,51.90134444434806
2022-07-27 22:00:00+00:00,TTE.PA,39.12288284301758,6537052,39.72449588775635,44.76949374339567
2022-07-28 22:00:00+00:00,TTE.PA,40.481483459472656,7249813,39.708631706237796,53.33330356172622
2022-07-31 22:00:00+00:00,TTE.PA,39.82252502441406,4625194,39.567076683044434,52.68522868724032
2022-08-01 22:00:00+00:00,TTE.PA,39.24491882324219,5363885,39.533518600463864,49.6077462839767
2022-08-02 22:00:00+00:00,TTE.PA,39.57439804077149,5484815,39.574398612976076,61.075004369936494
2022-08-03 22:00:00+00:00,TTE.PA,39.57032775878906,5443280,39.54450092315674,55.47296889297641
2022-08-04 22:00:00+00:00,TTE.PA,39.77371597290039,5624000,39.52904376983643,51.3264882309394
2022-08-07 22:00:00+00:00,TTE.PA,40.53030014038086,4433097,39.56565284729004,53.70752941153745
2022-08-08 22:00:00+00:00,TTE.PA,41.36824035644531,5807127,39.67080230712891,57.75375475955435
2022-08-09 22:00:00+00:00,TTE.PA,41.11604690551758,4828451,39.760087394714354,63.77787327275618
2022-08-10 22:00:00+00:00,TTE.PA,42.303810119628906,5853954,40.00048713684082,66.57086470589286
2022-08-11 22:00:00+00:00,TTE.PA,42.246864318847656,4923926,40.17926139831543,64.22114157073776
2022-08-14 22:00:00+00:00,TTE.PA,41.25434875488281,4366322,40.263258934020996,56.82024003463193
2022-08-15 22:00:00+00:00,TTE.PA,41.89703369140625,4945532,40.360882949829104,57.75513536272435
2022-08-16 22:00:00+00:00,TTE.PA,41.92958831787109,4312278,40.45606689453125,67.78357704264556
2022-08-17 22:00:00+00:00,TTE.PA,42.95463562011719,5238130,40.655992889404295,66.36173578422115
2022-08-18 22:00:00+00:00,TTE.PA,42.86515045166016,5364002,40.82480125427246,71.76955451354586
2022-08-21 22:00:00+00:00,TTE.PA,43.14988327026367,5433708,40.985067749023436,79.16161250715749
2022-08-22 22:00:00+00:00,TTE.PA,44.54916000366211,7449542,41.21123027801514,82.03248581742152
2022-08-23 22:00:00+00:00,TTE.PA,43.63800430297852,4979158,41.369665908813474,73.45220756907227
2022-08-24 22:00:00+00:00,TTE.PA,43.96341323852539,4435613,41.61169242858887,73.8205580882896
2022-08-25 22:00:00+00:00,TTE.PA,43.89833831787109,5137140,41.78253517150879,70.78322768049452
2022-08-28 22:00:00+00:00,TTE.PA,44.25629806518555,4260541,42.00422382354736,68.94355170044507
2022-08-29 22:00:00+00:00,TTE.PA,42.65362548828125,5932492,42.174659156799315,58.56754117581542
2022-08-30 22:00:00+00:00,TTE.PA,41.23807907104492,8940042,42.25784320831299,44.208651481776755
2022-08-31 22:00:00+00:00,TTE.PA,40.84757995605469,5489709,42.32170581817627,42.66208217674183
2022-09-01 22:00:00+00:00,TTE.PA,41.94585418701172,5595554,42.43031272888184,53.586507574096835
2022-09-04 22:00:00+00:00,TTE.PA,43.26377868652344,6275171,42.566986656188966,56.624642774730646
2022-09-05 22:00:00+00:00,TTE.PA,42.06787872314453,5889428,42.60196857452392,50.60236479525715
2022-09-06 22:00:00+00:00,TTE.PA,40.50996780395508,7397732,42.5716646194458,39.82390903025156
2022-09-07 22:00:00+00:00,TTE.PA,40.025909423828125,7900781,42.457769584655765,38.55734870068889
2022-09-08 22:00:00+00:00,TTE.PA,40.54250717163086,5006277,42.37255172729492,39.68459217565478
2022-09-11 22:00:00+00:00,TTE.PA,41.16485977172852,5252651,42.36807727813721,35.73389919141388
2022-09-12 22:00:00+00:00,TTE.PA,40.69301223754883,5381636,42.30787620544434,37.10827809349759
2022-09-13 22:00:00+00:00,TTE.PA,41.7017936706543,7432928,42.2964864730835,40.65863353583178
2022-09-14 22:00:00+00:00,TTE.PA,40.70115280151367,7419261,42.18381233215332,37.74176120067483
2022-09-15 22:00:00+00:00,TTE.PA,40.49370193481445,11658305,42.065239906311035,35.40549770416047
2022-09-18 22:00:00+00:00,TTE.PA,40.10726165771485,5198075,41.913108825683594,39.09407749757546
2022-09-19 22:00:00+00:00,TTE.PA,39.7574462890625,5664763,41.673523139953616,43.0214750123429
2022-09-20 22:00:00+00:00,TTE.PA,40.37221145629883,6458138,41.51023349761963,47.80587539083643
2022-09-21 22:00:00+00:00,TTE.PA,40.36395263671875,5748727,41.3302604675293,41.88164300576116
2022-09-22 22:00:00+00:00,TTE.PA,38.3793830871582,7712933,41.05431270599365,26.53851072960275
2022-09-25 22:00:00+00:00,TTE.PA,38.80435180664063,6841654,40.78171539306641,33.070285562306736
2022-09-26 22:00:00+00:00,TTE.PA,39.48100662231445,6175010,40.62308444976807,44.12505750010455
2022-09-27 22:00:00+00:00,TTE.PA,38.91575241088867,7467853,40.50696811676026,43.71969323238955
2022-09-28 22:00:00+00:00,TTE.PA,39.03540802001953,6386339,40.416359519958505,41.07322729641098
2022-09-29 22:00:00+00:00,TTE.PA,39.83583831787109,6218163,40.310858726501465,42.290641669458424
2022-10-02 22:00:00+00:00,TTE.PA,41.06123733520508,5525970,40.200731658935545,51.964268417458314
2022-10-03 22:00:00+00:00,TTE.PA,42.34027862548828,6660326,40.214351654052734,53.31049528371859
2022-10-04 22:00:00+00:00,TTE.PA,42.8023796081543,5850376,40.328972244262694,61.53910934023806
2022-10-05 22:00:00+00:00,TTE.PA,42.30727005004883,4458233,40.44304027557373,59.65437917161148
2022-10-06 22:00:00+00:00,TTE.PA,43.40475845336914,6182146,40.58615283966064,66.31856753159713
2022-10-09 22:00:00+00:00,TTE.PA,42.4970588684082,4187958,40.65276279449463,62.84828259126434
2022-10-10 22:00:00+00:00,TTE.PA,41.62235641479492,4326044,40.69923000335693,55.72340813465215
2022-10-11 22:00:00+00:00,TTE.PA,41.0571174621582,4757162,40.66699619293213,53.01945415891346
2022-10-12 22:00:00+00:00,TTE.PA,42.33201599121094,5753679,40.74853935241699,68.35251254456797
2022-10-13 22:00:00+00:00,TTE.PA,43.07469177246094,6719974,40.87758884429932,69.25945042013335
2022-10-16 22:00:00+00:00,TTE.PA,43.72658920288086,5594092,41.05855522155762,69.19064878454202
2022-10-17 22:00:00+00:00,TTE.PA,43.00867462158203,4782124,41.221116638183595,68.2487518492225
2022-10-18 22:00:00+00:00,TTE.PA,43.41301345825195,3565309,41.37315673828125,69.03482875565996
2022-10-19 22:00:00+00:00,TTE.PA,43.70183181762695,4262518,41.54005069732666,67.59297160917016
2022-10-20 22:00:00+00:00,TTE.PA,43.710086822509766,5396712,41.80658588409424,63.55578687127957
2022-10-23 22:00:00+00:00,TTE.PA,44.14743041992188,5017614,42.0737398147583,60.12015134917125
2022-10-24 22:00:00+00:00,TTE.PA,43.941139221191406,3951699,42.29674644470215,56.565217601668614
2022-10-25 22:00:00+00:00,TTE.PA,43.66881561279297,4574909,42.534399604797365,58.05659100522912
2022-10-26 22:00:00+00:00,TTE.PA,44.95610809326172,7455904,42.83043460845947,58.97803953739839
2022-10-27 22:00:00+00:00,TTE.PA,45.04687881469727,7009218,43.09098663330078,66.29744134900935
2022-10-30 23:00:00+00:00,TTE.PA,45.46772766113281,6171638,43.31131114959717,76.09186655381353
2022-10-31 23:00:00+00:00,TTE.PA,46.62299346923828,4966599,43.52544689178467,84.96621192520844
2022-11-01 23:00:00+00:00,TTE.PA,46.400184631347656,5767784,43.70533714294434,79.45026698508987
2022-11-02 23:00:00+00:00,TTE.PA,46.93655776977539,4767222,43.936801528930665,78.81756235528802
2022-11-03 23:00:00+00:00,TTE.PA,47.66272735595703,6813963,44.149699974060056,79.04978499158486
2022-11-06 23:00:00+00:00,TTE.PA,47.992801666259766,5007705,44.42448711395264,89.01790412391506
2022-11-07 23:00:00+00:00,TTE.PA,47.1511116027832,4949391,44.70092487335205,77.38804084616945
2022-11-08 23:00:00+00:00,TTE.PA,46.7962760925293,6005000,44.98788280487061,72.45493732359975
2022-11-09 23:00:00+00:00,TTE.PA,46.639495849609375,6715663,45.20325679779053,70.80880794841956
2022-11-10 23:00:00+00:00,TTE.PA,47.06033706665039,6404977,45.4025390625,70.7402093900115
2022-11-13 23:00:00+00:00,TTE.PA,46.96956634521485,5162544,45.5646879196167,71.92337516872979
2022-11-14 23:00:00+00:00,TTE.PA,47.679229736328125,5591312,45.798215675354,77.30333040035657
2022-11-15 23:00:00+00:00,TTE.PA,48.05881881713867,6723703,46.03050594329834,74.10253750848261
2022-11-16 23:00:00+00:00,TTE.PA,47.390411376953125,4773178,46.21493492126465,66.7058245758301
2022-11-17 23:00:00+00:00,TTE.PA,47.36565399169922,8763208,46.39771327972412,64.33906515508892
2022-11-20 23:00:00+00:00,TTE.PA,45.90507507324219,7131003,46.485595512390134,44.81523071091049
2022-11-21 23:00:00+00:00,TTE.PA,47.91853332519531,7090227,46.68446521759033,58.71213315122226
2022-11-22 23:00:00+00:00,TTE.PA,47.5389404296875,4876026,46.877971458435056,53.51973791258197
2022-11-23 23:00:00+00:00,TTE.PA,47.71223449707031,3992229,47.01577777862549,50.30925211410445
2022-11-24 23:00:00+00:00,TTE.PA,48.22384262084961,3906723,47.17462596893311,51.411218541984724
2022-11-27 23:00:00+00:00,TTE.PA,47.64622116088867,5425808,47.2835506439209,53.12498194208756
2022-11-28 23:00:00+00:00,TTE.PA,48.63643646240234,5275940,47.3842227935791,60.75214435722331
2022-11-29 23:00:00+00:00,TTE.PA,49.76694107055664,11137687,47.55256061553955,66.40686756569725
2022-11-30 23:00:00+00:00,TTE.PA,48.90875244140625,4539663,47.651170349121095,59.271513675047856
2022-12-01 23:00:00+00:00,TTE.PA,48.59518432617188,5694945,47.69779319763184,57.97571571561081
2022-12-04 23:00:00+00:00,TTE.PA,48.4879150390625,5299979,47.72254886627197,54.21688664262686
2022-12-05 23:00:00+00:00,TTE.PA,48.45432662963867,7256100,47.787709617614745,52.139579496687034
2022-12-06 23:00:00+00:00,TTE.PA,47.46375274658203,5709652,47.82108345031738,50.3833912960245
2022-12-07 23:00:00+00:00,TTE.PA,47.69041061401367,4901712,47.8736291885376,51.66256751684479
2022-12-08 23:00:00+00:00,TTE.PA,47.253883361816406,5351717,47.8833065032959,57.71393964145808
2022-12-11 23:00:00+00:00,TTE.PA,47.53091049194336,4958521,47.911373710632326,47.233730234999406
2022-12-12 23:00:00+00:00,TTE.PA,48.59703826904297,5817155,47.95726413726807,56.87722092576963
2022-12-13 23:00:00+00:00,TTE.PA,48.25285720825195,6946106,47.96696605682373,53.4374755931738
2022-12-14 23:00:00+00:00,TTE.PA,47.37141036987305,7221555,47.96601600646973,44.82338921830536
2022-12-15 23:00:00+00:00,TTE.PA,46.72501754760742,14509793,47.933984184265135,44.45209728035876
2022-12-18 23:00:00+00:00,TTE.PA,47.55609130859375,4871006,48.01653499603272,43.36652188251877
2022-12-19 23:00:00+00:00,TTE.PA,48.101749420166016,5152750,48.02569580078125,38.984322873503935
2022-12-20 23:00:00+00:00,TTE.PA,49.52046585083008,5570095,48.12477207183838,53.76726086631706
2022-12-21 23:00:00+00:00,TTE.PA,49.52885437011719,4761020,48.215603065490725,55.97462476126493
2022-12-22 23:00:00+00:00,TTE.PA,49.70513916015625,2891433,48.28966789245605,57.72091204555969
2022-12-26 23:00:00+00:00,TTE.PA,50.05772018432617,2963938,48.41024284362793,59.77483825656625
2022-12-27 23:00:00+00:00,TTE.PA,49.839454650878906,3315104,48.47039375305176,65.9886709174688
2022-12-28 23:00:00+00:00,TTE.PA,49.84785842895508,3328421,48.47443962097168,64.9592665869632
2022-12-29 23:00:00+00:00,TTE.PA,49.23503875732422,3979635,48.490753936767575,63.409076121812255
2023-01-01 23:00:00+00:00,TTE.PA,50.98493576049805,3907873,48.61024150848389,69.49172026187239
2023-01-02 23:00:00+00:00,TTE.PA,50.10149383544922,5540506,48.690920448303224,58.668664233011896
2023-01-03 23:00:00+00:00,TTE.PA,48.929229736328125,7364586,48.7146656036377,53.55774536538188
2023-01-04 23:00:00+00:00,TTE.PA,49.21804428100586,5310799,48.80238018035889,60.3592140347273
2023-01-05 23:00:00+00:00,TTE.PA,49.846656799316406,4484094,48.91019248962402,67.54671976375626
2023-01-08 23:00:00+00:00,TTE.PA,49.54084777832031,5476365,49.024540710449216,61.85643174026745
2023-01-09 23:00:00+00:00,TTE.PA,49.61729431152344,4271013,49.12885990142822,59.59115131669478
2023-01-10 23:00:00+00:00,TTE.PA,49.94009399414063,5506370,49.19601268768311,53.08331161059403
2023-01-11 23:00:00+00:00,TTE.PA,50.5007438659668,5196954,49.30840702056885,56.60512170119832
2023-01-12 23:00:00+00:00,TTE.PA,50.73858642578125,4834882,49.47676582336426,56.965199711634476
2023-01-15 23:00:00+00:00,TTE.PA,50.4412841796875,3004776,49.66257915496826,52.604541453677555
2023-01-16 23:00:00+00:00,TTE.PA,50.6281623840332,5951772,49.816182708740236,55.378544095190776
2023-01-17 23:00:00+00:00,TTE.PA,50.6281623840332,4160371,49.94250335693359,55.32734114234996
2023-01-18 23:00:00+00:00,TTE.PA,49.557838439941406,5908361,49.94437198638916,52.07425957120529
2023-01-19 23:00:00+00:00,TTE.PA,49.99106216430664,4432005,49.96748237609863,42.3127263800553
2023-01-22 23:00:00+00:00,TTE.PA,50.28837585449219,2854543,49.99664421081543,51.58959762640855
2023-01-23 23:00:00+00:00,TTE.PA,49.85514068603516,3256019,49.98651523590088,59.00822728811252
2023-01-24 23:00:00+00:00,TTE.PA,49.60030746459961,3975685,49.974557876586914,53.74380938433077
2023-01-25 23:00:00+00:00,TTE.PA,49.70224380493164,3853592,49.967277145385744,48.422954865274015
2023-01-26 23:00:00+00:00,TTE.PA,49.795684814453125,4442112,49.99530944824219,52.91827569938317
2023-01-29 23:00:00+00:00,TTE.PA,49.19256591796875,4237634,49.90569095611572,45.65974658595838
2023-01-30 23:00:00+00:00,TTE.PA,48.40255737304688,6043711,49.82074413299561,35.65759508084716
2023-01-31 23:00:00+00:00,TTE.PA,47.54460906982422,5463460,49.75151309967041,23.873760582041797
2023-02-01 23:00:00+00:00,TTE.PA,46.87352752685547,7436226,49.63428726196289,18.270527975869115
2023-02-02 23:00:00+00:00,TTE.PA,47.86739730834961,6885333,49.535324287414554,31.038703886575462
2023-02-05 23:00:00+00:00,TTE.PA,47.28126907348633,4990200,49.422345352172854,26.71390231266402
2023-02-06 23:00:00+00:00,TTE.PA,48.878265380859375,5946952,49.385393905639646,40.03867917522066
2023-02-07 23:00:00+00:00,TTE.PA,47.943843841552734,6647138,49.28558139801025,40.66791506481304
2023-02-08 23:00:00+00:00,TTE.PA,49.141597747802734,5865632,49.21762409210205,45.487374570485734
2023-02-09 23:00:00+00:00,TTE.PA,50.415794372558594,7483955,49.201484489440915,50.61323945089347
2023-02-12 23:00:00+00:00,TTE.PA,50.57719421386719,4363617,49.2082799911499,53.568468704211575
2023-02-13 23:00:00+00:00,TTE.PA,50.95095443725586,4513712,49.224419593811035,56.59749370370012
2023-02-14 23:00:00+00:00,TTE.PA,50.96794891357422,4003007,49.24140892028809,56.23431308259319
2023-02-15 23:00:00+00:00,TTE.PA,50.91697692871094,4559961,49.309365844726564,55.54620098251948
2023-02-16 23:00:00+00:00,TTE.PA,49.82966613769531,6001310,49.30129604339599,53.00722041161748
2023-02-19 23:00:00+00:00,TTE.PA,50.05052185058594,2339163,49.28940334320068,58.220348981028636
2023-02-20 23:00:00+00:00,TTE.PA,49.81267547607422,3216732,49.28728008270264,62.05958068941793
2023-02-21 23:00:00+00:00,TTE.PA,49.60880279541016,3643782,49.28770484924316,65.30415970508214
2023-02-22 23:00:00+00:00,TTE.PA,50.2119255065918,4212988,49.31318893432617,63.71770022667763
2023-02-23 23:00:00+00:00,TTE.PA,49.43041229248047,7818721,49.29492530822754,62.29344005097311
2023-02-26 23:00:00+00:00,TTE.PA,50.30536651611328,3705232,49.350565338134764,58.89827726787073
2023-02-27 23:00:00+00:00,TTE.PA,49.75321578979492,5134204,49.418098258972165,61.84655100413806
2023-02-28 23:00:00+00:00,TTE.PA,49.25202560424805,4233092,49.50346908569336,50.795573721112774
2023-03-01 23:00:00+00:00,TTE.PA,50.22042083740234,3962438,49.670813751220706,48.52755825827754
2023-03-02 23:00:00+00:00,TTE.PA,50.12697982788086,4591569,49.783792877197264,46.57182178736643
2023-03-05 23:00:00+00:00,TTE.PA,50.37331771850586,2939160,49.93839530944824,45.51451656285137
2023-03-06 23:00:00+00:00,TTE.PA,50.11848449707031,3232677,50.00040626525879,43.63868222377877
2023-03-07 23:00:00+00:00,TTE.PA,50.033538818359375,3066612,50.104891014099124,43.417758647739724
2023-03-08 23:00:00+00:00,TTE.PA,49.676753997802734,3364708,50.13164882659912,48.72152249973687
2023-03-09 23:00:00+00:00,TTE.PA,49.30299758911133,4766081,50.07600898742676,43.905864469167454
2023-03-12 23:00:00+00:00,TTE.PA,46.839542388916016,8949682,49.8891263961792,32.21545118946396
2023-03-13 23:00:00+00:00,TTE.PA,47.95234680175781,6586419,49.7391960144043,41.06326981874216
2023-03-14 23:00:00+00:00,TTE.PA,45.25104141235352,12938098,49.45335063934326,28.176395052314234
2023-03-15 23:00:00+00:00,TTE.PA,45.28502655029297,10421882,49.171753120422366,30.48006598805685
2023-03-16 23:00:00+00:00,TTE.PA,45.14060974121094,17071713,48.937300300598146,23.88319107663952
2023-03-19 23:00:00+00:00,TTE.PA,45.75222396850586,6375094,48.72238540649414,29.88898672197128
2023-03-20 23:00:00+00:00,TTE.PA,46.89900588989258,6002122,48.576701927185056,38.89336637792261
2023-03-21 23:00:00+00:00,TTE.PA,46.821590423583984,4699698,48.43734130859375,32.48364617627017
2023-03-22 23:00:00+00:00,TTE.PA,45.96137237548828,4673803,48.22481365203858,30.10438017778698
2023-03-23 23:00:00+00:00,TTE.PA,44.56782531738281,7869472,47.98168430328369,25.010500721011155
2023-03-26 22:00:00+00:00,TTE.PA,44.84309005737305,5149680,47.70857048034668,27.332156432712566
2023-03-27 22:00:00+00:00,TTE.PA,46.03018951416016,4556532,47.522419166564944,34.28635513705237
2023-03-28 22:00:00+00:00,TTE.PA,46.314056396484375,3823711,47.37552070617676,36.72500363683676
2023-03-29 22:00:00+00:00,TTE.PA,46.80438232421875,4041982,47.20471878051758,40.22611647359054
2023-03-30 22:00:00+00:00,TTE.PA,46.76136779785156,4107237,47.036438179016116,49.622769946915724
2023-04-02 22:00:00+00:00,TTE.PA,49.51406478881836,6909528,46.99347553253174,56.5063164803799
2023-04-03 22:00:00+00:00,TTE.PA,48.800079345703125,4951522,46.92755527496338,67.71996948008336
2023-04-04 22:00:00+00:00,TTE.PA,49.15278244018555,4394531,46.88351745605469,68.71564107193025
2023-04-05 22:00:00+00:00,TTE.PA,49.46244812011719,4724688,46.87280216217041,70.58371244604004
2023-04-10 22:00:00+00:00,TTE.PA,50.2796630859375,5937113,46.921635437011716,71.14874639024326
2023-04-11 22:00:00+00:00,TTE.PA,50.28825759887695,4181958,47.09407119750976,67.71581069785546
2023-04-12 22:00:00+00:00,TTE.PA,50.09040832519531,4042541,47.20097427368164,66.87384975773284
2023-04-13 22:00:00+00:00,TTE.PA,50.51192092895508,3749179,47.46401824951172,74.60463216776293
2023-04-16 22:00:00+00:00,TTE.PA,50.5205192565918,4233906,47.72579288482666,87.85548734425026
2023-04-17 22:00:00+00:00,TTE.PA,50.451698303222656,3879152,47.991347312927246,86.62908746109167
2023-04-18 22:00:00+00:00,TTE.PA,49.952781677246094,3813440,48.20137519836426,78.14813435981773
2023-04-19 22:00:00+00:00,TTE.PA,49.53126907348633,3803974,48.33298835754395,72.63917201436026
2023-04-20 22:00:00+00:00,TTE.PA,49.634498596191406,4733765,48.473633766174316,71.06269369270132
2023-04-23 22:00:00+00:00,TTE.PA,50.07320785522461,2989471,48.679225540161134,73.27688690247976
2023-04-24 22:00:00+00:00,TTE.PA,49.59148406982422,3437018,48.9304084777832,50.79928448383827
2023-04-25 22:00:00+00:00,TTE.PA,50.23664855957031,5519770,49.200086402893064,65.04508074903399
2023-04-26 22:00:00+00:00,TTE.PA,48.92051696777344,4578032,49.34460277557373,47.975950891203915
2023-04-27 22:00:00+00:00,TTE.PA,49.840938568115234,5601590,49.52094688415527,52.9809908093703
2023-05-01 22:00:00+00:00,TTE.PA,47.31191253662109,6736518,49.54632339477539,31.590119151739543
2023-05-02 22:00:00+00:00,TTE.PA,46.993629455566406,5737923,49.55793647766113,30.318592564942918
2023-05-03 22:00:00+00:00,TTE.PA,47.01944351196289,5681202,49.43320541381836,31.26972700592502
2023-05-04 22:00:00+00:00,TTE.PA,48.283958435058594,5654428,49.407399368286136,37.67838012429488
2023-05-07 22:00:00+00:00,TTE.PA,48.34417724609375,2789782,49.36696910858154,38.03219663517431
2023-05-08 22:00:00+00:00,TTE.PA,47.699012756347656,4808038,49.27879734039307,35.76515825214449
2023-05-09 22:00:00+00:00,TTE.PA,47.81943893432617,4400114,49.1557861328125,38.51848992796686
2023-05-10 22:00:00+00:00,TTE.PA,47.20008087158203,3480678,49.00137729644776,37.715311278907684
2023-05-11 22:00:00+00:00,TTE.PA,47.96567153930664,5045585,48.89514045715332,41.77962009166054
2023-05-14 22:00:00+00:00,TTE.PA,48.06889724731445,3081718,48.77298927307129,39.78961973757851
2023-05-15 22:00:00+00:00,TTE.PA,47.43233871459961,3482245,48.61858024597168,39.17167805156895
2023-05-16 22:00:00+00:00,TTE.PA,47.47534942626953,3626153,48.46976280212402,35.26166491156485
2023-05-17 22:00:00+00:00,TTE.PA,47.905460357666016,3570231,48.36739673614502,44.01621276647418
2023-05-18 22:00:00+00:00,TTE.PA,48.27535629272461,4284593,48.30460109710693,40.13022842400327
2023-05-21 22:00:00+00:00,TTE.PA,48.103309631347656,2776246,48.228041648864746,57.09872656797485
2023-05-22 22:00:00+00:00,TTE.PA,49.04954528808594,4171976,48.176858520507814,66.57416189073857
2023-05-23 22:00:00+00:00,TTE.PA,48.91191482543945,4733500,48.142880058288576,64.98633980475769
2023-05-24 22:00:00+00:00,TTE.PA,47.31191253662109,4285361,47.996643257141116,42.690807288081096
2023-05-25 22:00:00+00:00,TTE.PA,47.96567153930664,3582070,47.94890098571777,47.38709852410554
2023-05-28 22:00:00+00:00,TTE.PA,47.93986892700195,1854258,47.85384750366211,51.8181519750327
2023-05-29 22:00:00+00:00,TTE.PA,46.29685974121094,5005853,47.8030948638916,40.654707802014265
2023-05-30 22:00:00+00:00,TTE.PA,45.660301208496094,20748665,47.73642845153809,40.569047792612714
2023-05-31 22:00:00+00:00,TTE.PA,46.27104949951172,3734990,47.699008750915525,39.419978517722896
2023-06-01 22:00:00+00:00,TTE.PA,47.46675491333008,4788534,47.6581485748291,46.69191614356994
2023-06-04 22:00:00+00:00,TTE.PA,47.18287658691406,3599391,47.60008354187012,48.57424044155705
2023-06-05 22:00:00+00:00,TTE.PA,46.74416732788086,4122580,47.552341270446775,46.00188813922337
2023-06-06 22:00:00+00:00,TTE.PA,47.13126373291016,3877214,47.51793251037598,45.7466762623581
2023-06-07 22:00:00+00:00,TTE.PA,47.33771896362305,2721136,47.524814414978025,44.75455707937181
2023-06-08 22:00:00+00:00,TTE.PA,47.26890182495117,3414257,47.489975929260254,45.27751138116843
2023-06-11 22:00:00+00:00,TTE.PA,46.4086799621582,4603542,47.40696506500244,34.906570725043295
2023-06-12 22:00:00+00:00,TTE.PA,46.58932876586914,4599884,47.364814567565915,36.79059765271093
2023-06-13 22:00:00+00:00,TTE.PA,46.3742790222168,5283995,47.30976104736328,43.67016402797963
2023-06-14 22:00:00+00:00,TTE.PA,46.23664855957031,4712235,47.2263204574585,37.45326666884428
2023-06-15 22:00:00+00:00,TTE.PA,46.27964782714844,14221553,47.12653503417969,37.98252342791757
2023-06-18 22:00:00+00:00,TTE.PA,46.28825759887695,3198357,47.035782432556154,49.91843416751126
2023-06-19 22:00:00+00:00,TTE.PA,45.72911071777344,4843986,46.86976070404053,50.66217531823916
2023-06-20 22:00:00+00:00,TTE.PA,46.976593017578125,5015479,46.77299461364746,56.04843087572976
2023-06-21 22:00:00+00:00,TTE.PA,45.80762100219727,4549703,46.69778003692627,35.71120692487327
2023-06-22 22:00:00+00:00,TTE.PA,45.40633773803711,4056035,46.569813346862794,35.003358641756265
2023-06-25 22:00:00+00:00,TTE.PA,45.859962463378906,3915562,46.46581802368164,42.554738757860775
2023-06-26 22:00:00+00:00,TTE.PA,45.36272048950195,3869258,46.41911106109619,35.37955023510001
2023-06-27 22:00:00+00:00,TTE.PA,45.38017272949219,3652335,46.405104637145996,33.295050812233995
2023-06-28 22:00:00+00:00,TTE.PA,45.30165481567383,2850371,46.3566349029541,33.24001684766641
2023-06-29 22:00:00+00:00,TTE.PA,45.8425178527832,5980961,46.27542304992676,44.89900149439019
2023-07-02 22:00:00+00:00,TTE.PA,46.67125701904297,3778611,46.2498420715332,50.66096621646159
2023-07-03 22:00:00+00:00,TTE.PA,46.78467178344727,2222930,46.25186729431152,53.36609462686423
2023-07-04 22:00:00+00:00,TTE.PA,45.9733772277832,4168681,46.193972969055174,48.055500301191074
2023-07-05 22:00:00+00:00,TTE.PA,44.12397003173828,6645342,46.033285522460936,37.43198882641807
2023-07-06 22:00:00+00:00,TTE.PA,44.577598571777344,3854940,45.89872035980225,40.51853439946145
2023-07-09 22:00:00+00:00,TTE.PA,44.69100570678711,2929335,45.81283664703369,43.947141666863146
2023-07-10 22:00:00+00:00,TTE.PA,45.3539924621582,2993897,45.75106983184814,39.84711294766105
2023-07-11 22:00:00+00:00,TTE.PA,45.859962463378906,4116589,45.72535400390625,50.35714155570138
2023-07-12 22:00:00+00:00,TTE.PA,45.92103576660156,4720779,45.709573364257814,53.682927321929746
2023-07-13 22:00:00+00:00,TTE.PA,44.73462677001953,4619487,45.63232231140137,42.71193927637217
2023-07-16 22:00:00+00:00,TTE.PA,44.45547103881836,3420502,45.54068298339844,43.953540164988055
2023-07-17 22:00:00+00:00,TTE.PA,44.97888946533203,3194379,45.50317192077637,47.49457444396387
2023-07-18 22:00:00+00:00,TTE.PA,45.641876220703125,3482010,45.436436080932616,51.97969935259722
2023-07-19 22:00:00+00:00,TTE.PA,46.49678802490234,3966156,45.47089443206787,53.67286759619931
2023-07-20 22:00:00+00:00,TTE.PA,47.09872817993164,3640287,45.5555139541626,52.46239031102512
2023-07-23 22:00:00+00:00,TTE.PA,47.79660415649414,3507786,45.65234603881836,55.46136413047055
2023-07-24 22:00:00+00:00,TTE.PA,47.40404510498047,2798807,45.75441226959229,58.08677127289115
2023-07-25 22:00:00+00:00,TTE.PA,46.98530578613281,3848339,45.834668922424314,69.29407854866773
2023-07-26 22:00:00+00:00,TTE.PA,47.3865966796875,4434934,45.938916015625,69.07580667055595
2023-07-27 22:00:00+00:00,TTE.PA,47.49127960205078,3948350,46.02135410308838,69.0391206173647
2023-07-30 22:00:00+00:00,TTE.PA,48.20661544799805,4870605,46.09812202453613,69.25795635400947
2023-07-31 22:00:00+00:00,TTE.PA,47.63957977294922,3157910,46.14086742401123,61.915886179476466
2023-08-01 22:00:00+00:00,TTE.PA,46.33103942871094,4830711,46.15875053405762,52.3523190959811
2023-08-02 22:00:00+00:00,TTE.PA,47.19467926025391,3961077,46.3122859954834,64.65693186456737
2023-08-03 22:00:00+00:00,TTE.PA,48.47705078125,4819429,46.507258605957034,71.40201767895056
2023-08-06 22:00:00+00:00,TTE.PA,48.35491943359375,2908682,46.69045429229736,68.76814772149869
2023-08-07 22:00:00+00:00,TTE.PA,48.11937713623047,4129912,46.82872352600098,64.46023969555796
2023-08-08 22:00:00+00:00,TTE.PA,49.75941467285156,5811493,47.02369613647461,67.44398730898416
2023-08-09 22:00:00+00:00,TTE.PA,50.43986129760742,5740615,47.2496374130249,67.7150154647224
2023-08-10 22:00:00+00:00,TTE.PA,49.87282180786133,3998433,47.506547164916995,61.16318945926212
2023-08-13 22:00:00+00:00,TTE.PA,49.35812759399414,3282687,47.75167999267578,60.37030573767804
2023-08-14 22:00:00+00:00,TTE.PA,48.93939971923828,2927307,47.94970550537109,60.37037906805183
2023-08-15 22:00:00+00:00,TTE.PA,49.13132095336914,2958850,48.12417774200439,59.46969430318079
2023-08-16 22:00:00+00:00,TTE.PA,49.51515579223633,3692613,48.2750961303711,60.66174534893675
2023-08-17 22:00:00+00:00,TTE.PA,49.733245849609375,4022524,48.40682201385498,58.48688806257865
2023-08-20 22:00:00+00:00,TTE.PA,50.23922348022461,4032124,48.5289529800415,64.55079597101461
2023-08-21 22:00:00+00:00,TTE.PA,50.57943344116211,3192068,48.68772239685059,76.67026360117802
2023-08-22 22:00:00+00:00,TTE.PA,49.6983528137207,4565278,48.82337474822998,65.6830402095905
2023-08-23 22:00:00+00:00,TTE.PA,49.87282180786133,3675723,48.94768600463867,60.15223933439547
2023-08-24 22:00:00+00:00,TTE.PA,50.00368118286133,3193362,49.0733060836792,61.97717809323074
2023-08-27 22:00:00+00:00,TTE.PA,50.50092315673828,3013652,49.18802146911621,66.66668446416882
2023-08-28 22:00:00+00:00,TTE.PA,50.47475051879883,3942878,49.32978000640869,56.46687914739178
2023-08-29 22:00:00+00:00,TTE.PA,50.54454040527344,3306813,49.54045505523682,51.063788546392125
2023-08-30 22:00:00+00:00,TTE.PA,50.65795135498047,15495463,49.71361865997314,58.78913039207899
2023-08-31 22:00:00+00:00,TTE.PA,51.37328338623047,5079157,49.85843029022217,71.58886662955871
2023-09-03 22:00:00+00:00,TTE.PA,51.2249870300293,2625890,50.00193367004395,75.99215662457215
2023-09-04 22:00:00+00:00,TTE.PA,52.254371643066406,5901408,50.20868339538574,79.8334087650982
2023-09-05 22:00:00+00:00,TTE.PA,51.91415023803711,3922557,50.31642017364502,73.10931101488387
2023-09-06 22:00:00+00:00,TTE.PA,52.23692321777344,3647909,50.40627326965332,73.64092182896168
2023-09-07 22:00:00+00:00,TTE.PA,52.673099517822266,3946074,50.54628715515137,73.2888162755181
2023-09-10 22:00:00+00:00,TTE.PA,52.98714828491211,3958740,50.72773818969726,73.15441313499942
2023-09-11 22:00:00+00:00,TTE.PA,53.46694564819336,4172597,50.95411548614502,89.27275473858288
2023-09-12 22:00:00+00:00,TTE.PA,53.41460418701172,4838628,51.16827964782715,87.87317101028354
2023-09-13 22:00:00+00:00,TTE.PA,54.33058547973633,6027529,51.40905113220215,89.61664198496744
2023-09-14 22:00:00+00:00,TTE.PA,54.40909576416016,11416102,51.642843627929686,88.75435772042803
2023-09-17 22:00:00+00:00,TTE.PA,54.077598571777344,2920791,51.83476238250732,83.68683528898981
2023-09-18 22:00:00+00:00,TTE.PA,54.99358367919922,5182126,52.05546989440918,85.91555107732171
2023-09-19 22:00:00+00:00,TTE.PA,54.98474884033203,5849513,52.31978969573974,85.52857273521175
2023-09-20 22:00:00+00:00,TTE.PA,54.622833251953125,4339849,52.55729026794434,78.327090521656
2023-09-21 22:00:00+00:00,TTE.PA,54.64931488037109,3664079,52.78957195281983,80.49838855770638
2023-09-24 22:00:00+00:00,TTE.PA,54.8435173034668,3846288,53.00670166015625,77.09010357420814
2023-09-25 22:00:00+00:00,TTE.PA,54.64931488037109,3829260,53.215429878234865,79.5198967101897
2023-09-26 22:00:00+00:00,TTE.PA,55.5496940612793,4817734,53.46568756103515,81.79026739870673
2023-09-27 22:00:00+00:00,TTE.PA,56.15876770019531,5291582,53.7407283782959,82.37512108600757
2023-09-28 22:00:00+00:00,TTE.PA,55.00241088867188,5302832,53.922184753417966,66.18539417754856
2023-10-01 22:00:00+00:00,TTE.PA,54.3315315246582,3757875,54.07751197814942,56.73705950475717
2023-10-02 22:00:00+00:00,TTE.PA,54.09320068359375,4937929,54.16945343017578,55.13883432321876
2023-10-03 22:00:00+00:00,TTE.PA,53.042762756347656,4791244,54.22588405609131,40.44228851693041
2023-10-04 22:00:00+00:00,TTE.PA,52.76028823852539,4347964,54.252052307128906,38.122782768314224
2023-10-05 22:00:00+00:00,TTE.PA,53.26344299316406,4534468,54.281569480895996,44.276754655536934
2023-10-08 22:00:00+00:00,TTE.PA,54.1902961730957,5031105,54.34172687530518,44.36176872373024
2023-10-09 22:00:00+00:00,TTE.PA,54.63166046142578,4160122,54.3999626159668,47.66355612008959
2023-10-10 22:00:00+00:00,TTE.PA,54.45511245727539,4900536,54.45198802947998,48.862252515921014
2023-10-11 22:00:00+00:00,TTE.PA,54.87881851196289,3502737,54.47939968109131,51.47724454593451
2023-10-12 22:00:00+00:00,TTE.PA,55.76154708862305,4813149,54.54702224731445,55.427960256547884
2023-10-15 22:00:00+00:00,TTE.PA,55.66445159912109,3263358,54.62636489868164,56.07184025277429
2023-10-16 22:00:00+00:00,TTE.PA,55.77037048339844,3025021,54.665204238891604,51.45855048083832
2023-10-17 22:00:00+00:00,TTE.PA,56.30000686645508,3976524,54.730967140197755,50.94342026474373
2023-10-18 22:00:00+00:00,TTE.PA,55.90279006958008,4004637,54.794964981079104,56.69293035500491
2023-10-19 22:00:00+00:00,TTE.PA,55.23191452026367,5307933,54.82409496307373,56.69296250715998
2023-10-22 22:00:00+00:00,TTE.PA,54.99358367919922,3450318,54.83159828186035,56.69296250715998
2023-10-23 22:00:00+00:00,TTE.PA,54.7552375793457,3034036,54.83689441680908,64.47753299986775
2023-10-24 22:00:00+00:00,TTE.PA,54.905303955078125,3233178,54.80467491149902,68.54959011661467
2023-10-25 22:00:00+00:00,TTE.PA,55.1524658203125,4339376,54.754359817504884,67.09260455843284
2023-10-26 22:00:00+00:00,TTE.PA,55.61148071289063,5486583,54.78481330871582,64.04885035148996
2023-10-29 23:00:00+00:00,TTE.PA,55.602657318115234,3524500,54.84836959838867,60.49619847279133
2023-10-30 23:00:00+00:00,TTE.PA,55.788028717041016,4603192,54.93311100006103,64.38101102027234
2023-10-31 23:00:00+00:00,TTE.PA,56.1676025390625,3545953,55.089352989196776,64.03855119701674
2023-11-01 23:00:00+00:00,TTE.PA,57.0150032043457,4449462,55.30208873748779,63.759629219562036
2023-11-02 23:00:00+00:00,TTE.PA,55.020057678222656,5702375,55.389919471740725,45.006774923560485
2023-11-05 23:00:00+00:00,TTE.PA,55.31135559082031,2997232,55.44597244262695,46.542553191489375
2023-11-06 23:00:00+00:00,TTE.PA,54.057891845703125,3820985,55.41728401184082,34.77214845521087
2023-11-07 23:00:00+00:00,TTE.PA,53.651832580566406,4155905,55.37712001800537,34.73043324347002
2023-11-08 23:00:00+00:00,TTE.PA,54.163822174072266,4280731,55.34137020111084,42.59487490888858
2023-11-09 23:00:00+00:00,TTE.PA,54.764068603515625,4340517,55.29149627685547,48.48480117013261
2023-11-12 23:00:00+00:00,TTE.PA,55.426116943359375,3205876,55.27957954406738,54.19432603207174
2023-11-13 23:00:00+00:00,TTE.PA,55.20542526245117,4106459,55.25133228302002,51.859928198615506
2023-11-14 23:00:00+00:00,TTE.PA,55.2672233581543,3698059,55.19969310760498,50.727905269479564
2023-11-15 23:00:00+00:00,TTE.PA,53.81072998046875,4534470,55.09509010314942,39.86086983416754
2023-11-16 23:00:00+00:00,TTE.PA,54.56104278564453,4899574,55.06154651641846,44.58715545407726
2023-11-19 23:00:00+00:00,TTE.PA,55.61148071289063,3995526,55.092441368103025,49.15823372587026
2023-11-20 23:00:00+00:00,TTE.PA,55.56734848022461,2942580,55.13304691314697,47.0434672487803
2023-11-21 23:00:00+00:00,TTE.PA,54.59634780883789,4483162,55.11759910583496,38.23029298594994
2023-11-22 23:00:00+00:00,TTE.PA,55.44376754760742,2706809,55.13216419219971,52.32108951803639
2023-11-23 23:00:00+00:00,TTE.PA,55.73505783081055,3073543,55.138343048095706,52.32104966420625
2023-11-26 23:00:00+00:00,TTE.PA,55.4879035949707,3354541,55.132605361938474,58.804325820344935
2023-11-27 23:00:00+00:00,TTE.PA,55.77919769287109,3167871,55.13216381072998,63.28555378629558
2023-11-28 23:00:00+00:00,TTE.PA,54.4462890625,3898942,55.046098136901854,51.599974935231344
2023-11-29 23:00:00+00:00,TTE.PA,54.95826721191406,12263058,54.943261337280276,51.11110820100346
2023-11-30 23:00:00+00:00,TTE.PA,55.04654312133789,2970446,54.94458560943603,47.67565774566623
2023-12-03 23:00:00+00:00,TTE.PA,54.1902961730957,4802465,54.888532638549805,44.23270809367065
2023-12-04 23:00:00+00:00,TTE.PA,54.17264938354492,4240825,54.894270515441896,43.75
2023-12-05 23:00:00+00:00,TTE.PA,53.537086486816406,4298435,54.888533210754396,48.275862068965516
2023-12-06 23:00:00+00:00,TTE.PA,53.55473709106445,3742989,54.858078956604004,43.01467570302872
2023-12-07 23:00:00+00:00,TTE.PA,54.64048767089844,3668041,54.85189990997314,43.292682926829215
2023-12-10 23:00:00+00:00,TTE.PA,54.7022819519043,3493872,54.81570816040039,44.038935708239784
2023-12-11 23:00:00+00:00,TTE.PA,54.11967849731445,4042135,54.761420822143556,46.529566837416546
2023-12-12 23:00:00+00:00,TTE.PA,54.163822174072266,5328497,54.706250762939455,39.44688372795207
2023-12-13 23:00:00+00:00,TTE.PA,54.20795440673828,5278495,54.72611198425293,36.874110204475066
2023-12-14 23:00:00+00:00,TTE.PA,54.402156829833984,11877782,54.7181676864624,40.58196695273742
2023-12-17 23:00:00+00:00,TTE.PA,55.037715911865234,3931620,54.689479446411134,43.930693594871705
2023-12-18 23:00:00+00:00,TTE.PA,54.71993637084961,3651206,54.64710884094238,52.6863318566341
2023-12-19 23:00:00+00:00,TTE.PA,54.86117172241211,3566464,54.6603500366211,48.97200881746886
2023-12-20 23:00:00+00:00,TTE.PA,54.728763580322266,2710158,54.624599838256835,46.66668267222379
2023-12-21 23:00:00+00:00,TTE.PA,54.99358367919922,2558139,54.58752613067627,59.619543419212135
2023-12-26 23:00:00+00:00,TTE.PA,55.14363861083984,2788341,54.570312881469725,61.270397622465374
2023-12-27 23:00:00+00:00,TTE.PA,54.20795440673828,3359184,54.491750717163086,57.27966937988863
2023-12-28 23:00:00+00:00,TTE.PA,54.37567138671875,2199645,54.488219833374025,58.62709270227086
2024-01-01 23:00:00+00:00,TTE.PA,55.3852767944336,4444831,54.5095703125,57.95419175581983
2024-01-02 23:00:00+00:00,TTE.PA,55.16191482543945,3492054,54.51533889770508,54.74503089054885
2024-01-03 23:00:00+00:00,TTE.PA,55.82306671142578,3956219,54.596977424621585,67.3043282812821
2024-01-04 23:00:00+00:00,TTE.PA,55.8409309387207,2376845,54.680391502380374,67.12881794932933
2024-01-07 23:00:00+00:00,TTE.PA,54.09869766235352,3900649,54.708472061157224,49.171503731863595
2024-01-08 23:00:00+00:00,TTE.PA,53.71451568603516,3053098,54.71646099090576,44.93163395274692
2024-01-09 23:00:00+00:00,TTE.PA,53.40180206298828,2757095,54.654526710510254,37.33971870437035
2024-01-10 23:00:00+00:00,TTE.PA,53.1427001953125,4264632,54.576547622680664,37.68194956625261
2024-01-11 23:00:00+00:00,TTE.PA,53.73237991333008,3034026,54.557182693481444,41.76133927447798
2024-01-14 23:00:00+00:00,TTE.PA,53.553688049316406,2068080,54.52667598724365,41.481085703255204
2024-01-15 23:00:00+00:00,TTE.PA,53.232051849365234,3483825,54.477880859375,37.333812432626665
2024-01-16 23:00:00+00:00,TTE.PA,52.05268478393555,4637885,54.36040725708008,30.640375821967268
2024-01-17 23:00:00+00:00,TTE.PA,52.27605056762695,3715641,54.222323989868165,36.71440631323906
2024-01-18 23:00:00+00:00,TTE.PA,52.070556640625,3426875,54.08985500335693,34.22979477687899
2024-01-21 23:00:00+00:00,TTE.PA,51.59702682495117,4019036,53.92664775848389,22.03159174849617
2024-01-22 23:00:00+00:00,TTE.PA,51.92760467529297,3795632,53.786589813232425,26.493435057276542
2024-01-23 23:00:00+00:00,TTE.PA,52.5887565612793,4325754,53.666348457336426,26.493435057276542
2024-01-24 23:00:00+00:00,TTE.PA,52.66024017333984,3108343,53.542178535461424,27.06191310146518
2024-01-25 23:00:00+00:00,TTE.PA,53.26778411865234,3519412,53.49517002105713,42.83512286133245
2024-01-28 23:00:00+00:00,TTE.PA,53.794921875,3413933,53.46613254547119,50.67665175836997
2024-01-29 23:00:00+00:00,TTE.PA,53.991485595703125,2824518,53.39644298553467,55.06137881988692
2024-01-30 23:00:00+00:00,TTE.PA,53.69663619995117,5020356,53.32317905426025,54.72555151665044
2024-01-31 23:00:00+00:00,TTE.PA,54.12550354003906,3477664,53.23830089569092,53.448295476979354
2024-02-01 23:00:00+00:00,TTE.PA,53.42860412597656,3260710,53.117684555053714,48.99425446006279
2024-02-04 23:00:00+00:00,TTE.PA,52.910404205322266,3591602,53.05826988220215,47.49301583790322
2024-02-05 23:00:00+00:00,TTE.PA,53.875335693359375,4251414,53.06631088256836,64.6973851532715
2024-02-06 23:00:00+00:00,TTE.PA,52.1688346862793,5782026,53.00466251373291,49.30231888490172
2024-02-07 23:00:00+00:00,TTE.PA,52.87466430664063,3394759,52.99126071929932,54.91264116222403
2024-02-08 23:00:00+00:00,TTE.PA,53.35713195800781,3136947,52.9724983215332,60.74151191923443
2024-02-11 23:00:00+00:00,TTE.PA,53.446475982666016,3055670,52.96713771820068,59.55052244917148
2024-02-12 23:00:00+00:00,TTE.PA,53.875335693359375,3140127,52.99930191040039,58.33332921529046
2024-02-13 23:00:00+00:00,TTE.PA,53.9825553894043,2957326,53.095795440673825,58.52532952808758
2024-02-14 23:00:00+00:00,TTE.PA,53.38393783569336,5495770,53.15118980407715,50.74973789090456
2024-02-15 23:00:00+00:00,TTE.PA,53.50901412963867,4848959,53.22311267852783,48.053520461032235
2024-02-18 23:00:00+00:00,TTE.PA,53.33032989501953,2312753,53.30977783203125,45.48782176846521
2024-02-19 23:00:00+00:00,TTE.PA,52.35646057128906,3442884,53.331220626831055,41.629518159842064
2024-02-20 23:00:00+00:00,TTE.PA,52.642372131347656,3222466,53.33390140533447,40.56821556035562
2024-02-21 23:00:00+00:00,TTE.PA,52.82999038696289,3543583,53.34238891601562,45.92953129288086
2024-02-22 23:00:00+00:00,TTE.PA,53.30352783203125,3264682,53.34417610168457,52.68950780089056
2024-02-25 23:00:00+00:00,TTE.PA,52.883602142333984,2855778,53.29861011505127,42.66844745152428
2024-02-26 23:00:00+00:00,TTE.PA,53.16056442260742,2365829,53.25706405639649,59.29643784829101
2024-02-27 23:00:00+00:00,TTE.PA,53.071231842041016,2786832,53.22579383850098,52.08341925128061
2024-02-28 23:00:00+00:00,TTE.PA,52.70491027832031,14240651,53.15476417541504,42.91260638800594
2024-02-29 23:00:00+00:00,TTE.PA,53.42860412597656,3010134,53.15476417541504,49.829324679469195
2024-03-03 23:00:00+00:00,TTE.PA,53.062294006347656,2741093,53.16235866546631,42.14160986127784
2024-03-04 23:00:00+00:00,TTE.PA,52.85679626464844,3098188,53.11143169403076,39.32192596184115
2024-03-05 23:00:00+00:00,TTE.PA,53.58942794799805,3491791,53.1824613571167,51.90079506784119
2024-03-06 23:00:00+00:00,TTE.PA,53.53582382202149,3151539,53.21551933288574,50.25131414267841
2024-03-07 23:00:00+00:00,TTE.PA,53.651973724365234,3278520,53.230261421203615,53.050858373912796
2024-03-10 23:00:00+00:00,TTE.PA,53.723445892333984,2712053,53.24410991668701,65.64425534292798
2024-03-11 23:00:00+00:00,TTE.PA,54.20590972900391,3505196,53.26063861846924,67.12331971952445
2024-03-12 23:00:00+00:00,TTE.PA,55.16191482543945,4217299,53.31960659027099,71.85943592428266
2024-03-13 23:00:00+00:00,TTE.PA,56.02855682373047,6905212,53.45183753967285,73.79101606472256
2024-03-14 23:00:00+00:00,TTE.PA,55.82306671142578,14595607,53.56754016876221,76.66143746163738
2024-03-17 23:00:00+00:00,TTE.PA,55.95708084106445,3014932,53.69887771606445,76.04012742111492
2024-03-18 23:00:00+00:00,TTE.PA,57.44915771484375,4728370,53.953512573242186,82.32194788933037
2024-03-19 23:00:00+00:00,TTE.PA,57.1237678527832,4243839,54.177582359313966,82.82252082191678
2024-03-20 23:00:00+00:00,TTE.PA,56.87068557739258,3750719,54.37961711883545,77.48901896676847
2024-03-21 23:00:00+00:00,TTE.PA,56.80741500854492,2400377,54.55481147766113,81.43045295841534
2024-03-24 23:00:00+00:00,TTE.PA,57.15088272094727,2815602,54.768175506591795,85.22191008950757
2024-03-25 23:00:00+00:00,TTE.PA,56.9249153137207,2681684,54.95639305114746,79.83923808379768
2024-03-26 23:00:00+00:00,TTE.PA,56.979148864746094,2687714,55.15178890228272,80.80048426513642
2024-03-27 23:00:00+00:00,TTE.PA,57.36781311035156,3452878,55.38493404388428,81.69300036245292
2024-04-01 22:00:00+00:00,TTE.PA,59.61840438842773,6167933,55.694424057006835,86.65399427133087
2024-04-02 22:00:00+00:00,TTE.PA,60.2511100769043,3604306,56.05386486053467,86.89877287614335
2024-04-03 22:00:00+00:00,TTE.PA,60.603614807128906,3487338,56.44120578765869,85.856799929619
2024-04-04 22:00:00+00:00,TTE.PA,60.37765121459961,3537494,56.78061695098877,81.30005902620482
2024-04-07 22:00:00+00:00,TTE.PA,61.39900970458984,3533695,57.17377624511719,85.91224018475742
2024-04-08 22:00:00+00:00,TTE.PA,60.91996765136719,3013797,57.53717594146728,80.60367519513801
2024-04-09 22:00:00+00:00,TTE.PA,61.53459167480469,3069874,57.92773323059082,78.24996518120545
2024-04-10 22:00:00+00:00,TTE.PA,61.19112396240234,3406929,58.276993942260745,78.05482071729912
2024-04-11 22:00:00+00:00,TTE.PA,62.44748306274414,3391229,58.641272354125974,83.78967951295948
2024-04-14 22:00:00+00:00,TTE.PA,61.72439193725586,3609707,58.92606410980225,77.58614490475709
2024-04-15 22:00:00+00:00,TTE.PA,60.78438568115234,3252933,59.174130058288576,69.10644515382818
2024-04-16 22:00:00+00:00,TTE.PA,61.15497589111328,2967935,59.434024810791016,71.91014210862627
2024-04-17 22:00:00+00:00,TTE.PA,60.93804168701172,3721241,59.608469009399414,70.16570935573878
2024-04-18 22:00:00+00:00,TTE.PA,60.811500549316406,4151819,59.79285564422607,68.02264434813645
2024-04-21 22:00:00+00:00,TTE.PA,61.37189483642578,2603386,60.01791610717773,61.14943744296935
2024-04-22 22:00:00+00:00,TTE.PA,61.38093948364258,2651398,60.246592330932614,57.80277379970092
2024-04-23 22:00:00+00:00,TTE.PA,61.38093948364258,2559602,60.458095169067384,55.64307849094014
2024-04-24 22:00:00+00:00,TTE.PA,61.51651382446289,2708031,60.687675094604494,58.37765181277358
2024-04-25 22:00:00+00:00,TTE.PA,62.79998397827149,4902657,60.97871685028076,59.923123937117964
2024-04-28 22:00:00+00:00,TTE.PA,62.592098236083984,3282811,61.23993110656738,62.31684433602007
2024-04-29 22:00:00+00:00,TTE.PA,61.99555587768555,3628541,61.358788681030276,53.40451200182114
2024-05-01 22:00:00+00:00,TTE.PA,60.4228401184082,4081964,61.367375183105466,45.19771532560241
2024-05-02 22:00:00+00:00,TTE.PA,59.97996520996094,2803917,61.33619270324707,32.83027522205224
2024-05-05 22:00:00+00:00,TTE.PA,60.793418884277344,1730316,61.356981086730954,43.60246350073166
2024-05-06 22:00:00+00:00,TTE.PA,60.62168502807617,2163667,61.318114852905275,48.749947976780405
2024-05-07 22:00:00+00:00,TTE.PA,60.76631927490234,2516216,61.31043243408203,46.90648652850239
2024-05-08 22:00:00+00:00,TTE.PA,61.77862548828125,2421906,61.32263412475586,55.938698970159074
2024-05-09 22:00:00+00:00,TTE.PA,62.076904296875,3111904,61.36692314147949,58.728235850079294
2024-05-12 22:00:00+00:00,TTE.PA,62.140174865722656,1627993,61.35155773162842,55.68945839971975
2024-05-13 22:00:00+00:00,TTE.PA,61.75152587890625,1723131,61.35291442871094,52.59827617840746
2024-05-14 22:00:00+00:00,TTE.PA,60.98323440551758,2714425,61.3628568649292,47.482777636665844
2024-05-15 22:00:00+00:00,TTE.PA,60.07033920288086,3434553,61.308625030517575,41.6666227033567
2024-05-16 22:00:00+00:00,TTE.PA,60.51322555541992,3520169,61.28738422393799,35.40941551013252
2024-05-19 22:00:00+00:00,TTE.PA,60.55842590332031,2152355,61.27473049163818,36.74913241695885
2024-05-20 22:00:00+00:00,TTE.PA,60.01610565185547,2660592,61.20694103240967,37.010647293568816
2024-05-21 22:00:00+00:00,TTE.PA,58.90436172485352,3025648,61.08311214447021,39.39393616431702
2024-05-22 22:00:00+00:00,TTE.PA,59.38340759277344,2051948,60.98323554992676,45.854192624797854
2024-05-23 22:00:00+00:00,TTE.PA,59.64552688598633,2351491,60.88968620300293,41.36062671653111
2024-05-26 22:00:00+00:00,TTE.PA,60.01610565185547,1545713,60.75049228668213,45.57468665796558
2024-05-27 22:00:00+00:00,TTE.PA,59.78110885620117,1878177,60.60994281768799,42.89434804260089
2024-05-28 22:00:00+00:00,TTE.PA,59.32013320922852,3239603,60.47617168426514,30.736600217478767
2024-05-29 22:00:00+00:00,TTE.PA,59.03090286254883,3499796,60.40657482147217,26.099309461307925
2024-05-30 22:00:00+00:00,TTE.PA,60.56746292114258,9410554,60.43594970703125,39.9769722495185
2024-06-02 22:00:00+00:00,TTE.PA,59.582252502441406,2959073,60.37539138793945,37.15198230122084
2024-06-03 22:00:00+00:00,TTE.PA,58.14512252807617,4535748,60.251563262939456,34.42462336174603
2024-06-04 22:00:00+00:00,TTE.PA,58.49763107299805,2946877,60.13812885284424,40.803421335341525
2024-06-05 22:00:00+00:00,TTE.PA,58.723594665527344,2705044,59.98537731170654,39.262537426777165
2024-06-06 22:00:00+00:00,TTE.PA,58.69648361206055,3178823,59.81635627746582,38.80438028733076
2024-06-09 22:00:00+00:00,TTE.PA,58.940521240234375,3702340,59.65637359619141,43.29202955372504
2024-06-10 22:00:00+00:00,TTE.PA,57.93724060058594,3744259,59.46565933227539,43.8857512742188
2024-06-11 22:00:00+00:00,TTE.PA,57.79261779785156,3028206,59.30612850189209,39.49880235540129
2024-06-12 22:00:00+00:00,TTE.PA,56.3193359375,4992598,59.118578338623045,31.069970730283984
2024-06-13 22:00:00+00:00,TTE.PA,55.51490020751953,6707644,58.86866207122803,25.588258173217753
2024-06-16 22:00:00+00:00,TTE.PA,56.03913497924805,3550252,58.64269752502442,30.32317828082762
2024-06-17 22:00:00+00:00,TTE.PA,56.81645584106445,3657541,58.48271503448486,37.25854634318312
2024-06-18 22:00:00+00:00,TTE.PA,56.551002502441406,3879374,58.36504707336426,37.348933353001364
2024-06-19 22:00:00+00:00,TTE.PA,57.03614807128906,4946318,58.24768409729004,29.82045096745813
2024-06-20 22:00:00+00:00,TTE.PA,56.54185104370117,7655355,58.09250030517578,31.593010811542356
2024-06-23 22:00:00+00:00,TTE.PA,57.21921157836914,2740180,57.95265560150146,43.82648161185697
2024-06-24 22:00:00+00:00,TTE.PA,57.557899475097656,2926768,57.84149513244629,43.72276347728504
2024-06-25 22:00:00+00:00,TTE.PA,56.78899765014648,3708769,57.71493835449219,37.95119781690696
2024-06-26 22:00:00+00:00,TTE.PA,56.78899765014648,2275177,57.60284309387207,38.079792889393175
2024-06-27 22:00:00+00:00,TTE.PA,57.0544548034668,3842392,57.42719268798828,38.24511601035643
2024-06-30 22:00:00+00:00,TTE.PA,58.226112365722656,3968464,57.35938568115235,51.763379384347125
2024-07-01 22:00:00+00:00,TTE.PA,58.592262268066406,3568058,57.38174266815186,54.75278153647467
2024-07-02 22:00:00+00:00,TTE.PA,59.34284973144531,3733317,57.42400360107422,69.65953072865143
2024-07-03 22:00:00+00:00,TTE.PA,60.22159957885742,2692925,57.498903846740724,80.31103230158689
2024-07-04 22:00:00+00:00,TTE.PA,59.82799530029297,3001682,57.55547943115234,74.81773255247384
2024-07-07 22:00:00+00:00,TTE.PA,59.20554733276367,2731401,57.56873073577881,65.97306528521088
2024-07-08 22:00:00+00:00,TTE.PA,57.869117736816406,3564862,57.56532459259033,57.70874810480483
2024-07-09 22:00:00+00:00,TTE.PA,57.70436096191406,3029126,57.56091175079346,54.06006658613038
2024-07-10 22:00:00+00:00,TTE.PA,57.50297546386719,3134492,57.620093727111815,56.055336876526425
2024-07-11 22:00:00+00:00,TTE.PA,58.12542343139648,3135787,57.750619888305664,55.74915320523551
2024-07-14 22:00:00+00:00,TTE.PA,57.92403793334961,3073244,57.844865036010745,52.364025609435906
2024-07-15 22:00:00+00:00,TTE.PA,57.0269889831543,2557447,57.85539169311524,51.51161111558011
2024-07-16 22:00:00+00:00,TTE.PA,57.51212692260742,2858921,57.90344791412353,54.326360848675556
2024-07-17 22:00:00+00:00,TTE.PA,58.40003204345703,3422747,57.971642112731935,57.49233317459463
2024-07-18 22:00:00+00:00,TTE.PA,57.42058944702149,4161797,58.015579032897946,45.416644056980786
2024-07-21 22:00:00+00:00,TTE.PA,57.795894622802734,2462653,58.04441318511963,45.47345277614554
2024-07-22 22:00:00+00:00,TTE.PA,56.871376037597656,2672344,58.01008701324463,36.22453839546173
2024-07-23 22:00:00+00:00,TTE.PA,57.17344665527344,2478368,58.02930946350098,31.843018132554505
2024-07-24 22:00:00+00:00,TTE.PA,56.72492218017578,2587208,58.02610569000244,31.63602738662196
2024-07-25 22:00:00+00:00,TTE.PA,56.871376037597656,2587272,58.01695175170899,35.361682276527745
2024-07-28 22:00:00+00:00,TTE.PA,56.51438903808594,1951085,57.93136558532715,40.31419267211046
2024-07-29 22:00:00+00:00,TTE.PA,56.82561492919922,2382486,57.84303321838379,43.84617768341143
2024-07-30 22:00:00+00:00,TTE.PA,57.19174957275391,4072989,57.735478210449216,47.86965481441409
2024-07-31 22:00:00+00:00,TTE.PA,56.66999435424805,3223324,57.55789794921875,39.898319157746734
2024-08-01 22:00:00+00:00,TTE.PA,55.96516799926758,4188934,57.36475658416748,37.29217315900758
2024-08-04 22:00:00+00:00,TTE.PA,54.46397399902344,5144823,57.12767791748047,34.58147929713765
2024-08-05 22:00:00+00:00,TTE.PA,54.21683120727539,3930534,56.94506359100342,29.591866627354932
2024-08-06 22:00:00+00:00,TTE.PA,55.76378631591797,4208443,56.84803485870361,34.90561257252591
2024-08-07 22:00:00+00:00,TTE.PA,55.75463485717773,2571282,56.76061782836914,39.268861317871824
2024-08-08 22:00:00+00:00,TTE.PA,56.15739440917969,1895672,56.662216377258304,39.48290494279452
2024-08-11 22:00:00+00:00,TTE.PA,56.4960823059082,2429529,56.59081859588623,47.39519320331849
2024-08-12 22:00:00+00:00,TTE.PA,56.14824676513672,2281396,56.54688148498535,42.929298775867615
2024-08-13 22:00:00+00:00,TTE.PA,56.25808334350586,2127767,56.48417930603027,46.62246786516037
2024-08-14 22:00:00+00:00,TTE.PA,57.19174957275391,2235687,56.42376518249512,52.08084534094213
2024-08-15 22:00:00+00:00,TTE.PA,57.0544548034668,3093759,56.40545845031738,53.61080576504702
2024-08-18 22:00:00+00:00,TTE.PA,57.594512939453125,2036242,56.3953893661499,54.988116344011274
2024-08-19 22:00:00+00:00,TTE.PA,56.72492218017578,2187536,56.38806667327881,47.15721984761194
2024-08-20 22:00:00+00:00,TTE.PA,56.871376037597656,1811404,56.37296314239502,51.2850672608844
2024-08-21 22:00:00+00:00,TTE.PA,56.404541015625,2050324,56.35694408416748,52.89157769845688
2024-08-22 22:00:00+00:00,TTE.PA,56.898834228515625,2355294,56.35831699371338,68.47232930248488
2024-08-25 22:00:00+00:00,TTE.PA,57.53959274291992,2112563,56.409577178955075,73.78778279060104
2024-08-26 22:00:00+00:00,TTE.PA,57.41144180297852,1876471,56.43886852264404,64.80274228560815
2024-08-27 22:00:00+00:00,TTE.PA,57.12767791748047,2202823,56.43566493988037,61.755536061066685
2024-08-28 22:00:00+00:00,TTE.PA,57.402286529541016,2226817,56.47227954864502,60.89748170568405
2024-08-29 22:00:00+00:00,TTE.PA,56.92629623413086,4432349,56.52033596038818,53.67758505096144
2024-09-01 22:00:00+00:00,TTE.PA,57.19174957275391,1391271,56.656724739074704,59.04757494774167
2024-09-02 22:00:00+00:00,TTE.PA,55.38849258422852,3566724,56.715307807922365,44.17178008222379
2024-09-03 22:00:00+00:00,TTE.PA,55.077266693115234,3561212,56.68098182678223,34.538131997672494
2024-09-04 22:00:00+00:00,TTE.PA,55.43426513671875,3766255,56.66496334075928,38.52140330204616
2024-09-05 22:00:00+00:00,TTE.PA,54.79350280761719,4014800,56.59676876068115,30.43479651088434
2024-09-08 22:00:00+00:00,TTE.PA,55.8004035949707,3953410,56.561984825134275,43.663733444743144
2024-09-09 22:00:00+00:00,TTE.PA,54.80265808105469,3670909,56.49470539093018,37.303406036654486
2024-09-10 22:00:00+00:00,TTE.PA,55.09557723999024,3497158,56.43658008575439,41.79109476471386
2024-09-11 22:00:00+00:00,TTE.PA,55.75463485717773,3350991,56.36472434997559,42.96966887162648
2024-09-12 22:00:00+00:00,TTE.PA,55.90109634399414,2596972,56.30705642700195,39.28147914499783
2024-09-15 22:00:00+00:00,TTE.PA,56.03839874267578,2240585,56.22925071716308,41.028731687207085
2024-09-16 22:00:00+00:00,TTE.PA,56.20317077636719,3261846,56.203163146972656,43.86398967010154
2024-09-17 22:00:00+00:00,TTE.PA,56.04755401611328,2815423,56.16197204589844,40.86425742813677
2024-09-18 22:00:00+00:00,TTE.PA,57.34736633300781,3887980,56.20911331176758,52.555568880963605
2024-09-19 22:00:00+00:00,TTE.PA,56.74322891235352,7466641,56.20133304595947,47.38531961158174
2024-09-22 22:00:00+00:00,TTE.PA,56.86222457885742,3232740,56.167464637756346,60.69051548468574
2024-09-23 22:00:00+00:00,TTE.PA,57.39313125610352,3726537,56.166549110412596,66.28049794311526
2024-09-24 22:00:00+00:00,TTE.PA,56.28068161010742,5128839,56.124199295043944,55.378963562305486
2024-09-25 22:00:00+00:00,TTE.PA,54.97355651855469,7503258,56.00276279449463,51.05489475636848
2024-09-26 22:00:00+00:00,TTE.PA,54.834503173828125,4691916,55.89817314147949,43.70039344396073
2024-09-29 22:00:00+00:00,TTE.PA,54.23192596435547,5762846,55.75018196105957,46.07538542089651
2024-09-30 22:00:00+00:00,TTE.PA,54.98282623291016,4963687,55.729898643493655,49.27061355128309
2024-10-01 22:00:00+00:00,TTE.PA,56.21578979492188,5178446,55.786824798583986,52.77701333409301
2024-10-02 22:00:00+00:00,TTE.PA,57.031585693359375,3953389,55.86669082641602,56.29980999658598
2024-10-03 22:00:00+00:00,TTE.PA,58.07914352416992,4538190,56.03097286224365,60.32487210891654
2024-10-06 22:00:00+00:00,TTE.PA,58.663177490234375,3710863,56.17411155700684,61.939547979921414
2024-10-07 22:00:00+00:00,TTE.PA,57.55073165893555,3138382,56.31151523590088,56.67559458768082
2024-10-08 22:00:00+00:00,TTE.PA,57.45802688598633,2584475,56.42963771820068,50.55045979493574
2024-10-09 22:00:00+00:00,TTE.PA,57.85665512084961,3050825,56.53473873138428,55.654126564348736
2024-10-10 22:00:00+00:00,TTE.PA,57.81957626342773,2518382,56.630662727355954,54.902345337142165
2024-10-13 22:00:00+00:00,TTE.PA,57.93081665039063,2279185,56.7252836227417,52.876998423020055
2024-10-14 22:00:00+00:00,TTE.PA,55.149696350097656,7458044,56.672609901428224,44.865331440282844
2024-10-15 22:00:00+00:00,TTE.PA,55.075531005859375,4297202,56.62400875091553,50.52132779060144
2024-10-16 22:00:00+00:00,TTE.PA,55.41853713989258,3102289,56.527567291259764,52.924785552150425
2024-10-17 22:00:00+00:00,TTE.PA,55.30729293823242,3161920,56.45577049255371,55.66406791552992
2024-10-20 22:00:00+00:00,TTE.PA,55.56686401367188,2818310,56.39100246429443,53.24409332695964
2024-10-21 22:00:00+00:00,TTE.PA,55.854248046875,2594467,56.31405830383301,47.75606513036582
2024-10-22 22:00:00+00:00,TTE.PA,55.63175201416016,2983862,56.28161182403564,40.62110232807312
2024-10-23 22:00:00+00:00,TTE.PA,55.69665145874024,2676298,56.31776657104492,31.616626380910674
2024-10-24 22:00:00+00:00,TTE.PA,55.87278747558594,2461132,56.36968078613281,27.02293673080915
2024-10-27 23:00:00+00:00,TTE.PA,55.37218475341797,3820320,56.426693725585935,30.050950866262582
2024-10-28 23:00:00+00:00,TTE.PA,55.06626510620117,3257456,56.43086566925049,28.92160949711962
2024-10-29 23:00:00+00:00,TTE.PA,54.82522964477539,3561327,56.361337661743164,22.521024094719152
2024-10-30 23:00:00+00:00,TTE.PA,53.212181091308594,6129258,56.17036743164063,17.516356111669708
2024-10-31 23:00:00+00:00,TTE.PA,53.67569732666016,3746239,55.950195121765134,21.41969153004092
2024-11-03 23:00:00+00:00,TTE.PA,53.842567443847656,2756060,55.7091646194458,36.46835075126681
2024-11-04 23:00:00+00:00,TTE.PA,54.03724670410156,2835429,55.533490371704104,39.513146133218235
2024-11-05 23:00:00+00:00,TTE.PA,53.369773864746094,5487030,55.32907772064209,30.57998505905141
2024-11-06 23:00:00+00:00,TTE.PA,53.527374267578125,3786884,55.112613677978516,33.27531365395653
2024-11-07 23:00:00+00:00,TTE.PA,52.69303512573242,3327420,54.85628662109375,25.628994805256838
2024-11-10 23:00:00+00:00,TTE.PA,52.989688873291016,3669304,54.60923023223877,25.745737649956567
2024-11-11 23:00:00+00:00,TTE.PA,51.65475082397461,5104044,54.434482955932616,21.664543981439877
2024-11-12 23:00:00+00:00,TTE.PA,51.7659912109375,4171178,54.269005966186526,22.178432972476955
2024-11-13 23:00:00+00:00,TTE.PA,52.98041915893555,4959955,54.14710006713867,32.15104089914175
2024-11-14 23:00:00+00:00,TTE.PA,53.314151763916016,3875740,54.04744300842285,37.03270348522788
2024-11-17 23:00:00+00:00,TTE.PA,53.861106872558594,2868832,53.962155151367185,42.63036274221187
2024-11-18 23:00:00+00:00,TTE.PA,53.27706909179688,3912361,53.83329620361328,40.91403051663903
2024-11-19 23:00:00+00:00,TTE.PA,53.184364318847656,3083203,53.71092681884765,49.80128516069959
2024-11-20 23:00:00+00:00,TTE.PA,53.00823211669922,3143357,53.57650585174561,45.02766199059475
2024-11-21 23:00:00+00:00,TTE.PA,52.92479705810547,4700961,53.42910633087158,43.076931045556414
2024-11-24 23:00:00+00:00,TTE.PA,51.80307388305664,7524531,53.250650787353514,35.21471512939759
2024-11-25 23:00:00+00:00,TTE.PA,50.92238235473633,4757200,53.043456649780275,34.248205863505675
2024-11-26 23:00:00+00:00,TTE.PA,50.15293884277344,5264130,52.809842109680176,29.867230252275263
2024-11-27 23:00:00+00:00,TTE.PA,50.26418685913086,3278989,52.66244239807129,34.14044114277061
2024-11-28 23:00:00+00:00,TTE.PA,50.959468841552734,4550048,52.52663097381592,37.39931717988664
2024-12-01 23:00:00+00:00,TTE.PA,49.87482833862305,6001028,52.328244018554685,38.59856437443555
2024-12-02 23:00:00+00:00,TTE.PA,50.19002532958984,5489271,52.1358829498291,40.16208168665535
2024-12-03 23:00:00+00:00,TTE.PA,50.004615783691406,5472383,51.967625045776366,28.685289226752218
2024-12-04 23:00:00+00:00,TTE.PA,50.11585998535156,5524197,51.797049331665036,26.33750035984272
2024-12-05 23:00:00+00:00,TTE.PA,50.27345657348633,4636178,51.67607040405274,21.834111092942365
2024-12-08 23:00:00+00:00,TTE.PA,50.950191497802734,4923269,51.57409553527832,31.994245025648766
2024-12-09 23:00:00+00:00,TTE.PA,50.38470077514648,5329581,51.510593032836915,29.812842829455903
2024-12-10 23:00:00+00:00,TTE.PA,49.57817459106445,5966852,51.40120220184326,27.32841796220025
2024-12-11 23:00:00+00:00,TTE.PA,49.476200103759766,4771486,51.22599124908447,27.261605389832695
2024-12-12 23:00:00+00:00,TTE.PA,49.46692657470703,4275545,51.033629989624025,31.94841148426336
2024-12-15 23:00:00+00:00,TTE.PA,48.47499847412109,4393180,50.76432456970215,31.40847870297756
2024-12-16 23:00:00+00:00,TTE.PA,47.90950012207031,5796575,50.49594612121582,32.41280026029233
2024-12-17 23:00:00+00:00,TTE.PA,48.39156723022461,3934904,50.25630626678467,36.126407012538024
2024-12-18 23:00:00+00:00,TTE.PA,48.14126205444336,4861317,50.01295776367188,27.6470687904456
2024-12-19 23:00:00+00:00,TTE.PA,48.10417938232422,10645228,49.77192687988281,33.15697992982146
2024-12-22 23:00:00+00:00,TTE.PA,48.06709671020508,2821732,49.58512802124024,28.677809884836094
2024-12-23 23:00:00+00:00,TTE.PA,48.215423583984375,1155606,49.44978008270264,31.89491449005935
2024-12-26 23:00:00+00:00,TTE.PA,48.90143585205078,3494132,49.3872049331665,38.99160419375363
2024-12-29 23:00:00+00:00,TTE.PA,48.76237869262695,3167621,49.312114524841306,36.25633196863507
2024-12-30 23:00:00+00:00,TTE.PA,49.476200103759766,1503880,49.23795108795166,36.68348012368161
2025-01-01 23:00:00+00:00,TTE.PA,50.55831527709961,6288594,49.27212543487549,51.43457659943067
2025-01-02 23:00:00+00:00,TTE.PA,50.8123779296875,4877132,49.30324306488037,61.22287150164386
2025-01-05 23:00:00+00:00,TTE.PA,51.480464935302734,4552062,49.377035522460936,66.52396797141833
2025-01-06 23:00:00+00:00,TTE.PA,51.73453521728516,4406295,49.45796928405762,67.96974852509251
2025-01-07 23:00:00+00:00,TTE.PA,51.90390396118164,4796977,49.53949165344238,81.245963321058
2025-01-08 23:00:00+00:00,TTE.PA,52.035640716552734,3575310,49.59376411437988,90.82703928917877
2025-01-09 23:00:00+00:00,TTE.PA,51.98859024047852,4931665,49.67395858764648,88.94416782033801
2025-01-12 23:00:00+00:00,TTE.PA,52.61903762817383,4471330,49.826001739501955,94.79279238025472
2025-01-13 23:00:00+00:00,TTE.PA,52.31792831420898,5038034,49.968088150024414,90.03677438015269
2025-01-14 23:00:00+00:00,TTE.PA,52.62845230102539,4714753,50.12616443634033,91.19878112479964
2025-01-15 23:00:00+00:00,TTE.PA,53.992862701416016,6022095,50.40205764770508,92.78397345029246
2025-01-16 23:00:00+00:00,TTE.PA,54.077545166015625,4681747,50.71045989990235,92.07847286656313
2025-01-19 23:00:00+00:00,TTE.PA,53.79524993896485,4421125,50.98064403533935,89.98288963359097
2025-01-20 23:00:00+00:00,TTE.PA,53.29653549194336,4499639,51.23840770721436,81.4240835199261
2025-01-21 23:00:00+00:00,TTE.PA,53.05188751220703,4169038,51.485793113708496,73.78814819451348
2025-01-22 23:00:00+00:00,TTE.PA,52.826053619384766,4851048,51.72374095916748,69.31406145837221
2025-01-23 23:00:00+00:00,TTE.PA,52.54376220703125,4072554,51.940157890319824,61.01364214326187
2025-01-26 23:00:00+00:00,TTE.PA,52.402618408203125,3811864,52.11521701812744,57.085775043817215
2025-01-27 23:00:00+00:00,TTE.PA,52.45907974243164,3775780,52.300052070617674,56.03275035317058
2025-01-28 23:00:00+00:00,TTE.PA,52.50612258911133,2946664,52.451548194885255,55.20829990185927
2025-01-29 23:00:00+00:00,TTE.PA,52.844871520996094,4054355,52.56587600708008,58.904100894817056
2025-01-30 23:00:00+00:00,TTE.PA,53.06129455566406,4448469,52.678321838378906,55.03213255470953
2025-02-02 23:00:00+00:00,TTE.PA,52.66608810424805,4565308,52.73760299682617,53.87841722094085
2025-02-03 23:00:00+00:00,TTE.PA,53.65410614013672,4545553,52.83358154296875,59.92711644753602
2025-02-04 23:00:00+00:00,TTE.PA,54.58566284179688,5145777,52.96766948699951,56.26232626365617
2025-02-05 23:00:00+00:00,TTE.PA,55.15025329589844,4750864,53.123400115966795,60.28882953422853
2025-02-06 23:00:00+00:00,TTE.PA,55.40431213378906,4803937,53.294186210632326,65.51729465812397
2025-02-09 23:00:00+00:00,TTE.PA,55.15966033935547,4168493,53.421217346191405,68.89320078883011
2025-02-10 23:00:00+00:00,TTE.PA,55.38549423217773,3804296,53.57459564208985,73.75481024995821
2025-02-11 23:00:00+00:00,TTE.PA,55.52663803100586,3782038,53.71950492858887,77.97274251746859
2025-02-12 23:00:00+00:00,TTE.PA,55.23493576049805,4142505,53.78160858154297,77.82102579027527
2025-02-13 23:00:00+00:00,TTE.PA,55.40431213378906,3926350,53.84794692993164,80.85105882463644
2025-02-16 23:00:00+00:00,TTE.PA,55.423133850097656,2662355,53.92934112548828,80.70174606749565
2025-02-17 23:00:00+00:00,TTE.PA,55.60192108154297,3061602,54.04461040496826,81.21444577526384
2025-02-18 23:00:00+00:00,TTE.PA,55.24434661865234,3466323,54.154233360290526,74.10202883623539
2025-02-19 23:00:00+00:00,TTE.PA,55.34785842895508,2993205,54.280323600769044,73.50094527741592
2025-02-20 23:00:00+00:00,TTE.PA,54.68917465209961,4480408,54.38759422302246,69.7246860206671
2025-02-23 23:00:00+00:00,TTE.PA,54.63271713256836,2904700,54.49909915924072,61.65915104535456
2025-02-24 23:00:00+00:00,TTE.PA,54.077545166015625,3473175,54.58002243041992,43.34988207523612
2025-02-25 23:00:00+00:00,TTE.PA,54.35042190551758,3469035,54.672237396240234,38.66661621703437
2025-02-26 23:00:00+00:00,TTE.PA,54.406883239746094,3844717,54.75033798217773,35.02833205071833
2025-02-27 23:00:00+00:00,TTE.PA,54.36924743652344,6472552,54.8157356262207,37.34950204408588
2025-03-02 23:00:00+00:00,TTE.PA,54.73622131347656,3206565,54.91924228668213,40.05762039004769
2025-03-03 23:00:00+00:00,TTE.PA,53.268314361572266,7332156,54.8999526977539,25.409927310488143
2025-03-04 23:00:00+00:00,TTE.PA,52.67550277709961,5831588,54.80444469451904,23.84624739998324
2025-03-05 23:00:00+00:00,TTE.PA,52.99542999267578,5408114,54.69670352935791,26.11942669137396
2025-03-06 23:00:00+00:00,TTE.PA,53.20244216918945,6832954,54.58661003112793,28.77695166473086
2025-03-09 23:00:00+00:00,TTE.PA,53.070709228515625,5361468,54.48216247558594,25.589781245309624
2025-03-10 23:00:00+00:00,TTE.PA,52.826053619384766,4724772,54.35419044494629,26.159511472704708
2025-03-11 23:00:00+00:00,TTE.PA,53.2871322631836,5648629,54.242215156555176,31.022475533643828
2025-03-12 23:00:00+00:00,TTE.PA,53.804664611816406,5562103,54.170701599121095,41.637000921170994
2025-03-13 23:00:00+00:00,TTE.PA,54.09636306762695,3788100,54.10530414581299,45.14477749860838
2025-03-16 23:00:00+00:00,TTE.PA,54.1528205871582,4137397,54.041788482666014,50.74904476200093
2025-03-17 23:00:00+00:00,TTE.PA,54.54802703857422,4678640,53.98909378051758,51.9195807538693
2025-03-18 23:00:00+00:00,TTE.PA,55.33844375610352,4159915,53.993798637390135,57.92002366248275
2025-03-19 23:00:00+00:00,TTE.PA,55.394901275634766,3319135,53.99615077972412,58.69217613950466
2025-03-20 23:00:00+00:00,TTE.PA,54.9526481628418,10312983,54.00932445526123,51.811058710415104
2025-03-23 23:00:00+00:00,TTE.PA,54.53861618041992,3577038,54.004619407653806,62.90623386730456
2025-03-24 23:00:00+00:00,TTE.PA,55.8465690612793,5166166,54.093070602416994,78.13017748275526
2025-03-25 23:00:00+00:00,TTE.PA,57.61084747314453,7882062,54.25609188079834,82.59123576377291
2025-03-26 23:00:00+00:00,TTE.PA,57.70621109008789,4286074,54.42105827331543,82.31233907270848
2025-03-27 23:00:00+00:00,TTE.PA,56.46644973754883,4696673,54.5259183883667,71.02067418383612
2025-03-30 22:00:00+00:00,TTE.PA,56.895599365234375,4734263,54.63388729095459,74.62916814999407
2025-03-31 22:00:00+00:00,TTE.PA,56.73347473144531,3320588,54.807145309448245,71.64058120984777
2025-04-01 22:00:00+00:00,TTE.PA,56.65718078613281,3964508,55.0062292098999,68.96255113602359
2025-04-02 22:00:00+00:00,TTE.PA,53.97738265991211,6885046,55.05532684326172,49.39966770962934
2025-04-03 22:00:00+00:00,TTE.PA,50.6109504699707,9359935,54.92575225830078,36.60363627129541
2025-04-06 22:00:00+00:00,TTE.PA,47.95977020263672,13422270,54.67020530700684,28.713905119492964
2025-04-07 22:00:00+00:00,TTE.PA,48.11235427856445,6945912,54.43452033996582,25.649500566124445
2025-04-08 22:00:00+00:00,TTE.PA,46.01905822753906,7591739,54.0711166381836,22.21890161044898
2025-04-09 22:00:00+00:00,TTE.PA,47.22067260742188,8806140,53.741917037963866,28.07634040588752
2025-04-10 22:00:00+00:00,TTE.PA,46.41006088256836,6233814,53.357601928710935,27.45880100842642
2025-04-13 22:00:00+00:00,TTE.PA,47.893009185791016,3896286,53.04461135864258,28.156085998668203
2025-04-14 22:00:00+00:00,TTE.PA,48.26493835449219,4388121,52.73045692443848,22.206445904094224
2025-04-15 22:00:00+00:00,TTE.PA,49.28535842895508,4245563,52.427802658081056,26.26343348355725
2025-04-16 22:00:00+00:00,TTE.PA,49.25674819946289,4393408,52.12089500427246,28.18810225710523
2025-04-21 22:00:00+00:00,TTE.PA,49.466556549072266,3370008,51.84659042358398,27.22221741385229
2025-04-22 22:00:00+00:00,TTE.PA,49.580997467041016,5575627,51.59870948791504,28.005868921018035
2025-04-23 22:00:00+00:00,TTE.PA,49.73358154296875,4292524,51.29306011199951,28.80910282240177
2025-04-24 22:00:00+00:00,TTE.PA,50.315311431884766,3833980,50.928283309936525,37.13996896413516
2025-04-27 22:00:00+00:00,TTE.PA,50.467899322509766,3514494,50.56636772155762,49.35120343976365
2025-04-28 22:00:00+00:00,TTE.PA,49.924312591552734,4380916,50.239260864257815,61.01602029199908
2025-04-29 22:00:00+00:00,TTE.PA,48.78945159912109,8343588,49.83395347595215,53.4200189520422
2025-05-01 22:00:00+00:00,TTE.PA,48.50335311889648,6583901,49.42244739532471,65.35063465686093
2025-05-04 22:00:00+00:00,TTE.PA,48.16957092285156,4154663,48.998066902160645,56.567680258199644
2025-05-05 22:00:00+00:00,TTE.PA,48.69408798217773,4755325,48.73390216827393,66.4604971601062
2025-05-06 22:00:00+00:00,TTE.PA,48.3984489440918,4937583,48.62327709197998,54.39467350897257
2025-05-07 22:00:00+00:00,TTE.PA,48.68455123901367,4386078,48.659516143798825,53.70370744485635
2025-05-08 22:00:00+00:00,TTE.PA,49.485626220703125,4726746,48.72817974090576,51.83886345565803
2025-05-11 22:00:00+00:00,TTE.PA,50.6109504699707,5383409,48.95777435302735,60.34984623745324
2025-05-12 22:00:00+00:00,TTE.PA,50.93519592285156,3365576,49.14350051879883,61.031495471870485
2025-05-13 22:00:00+00:00,TTE.PA,50.64909744262695,3576861,49.355452346801755,57.82120470619785
2025-05-14 22:00:00+00:00,TTE.PA,50.41067886352539,4318680,49.48133583068848,54.89652029455758
2025-05-15 22:00:00+00:00,TTE.PA,50.76353454589844,4087450,49.60626564025879,53.3523577689484
2025-05-18 22:00:00+00:00,TTE.PA,50.42975997924805,2938432,49.66348571777344,49.722274691941024
2025-05-19 22:00:00+00:00,TTE.PA,50.55373001098633,3317478,49.72833480834961,54.88165540420597
2025-05-20 22:00:00+00:00,TTE.PA,49.89570236206055,3883869,49.74979209899902,59.26519235696801
2025-05-21 22:00:00+00:00,TTE.PA,49.11369705200195,4031046,49.72642707824707,54.71976070514114
2025-05-22 22:00:00+00:00,TTE.PA,48.60825729370117,4329478,49.67016086578369,53.3046088487275
2025-05-25 22:00:00+00:00,TTE.PA,49.3807258605957,3231032,49.62343158721924,54.986154955905334
2025-05-26 22:00:00+00:00,TTE.PA,49.1518440246582,3545596,49.55762882232666,55.524487574112804
2025-05-27 22:00:00+00:00,TTE.PA,49.24720764160156,3519018,49.5237735748291,54.24457417278042
2025-05-28 22:00:00+00:00,TTE.PA,49.027870178222656,2314490,49.53569450378418,46.21452158957411
2025-05-29 22:00:00+00:00,TTE.PA,49.26628875732422,17461578,49.57384128570557,36.9685784865
2025-06-01 22:00:00+00:00,TTE.PA,50.2390251159668,4504120,49.67731399536133,44.00658399885975
2025-06-02 22:00:00+00:00,TTE.PA,50.57280349731445,3476848,49.771249771118164,49.348524864851484
2025-06-03 22:00:00+00:00,TTE.PA,49.84801864624024,3574716,49.84372825622559,45.563905884957194
2025-06-04 22:00:00+00:00,TTE.PA,49.466556549072266,3172308,49.88282852172851,39.82035659216455
2025-06-05 22:00:00+00:00,TTE.PA,49.87662887573242,2356812,49.90237865447998,45.709998248495836
2025-06-08 22:00:00+00:00,TTE.PA,49.90524291992188,2556650,49.86709327697754,44.89492059659617
2025-06-09 22:00:00+00:00,TTE.PA,51.10685348510742,5402233,49.87567615509033,58.78285520803596
2025-06-10 22:00:00+00:00,TTE.PA,51.06870651245117,4730057,49.896656608581544,65.8915036360186
2025-06-11 22:00:00+00:00,TTE.PA,52.20357131958008,6791951,49.986301231384275,76.51200183630965
2025-06-12 22:00:00+00:00,TTE.PA,52.26078796386719,10239492,50.061163902282715,73.7421689217279
2025-06-15 22:00:00+00:00,TTE.PA,51.9937629699707,6090167,50.139364051818845,73.28132011815163
2025-06-16 22:00:00+00:00,TTE.PA,52.93789291381836,5775155,50.25857219696045,76.54329794011119
2025-06-17 22:00:00+00:00,TTE.PA,52.07005310058594,6146912,50.36728973388672,70.01251707672557
2025-06-18 22:00:00+00:00,TTE.PA,53.18411636352539,6466886,50.57081069946289,73.11035934371517
2025-06-19 22:00:00+00:00,TTE.PA,52.95161819458008,14571926,50.78797874450684,67.53202950333683
2025-06-22 22:00:00+00:00,TTE.PA,52.583492279052734,4563167,50.948117065429685,62.93803860424609
2025-06-23 22:00:00+00:00,TTE.PA,50.85912704467773,8458818,51.033481216430665,55.76456321237114
2025-06-24 22:00:00+00:00,TTE.PA,50.64600372314453,3754776,51.10342102050781,56.85589895351554
2025-06-25 22:00:00+00:00,TTE.PA,50.86881256103516,3882582,51.19546813964844,55.89572548285359
2025-06-26 22:00:00+00:00,TTE.PA,50.87850189208984,3582802,51.27607879638672,55.79630794172378
2025-06-29 22:00:00+00:00,TTE.PA,50.47162628173828,4457375,51.287708854675294,45.821298601704285
2025-06-30 22:00:00+00:00,TTE.PA,50.71381378173828,2969537,51.294759368896486,47.72644960740181
2025-07-01 22:00:00+00:00,TTE.PA,51.71162414550781,3997576,51.387939643859866,46.79210589550445
2025-07-02 22:00:00+00:00,TTE.PA,51.70193099975586,3065613,51.499708366394046,46.33307285396117
2025-07-03 22:00:00+00:00,TTE.PA,51.31443786621094,2363900,51.571598815917966,45.61199381621828
2025-07-06 22:00:00+00:00,TTE.PA,50.17131805419922,4406998,51.58490257263183,32.57757130852528
2025-07-07 22:00:00+00:00,TTE.PA,51.1884994506836,3873274,51.58898487091064,44.55093440578889
2025-07-08 22:00:00+00:00,TTE.PA,51.61474609375,4035056,51.61628684997559,39.39789246901711
2025-07-09 22:00:00+00:00,TTE.PA,51.82787322998047,3360898,51.59750194549561,42.388457072399596
2025-07-10 22:00:00+00:00,TTE.PA,52.18630599975586,3334788,51.59377784729004,47.3061722083489
2025-07-13 22:00:00+00:00,TTE.PA,51.6728744506836,2467590,51.57773342132568,56.60378409871189
2025-07-14 22:00:00+00:00,TTE.PA,51.80849838256836,2302808,51.521263694763185,59.554141525234066
2025-07-15 22:00:00+00:00,TTE.PA,51.4306869506836,2878525,51.489295387268065,54.50311964212779
2025-07-16 22:00:00+00:00,TTE.PA,51.31443786621094,3621272,51.39581146240234,53.435118175183334
2025-07-17 22:00:00+00:00,TTE.PA,51.48881530761719,3594761,51.3226713180542,58.320176232347144
2025-07-20 22:00:00+00:00,TTE.PA,51.2078742980957,2781588,51.253890419006346,54.015747347898326
2025-07-21 22:00:00+00:00,TTE.PA,51.149749755859375,2441474,51.26842155456543,44.60964855781054
2025-07-22 22:00:00+00:00,TTE.PA,51.6728744506836,4434714,51.31976509094238,49.74624362610769
2025-07-23 22:00:00+00:00,TTE.PA,49.85162734985352,5701735,51.268905830383304,39.7834708709282
2025-07-24 22:00:00+00:00,TTE.PA,49.7256965637207,4116009,51.211265563964844,46.37225326682604
2025-07-27 22:00:00+00:00,TTE.PA,50.76225662231445,4044560,51.22579708099365,46.540926452314274
2025-07-28 22:00:00+00:00,TTE.PA,50.88818740844727,3576245,51.2345157623291,43.80165880957021
2025-07-29 22:00:00+00:00,TTE.PA,50.65568923950195,3258071,51.18171901702881,40.03292937116969
2025-07-30 22:00:00+00:00,TTE.PA,50.39413070678711,4546124,51.11632900238037,34.50589214596009
2025-07-31 22:00:00+00:00,TTE.PA,49.473819732666016,4359603,51.024298095703124,32.23786579177161
2025-08-03 22:00:00+00:00,TTE.PA,49.96788024902344,2993060,51.014126205444335,35.94674461425909
2025-08-04 22:00:00+00:00,TTE.PA,50.27788162231445,2507962,50.968595314025876,41.106153097267516
2025-08-05 22:00:00+00:00,TTE.PA,50.85912704467773,3229791,50.93081436157227,46.72245444245447
2025-08-06 22:00:00+00:00,TTE.PA,50.74287796020508,2810586,50.8765645980835,44.58506937617656
2025-08-07 22:00:00+00:00,TTE.PA,51.06256103515625,2301326,50.820377349853516,48.9510377822461
2025-08-10 22:00:00+00:00,TTE.PA,50.87850189208984,1885987,50.78065872192383,48.07692723771605
2025-08-11 22:00:00+00:00,TTE.PA,51.50818634033203,2524508,50.76564311981201,48.84978584681355
2025-08-12 22:00:00+00:00,TTE.PA,50.86881256103516,3252771,50.73754940032959,58.508953820762734
2025-08-13 22:00:00+00:00,TTE.PA,50.92693710327149,2162935,50.718174362182616,60.163914742643826
2025-08-14 22:00:00+00:00,TTE.PA,51.79880905151367,3709596,50.73367404937744,59.021890849882396
2025-08-17 22:00:00+00:00,TTE.PA,51.36287307739258,2030534,50.741423988342284,53.920004637120094
2025-08-18 22:00:00+00:00,TTE.PA,52.02162170410156,2946760,50.785017585754396,60.53812662197584
2025-08-19 22:00:00+00:00,TTE.PA,52.32192993164063,2432351,50.81747035980224,64.78451385504215
2025-08-20 22:00:00+00:00,TTE.PA,52.59318161010742,2104724,50.954548072814944,76.56766791730949
2025-08-21 22:00:00+00:00,TTE.PA,52.92255783081055,2617485,51.11439113616943,75.89136304955778
2025-08-24 22:00:00+00:00,TTE.PA,52.40911483764648,2264731,51.19673404693604,68.0327053996444
2025-08-25 22:00:00+00:00,TTE.PA,51.25631332397461,6262843,51.2151403427124,53.064278028785196
2025-08-26 22:00:00+00:00,TTE.PA,51.54693603515625,2355276,51.25970268249512,56.04074873770737
2025-08-27 22:00:00+00:00,TTE.PA,51.440372467041016,2193808,51.312014770507815,52.93233260795547
2025-08-28 22:00:00+00:00,TTE.PA,51.82787322998047,3263097,51.429717445373534,57.142848942601724
2025-08-31 22:00:00+00:00,TTE.PA,51.77943420410156,1618937,51.52029514312744,52.23640906414651
2025-09-01 22:00:00+00:00,TTE.PA,51.85693359375,3551326,51.599247741699216,58.97885810471666
2025-09-02 22:00:00+00:00,TTE.PA,51.13037109375,3063798,51.61280994415283,51.64832651385844
2025-09-03 22:00:00+00:00,TTE.PA,51.11099624633789,2533682,51.63121585845947,43.533683260722675
2025-09-04 22:00:00+00:00,TTE.PA,50.20037841796875,3882794,51.5881067276001,39.966575114791034
2025-09-07 22:00:00+00:00,TTE.PA,50.27788162231445,2910961,51.558075714111325,33.2714368212762
2025-09-08 22:00:00+00:00,TTE.PA,51.09162521362305,2798826,51.53724765777588,39.25554334768288
2025-09-09 22:00:00+00:00,TTE.PA,51.11099624633789,2560324,51.549356842041014,36.46015121018327
2025-09-10 22:00:00+00:00,TTE.PA,50.55881118774414,3667638,51.53095054626465,29.251650111971884
2025-09-11 22:00:00+00:00,TTE.PA,50.49100112915039,3996517,51.46556015014649,31.734320828356672
2025-09-14 22:00:00+00:00,TTE.PA,50.93663024902344,2842816,51.444248008728025,46.481913569000305
2025-09-15 22:00:00+00:00,TTE.PA,50.79131317138672,2904306,51.38273258209229,41.40970041806165
2025-09-16 22:00:00+00:00,TTE.PA,50.11319351196289,3757838,51.272295761108396,36.6472209215748
2025-09-17 22:00:00+00:00,TTE.PA,50.40381240844727,4429620,51.16282730102539,35.387627576283606
2025-09-18 22:00:00+00:00,TTE.PA,49.958194732666016,17761511,51.01460914611816,32.720589565911084
2025-09-21 22:00:00+00:00,TTE.PA,50.11319351196289,3332215,50.89981307983398,33.69565139851639
2025-09-22 22:00:00+00:00,TTE.PA,50.7525634765625,4933219,50.87462558746338,46.408861815149216
2025-09-23 22:00:00+00:00,TTE.PA,51.82787322998047,5735122,50.88867244720459,55.67489673907462
2025-09-24 22:00:00+00:00,TTE.PA,51.71162414550781,3700019,50.90223503112793,63.68425124937993
2025-09-25 22:00:00+00:00,TTE.PA,52.5544319152832,4245988,50.93856296539307,68.10479462278033
2025-09-28 22:00:00+00:00,TTE.PA,51.391937255859375,4418379,50.91918811798096,52.26278354136475
2025-09-29 22:00:00+00:00,TTE.PA,50.11319351196289,8795075,50.8320011138916,43.68101046626128
2025-09-30 22:00:00+00:00,TTE.PA,50.81249237060547,5920830,50.816107177734374,51.577151427502166
2025-10-01 22:00:00+00:00,TTE.PA,50.21168518066406,4242828,50.771141624450685,48.37140817220756
2025-10-02 22:00:00+00:00,TTE.PA,50.29048156738281,3853876,50.77564678192139,46.06417259420157
2025-10-05 22:00:00+00:00,TTE.PA,50.536712646484375,4282715,50.78858833312988,48.468008645369096
2025-10-06 22:00:00+00:00,TTE.PA,50.10334014892578,3259107,50.73917407989502,49.938910665776774
2025-10-07 22:00:00+00:00,TTE.PA,50.34957504272461,3066054,50.70110301971435,49.66187582105336
2025-10-08 22:00:00+00:00,TTE.PA,50.3692741394043,2379680,50.691626167297365,52.70645911504247
2025-10-09 22:00:00+00:00,TTE.PA,49.24645233154297,5389547,50.62939872741699,44.938582042905026
2025-10-12 22:00:00+00:00,TTE.PA,49.09379196166992,3208451,50.53725681304932,39.729639467328255
2025-10-13 22:00:00+00:00,TTE.PA,49.4926872253418,5385939,50.47232551574707,34.21982405949991
2025-10-14 22:00:00+00:00,TTE.PA,51.32465362548828,7152342,50.53289852142334,47.87724774189984
2025-10-15 22:00:00+00:00,TTE.PA,51.7777214050293,4124330,50.60159397125244,45.54898283076035
2025-10-16 22:00:00+00:00,TTE.PA,51.91561126708984,3278618,50.69946479797363,53.400266318444686
2025-10-19 22:00:00+00:00,TTE.PA,51.708778381347656,2777249,50.77924404144287,62.035656387021284
2025-10-20 22:00:00+00:00,TTE.PA,51.85651779174805,2611141,50.83444175720215,58.589952751101215
2025-10-21 22:00:00+00:00,TTE.PA,52.23078918457031,4183059,50.85458755493164,67.25588588925378
2025-10-22 22:00:00+00:00,TTE.PA,53.28466033935547,4518429,50.93323936462402,71.93359556200886
2025-10-23 22:00:00+00:00,TTE.PA,53.09752655029297,2599111,50.960394096374515,68.92285766152177
2025-10-26 23:00:00+00:00,TTE.PA,52.95963668823242,2337239,51.03877906799316,72.0700666793608
2025-10-27 23:00:00+00:00,TTE.PA,52.67400741577149,2705823,51.1668197631836,67.85177311862873
2025-10-28 23:00:00+00:00,TTE.PA,53.32405853271485,3320304,51.292398071289064,70.68968004115622
2025-10-29 23:00:00+00:00,TTE.PA,52.83159637451172,4472925,51.423393630981444,77.53414287154037
2025-10-30 23:00:00+00:00,TTE.PA,53.13692474365234,3199896,51.56571578979492,80.34005220210084
2025-11-02 23:00:00+00:00,TTE.PA,52.97933578491211,2656832,51.687846946716306,77.1473004890058
2025-11-03 23:00:00+00:00,TTE.PA,52.79219818115234,3153172,51.822289848327635,65.36086705839324
2025-11-04 23:00:00+00:00,TTE.PA,52.87099456787109,2177639,51.94836082458496,62.41615913756007
2025-11-05 23:00:00+00:00,TTE.PA,52.437625885009766,3364968,52.051778411865236,55.55559164292353
2025-11-06 23:00:00+00:00,TTE.PA,52.77250289916992,2738302,52.228080940246585,61.02043639266649
2025-11-09 23:00:00+00:00,TTE.PA,53.22556686401367,2783208,52.43466968536377,63.3397364226753
2025-11-10 23:00:00+00:00,TTE.PA,54.50597381591797,4113692,52.685334014892575,68.84178017365025
2025-11-11 23:00:00+00:00,TTE.PA,54.46657943725586,3829106,52.84243030548096,61.76477065697237
2025-11-12 23:00:00+00:00,TTE.PA,55.34316253662109,3641626,53.02070236206055,69.65518945348236
2025-11-13 23:00:00+00:00,TTE.PA,55.38256072998047,3110005,53.19404983520508,71.57897097164575
2025-11-16 23:00:00+00:00,TTE.PA,55.67803955078125,2660776,53.39251289367676,76.70756117727893
2025-11-17 23:00:00+00:00,TTE.PA,54.63401794433594,4508769,53.531387901306154,60.88384705982279
2025-11-18 23:00:00+00:00,TTE.PA,54.56507110595703,3525280,53.64810199737549,65.49297119197897
2025-11-19 23:00:00+00:00,TTE.PA,54.83100128173828,3031513,53.72541904449463,65.24823376880235
2025-11-20 23:00:00+00:00,TTE.PA,55.12648391723633,4848056,53.826866912841794,68.85816789023531
2025-11-23 23:00:00+00:00,TTE.PA,55.04768753051758,10538741,53.93126945495605,70.19402918805574
2025-11-24 23:00:00+00:00,TTE.PA,55.323463439941406,3513354,54.06374225616455,71.209533964286
2025-11-25 23:00:00+00:00,TTE.PA,55.80608367919922,3913265,54.18784351348877,78.88515756920333
2025-11-26 23:00:00+00:00,TTE.PA,55.599246978759766,1647962,54.32622604370117,74.78410475885957
2025-11-27 23:00:00+00:00,TTE.PA,55.9439697265625,2599849,54.46657829284668,74.29577296720096
2025-11-30 23:00:00+00:00,TTE.PA,55.85532760620117,3186062,54.610377883911134,65.32440649740106
2025-12-01 23:00:00+00:00,TTE.PA,55.66819381713867,2772257,54.75417766571045,63.203482074892776
2025-12-02 23:00:00+00:00,TTE.PA,56.18035507202149,2853097,54.91964569091797,60.0000364524147
2025-12-03 23:00:00+00:00,TTE.PA,56.31824493408203,2557628,55.11367664337158,60.9195647915665
2025-12-04 23:00:00+00:00,TTE.PA,55.55000305175781,4175466,55.25255165100098,48.65428780375151
2025-12-07 23:00:00+00:00,TTE.PA,55.47120666503906,2753136,55.36483364105224,61.03894797413394
2025-12-08 23:00:00+00:00,TTE.PA,55.65834045410156,2959715,55.422451972961426,63.97984051136264
2025-12-09 23:00:00+00:00,TTE.PA,54.97874069213867,2778257,55.448060035705566,51.70843085859579
2025-12-10 23:00:00+00:00,TTE.PA,54.99843978881836,3562616,55.43082389831543,48.418446773944275
2025-12-11 23:00:00+00:00,TTE.PA,54.7522087097168,2342352,55.399306297302246,46.49531610838829
2025-12-14 23:00:00+00:00,TTE.PA,54.6635627746582,3304275,55.3485824584961,41.80930276162418
2025-12-15 23:00:00+00:00,TTE.PA,53.67863464355469,5775006,55.30081329345703,26.52165639739796
2025-12-16 23:00:00+00:00,TTE.PA,54.29914093017578,3781046,55.28751678466797,36.852561515962556
2025-12-17 23:00:00+00:00,TTE.PA,54.59461975097656,3789712,55.27569770812988,36.217306802117804
2025-12-18 23:00:00+00:00,TTE.PA,54.968894958496094,10669572,55.26781826019287,41.444891557659815
2025-12-21 23:00:00+00:00,TTE.PA,55.09693145751953,1933400,55.27028045654297,44.42303495523249
2025-12-22 23:00:00+00:00,TTE.PA,55.0082893371582,1998720,55.25452175140381,37.526185875054715
2025-12-23 23:00:00+00:00,TTE.PA,54.77190780639648,684693,55.20281295776367,33.88089222275502
2025-12-28 23:00:00+00:00,TTE.PA,55.10678482055664,2645466,55.17818984985352,44.92098671527679
2025-12-29 23:00:00+00:00,TTE.PA,55.55000305175781,2688377,55.15849151611328,50.83335619522223
2025-12-30 23:00:00+00:00,TTE.PA,55.59000015258789,1609862,55.14522514343262,49.2540110180678
2026-01-01 23:00:00+00:00,TTE.PA,56.09999847412109,3898374,55.16681537628174,62.71003506890533
2026-01-04 23:00:00+00:00,TTE.PA,55.790000915527344,4648179,55.14729766845703,58.41868881324575
2026-01-05 23:00:00+00:00,TTE.PA,55.040000915527344,4097070,55.0833854675293,52.76458366160848
2026-01-06 23:00:00+00:00,TTE.PA,53.5099983215332,5619263,54.981385231018066,41.321806028589826
2026-01-07 23:00:00+00:00,TTE.PA,53.380001068115234,3634212,54.876824951171876,47.421753504024224
2026-01-08 23:00:00+00:00,TTE.PA,55.119998931884766,3983293,54.849907875061035,55.93886460471691
2026-01-11 23:00:00+00:00,TTE.PA,55.310001373291016,2777068,54.866470909118654,55.25596678477198
2026-01-12 23:00:00+00:00,TTE.PA,56.52999877929688,4177915,54.94304885864258,60.20176476864464
2026-01-13 23:00:00+00:00,TTE.PA,57.060001373291016,4375522,55.05843849182129,62.18826900986464
2026-01-14 23:00:00+00:00,TTE.PA,56.7400016784668,3472942,55.16226043701172,60.45155830114692
2026-01-15 23:00:00+00:00,TTE.PA,56.79999923706055,3614175,55.31832866668701,62.506598490886375
2026-01-18 23:00:00+00:00,TTE.PA,56.11000061035156,2222450,55.4088716506958,55.92692439620136
2026-01-19 23:00:00+00:00,TTE.PA,56.900001525878906,4304578,55.52414073944092,57.661748111917554
2026-01-20 23:00:00+00:00,TTE.PA,57.75,3770129,55.66319599151611,61.226620583601644
2026-01-21 23:00:00+00:00,TTE.PA,57.2400016784668,3269297,55.77034950256348,55.92517793675453
2026-01-22 23:00:00+00:00,TTE.PA,57.97999954223633,3080049,55.918935012817386,60.8955246541623
2026-01-25 23:00:00+00:00,TTE.PA,58.900001525878906,3710635,56.12533969879151,68.88455494548563
2026-01-26 23:00:00+00:00,TTE.PA,59.34000015258789,4431852,56.33700046539307,81.92775715601252
2026-01-27 23:00:00+00:00,TTE.PA,60.0,4015183,56.55950031280518,84.26503242692736
2026-01-28 23:00:00+00:00,TTE.PA,60.81999969482422,5886408,56.821000289916995,82.60872221957919
2026-01-29 23:00:00+00:00,TTE.PA,61.150001525878906,4589400,57.07350044250488,82.88290803866423
2026-02-01 23:00:00+00:00,TTE.PA,60.630001068115234,3333629,57.31550045013428,75.06114943686555
2026-02-02 23:00:00+00:00,TTE.PA,61.47999954223633,3270242,57.63750038146973,76.00001256607285
2026-02-03 23:00:00+00:00,TTE.PA,62.560001373291016,5264970,58.090000534057616,81.42550295536225
2026-02-04 23:00:00+00:00,TTE.PA,61.95000076293945,3374718,58.51850051879883,76.24874009967212
2026-02-05 23:00:00+00:00,TTE.PA,62.58000183105469,3694490,58.89150066375733,83.1794934395032
2026-02-08 23:00:00+00:00,TTE.PA,62.630001068115234,2884467,59.257500648498535,81.79800560307581
2026-02-09 23:00:00+00:00,TTE.PA,62.5099983215332,2708110,59.556500625610354,78.74394221196165
2026-02-10 23:00:00+00:00,TTE.PA,64.22000122070312,5081804,59.914500617980956,86.81431572712381
2026-02-11 23:00:00+00:00,TTE.PA,64.30000305175781,5220132,60.29250068664551,85.8276390470535
2026-02-12 23:00:00+00:00,TTE.PA,64.37999725341797,3692769,60.67150058746338,84.33579838520778
