Date,Symbol,Close,Volume
2021-02-15 00:00:00+01:00,TTE.PA,27.073974609375,10171605
2021-02-16 00:00:00+01:00,TTE.PA,26.96653938293457,9086169
2021-02-17 00:00:00+01:00,TTE.PA,27.38887596130371,8746290
2021-02-18 00:00:00+01:00,TTE.PA,27.09991455078125,7942637
2021-02-19 00:00:00+01:00,TTE.PA,27.377758026123047,7848775
2021-02-22 00:00:00+01:00,TTE.PA,27.763046264648438,8724065
2021-02-23 00:00:00+01:00,TTE.PA,28.38543701171875,11048892
2021-02-24 00:00:00+01:00,TTE.PA,28.878164291381836,7987796
2021-02-25 00:00:00+01:00,TTE.PA,29.233810424804688,10111097
2021-02-26 00:00:00+01:00,TTE.PA,28.4335994720459,10736610
2021-03-01 00:00:00+01:00,TTE.PA,28.774429321289062,6866121
2021-03-02 00:00:00+01:00,TTE.PA,28.833703994750977,5794344
2021-03-03 00:00:00+01:00,TTE.PA,29.126373291015625,5886246
2021-03-04 00:00:00+01:00,TTE.PA,30.052549362182617,10044460
2021-03-05 00:00:00+01:00,TTE.PA,30.360044479370117,11439169
2021-03-08 00:00:00+01:00,TTE.PA,30.319292068481445,9723534
2021-03-09 00:00:00+01:00,TTE.PA,30.130353927612305,7349666
2021-03-10 00:00:00+01:00,TTE.PA,30.608251571655273,6460112
2021-03-11 00:00:00+01:00,TTE.PA,30.926870346069336,6317586
2021-03-12 00:00:00+01:00,TTE.PA,31.260292053222656,5859380
2021-03-15 00:00:00+01:00,TTE.PA,30.593446731567383,6486139
2021-03-16 00:00:00+01:00,TTE.PA,30.204444885253906,7763507
2021-03-17 00:00:00+01:00,TTE.PA,30.089597702026367,7091584
2021-03-18 00:00:00+01:00,TTE.PA,29.959936141967773,7257522
2021-03-19 00:00:00+01:00,TTE.PA,29.808046340942383,19589808
2021-03-22 00:00:00+01:00,TTE.PA,29.43757438659668,5478764
2021-03-23 00:00:00+01:00,TTE.PA,29.222700119018555,6582096
2021-03-24 00:00:00+01:00,TTE.PA,29.6857852935791,5912545
2021-03-25 00:00:00+01:00,TTE.PA,29.18857765197754,7654953
2021-03-26 00:00:00+01:00,TTE.PA,29.501220703125,6016964
2021-03-29 00:00:00+02:00,TTE.PA,29.941936492919922,4978205
2021-03-30 00:00:00+02:00,TTE.PA,30.322372436523438,7384999
2021-03-31 00:00:00+02:00,TTE.PA,29.964529037475586,7612862
2021-04-01 00:00:00+02:00,TTE.PA,29.45601463317871,7635402
2021-04-06 00:00:00+02:00,TTE.PA,29.24507713317871,6503814
2021-04-07 00:00:00+02:00,TTE.PA,29.3166446685791,4598272
2021-04-08 00:00:00+02:00,TTE.PA,28.82320213317871,6964071
2021-04-09 00:00:00+02:00,TTE.PA,28.510555267333984,6503641
2021-04-12 00:00:00+02:00,TTE.PA,28.378725051879883,5512721
2021-04-13 00:00:00+02:00,TTE.PA,28.53316307067871,5965920
2021-04-14 00:00:00+02:00,TTE.PA,28.849571228027344,6024321
2021-04-15 00:00:00+02:00,TTE.PA,28.627328872680664,4827479
2021-04-16 00:00:00+02:00,TTE.PA,28.589662551879883,5378963
2021-04-19 00:00:00+02:00,TTE.PA,28.657466888427734,3417176
2021-04-20 00:00:00+02:00,TTE.PA,27.768505096435547,8078750
2021-04-21 00:00:00+02:00,TTE.PA,27.80240821838379,8902901
2021-04-22 00:00:00+02:00,TTE.PA,27.79488182067871,5744256
2021-04-23 00:00:00+02:00,TTE.PA,27.70447540283203,4143678
2021-04-26 00:00:00+02:00,TTE.PA,27.768505096435547,4853080
2021-04-27 00:00:00+02:00,TTE.PA,27.715776443481445,5038308
2021-04-28 00:00:00+02:00,TTE.PA,28.209224700927734,5547579
2021-04-29 00:00:00+02:00,TTE.PA,27.94931411743164,6974192
2021-04-30 00:00:00+02:00,TTE.PA,27.742143630981445,7202915
2021-05-03 00:00:00+02:00,TTE.PA,28.05478858947754,4106273
2021-05-04 00:00:00+02:00,TTE.PA,28.37495994567871,8099356
2021-05-05 00:00:00+02:00,TTE.PA,29.39198112487793,7941114
2021-05-06 00:00:00+02:00,TTE.PA,29.48615074157715,6125235
2021-05-07 00:00:00+02:00,TTE.PA,29.418350219726562,5581911
2021-05-10 00:00:00+02:00,TTE.PA,29.636816024780273,4658841
2021-05-11 00:00:00+02:00,TTE.PA,28.943735122680664,5948412
2021-05-12 00:00:00+02:00,TTE.PA,29.606685638427734,5770670
2021-05-13 00:00:00+02:00,TTE.PA,29.237550735473633,5223652
2021-05-14 00:00:00+02:00,TTE.PA,29.945703506469727,5244515
2021-05-17 00:00:00+02:00,TTE.PA,29.99089813232422,4081153
2021-05-18 00:00:00+02:00,TTE.PA,29.904264450073242,6041487
2021-05-19 00:00:00+02:00,TTE.PA,28.9173641204834,7239048
2021-05-20 00:00:00+02:00,TTE.PA,29.037904739379883,5630563
2021-05-21 00:00:00+02:00,TTE.PA,29.38068389892578,5191318
2021-05-24 00:00:00+02:00,TTE.PA,29.41082191467285,2131708
2021-05-25 00:00:00+02:00,TTE.PA,28.875944137573242,4614236
2021-05-26 00:00:00+02:00,TTE.PA,28.981412887573242,3996706
2021-05-27 00:00:00+02:00,TTE.PA,28.661231994628906,10773976
2021-05-28 00:00:00+02:00,TTE.PA,28.736572265625,3778193
2021-05-31 00:00:00+02:00,TTE.PA,28.555774688720703,3784945
2021-06-01 00:00:00+02:00,TTE.PA,29.24507713317871,5737898
2021-06-02 00:00:00+02:00,TTE.PA,29.90049171447754,6476694
2021-06-03 00:00:00+02:00,TTE.PA,29.90049171447754,0
2021-06-04 00:00:00+02:00,TTE.PA,29.90049171447754,0
2021-06-07 00:00:00+02:00,TTE.PA,29.74983024597168,4477409
2021-06-08 00:00:00+02:00,TTE.PA,29.859058380126953,3500343
2021-06-09 00:00:00+02:00,TTE.PA,30.145328521728516,4908829
2021-06-10 00:00:00+02:00,TTE.PA,29.998430252075195,4004846
2021-06-11 00:00:00+02:00,TTE.PA,30.382640838623047,4677485
2021-06-14 00:00:00+02:00,TTE.PA,30.80074691772461,8826255
2021-06-15 00:00:00+02:00,TTE.PA,30.823339462280273,5767933
2021-06-16 00:00:00+02:00,TTE.PA,30.849720001220703,5243878
2021-06-17 00:00:00+02:00,TTE.PA,30.676443099975586,5382637
2021-06-18 00:00:00+02:00,TTE.PA,29.783723831176758,14265235
2021-06-21 00:00:00+02:00,TTE.PA,30.103904724121094,5469003
2021-06-22 00:00:00+02:00,TTE.PA,30.28847312927246,4162999
2021-06-23 00:00:00+02:00,TTE.PA,30.164161682128906,4588506
2021-06-24 00:00:00+02:00,TTE.PA,30.834396362304688,7850826
2021-06-25 00:00:00+02:00,TTE.PA,30.58928680419922,4578906
2021-06-28 00:00:00+02:00,TTE.PA,29.708404541015625,6645101
2021-06-29 00:00:00+02:00,TTE.PA,29.57053565979004,4976165
2021-06-30 00:00:00+02:00,TTE.PA,29.22584342956543,8577424
2021-07-01 00:00:00+02:00,TTE.PA,29.689254760742188,5199871
2021-07-02 00:00:00+02:00,TTE.PA,29.57819938659668,4086623
2021-07-05 00:00:00+02:00,TTE.PA,29.650962829589844,2679466
2021-07-06 00:00:00+02:00,TTE.PA,29.034364700317383,6256509
2021-07-07 00:00:00+02:00,TTE.PA,28.701152801513672,8986114
2021-07-08 00:00:00+02:00,TTE.PA,28.417739868164062,8889739
2021-07-09 00:00:00+02:00,TTE.PA,28.685834884643555,6140096
2021-07-12 00:00:00+02:00,TTE.PA,28.701152801513672,4356696
2021-07-13 00:00:00+02:00,TTE.PA,28.48667335510254,5542747
2021-07-14 00:00:00+02:00,TTE.PA,28.42156982421875,3785439
2021-07-15 00:00:00+02:00,TTE.PA,28.06922149658203,6735172
2021-07-16 00:00:00+02:00,TTE.PA,27.79347038269043,7249288
2021-07-19 00:00:00+02:00,TTE.PA,26.724933624267578,10678934
2021-07-20 00:00:00+02:00,TTE.PA,26.70578384399414,8737348
2021-07-21 00:00:00+02:00,TTE.PA,27.418136596679688,8255255
2021-07-22 00:00:00+02:00,TTE.PA,27.299415588378906,4283311
2021-07-23 00:00:00+02:00,TTE.PA,27.295583724975586,4478444
2021-07-26 00:00:00+02:00,TTE.PA,27.927518844604492,4784517
2021-07-27 00:00:00+02:00,TTE.PA,27.91986083984375,4116038
2021-07-28 00:00:00+02:00,TTE.PA,28.1190128326416,4214433
2021-07-29 00:00:00+02:00,TTE.PA,28.72795867919922,6659171
2021-07-30 00:00:00+02:00,TTE.PA,28.11135482788086,8155157
2021-08-02 00:00:00+02:00,TTE.PA,28.10368537902832,4488857
2021-08-03 00:00:00+02:00,TTE.PA,28.869665145874023,7324353
2021-08-04 00:00:00+02:00,TTE.PA,28.79306983947754,4702013
2021-08-05 00:00:00+02:00,TTE.PA,28.858173370361328,4239949
2021-08-06 00:00:00+02:00,TTE.PA,29.057334899902344,4160940
2021-08-09 00:00:00+02:00,TTE.PA,28.965410232543945,3820417
2021-08-10 00:00:00+02:00,TTE.PA,28.823713302612305,4244872
2021-08-11 00:00:00+02:00,TTE.PA,29.229671478271484,3640347
2021-08-12 00:00:00+02:00,TTE.PA,29.356063842773438,3596049
2021-08-13 00:00:00+02:00,TTE.PA,29.275636672973633,4086224
2021-08-16 00:00:00+02:00,TTE.PA,28.91562271118164,4006558
2021-08-17 00:00:00+02:00,TTE.PA,28.97307586669922,4064003
2021-08-18 00:00:00+02:00,TTE.PA,28.896474838256836,3754908
2021-08-19 00:00:00+02:00,TTE.PA,27.80879020690918,10540641
2021-08-20 00:00:00+02:00,TTE.PA,27.93134880065918,5835436
2021-08-23 00:00:00+02:00,TTE.PA,28.402421951293945,5853018
2021-08-24 00:00:00+02:00,TTE.PA,28.463699340820312,4120930
2021-08-25 00:00:00+02:00,TTE.PA,28.59774398803711,2625755
2021-08-26 00:00:00+02:00,TTE.PA,28.578596115112305,2685683
2021-08-27 00:00:00+02:00,TTE.PA,28.91562271118164,3126438
2021-08-30 00:00:00+02:00,TTE.PA,28.881153106689453,2212395
2021-08-31 00:00:00+02:00,TTE.PA,28.605405807495117,9453228
2021-09-01 00:00:00+02:00,TTE.PA,28.417739868164062,4650752
2021-09-02 00:00:00+02:00,TTE.PA,28.785409927368164,4043538
2021-09-03 00:00:00+02:00,TTE.PA,28.544130325317383,3745680
2021-09-06 00:00:00+02:00,TTE.PA,28.85051918029785,2980357
2021-09-07 00:00:00+02:00,TTE.PA,28.812223434448242,2713500
2021-09-08 00:00:00+02:00,TTE.PA,28.540294647216797,4265614
2021-09-09 00:00:00+02:00,TTE.PA,28.299009323120117,5052232
2021-09-10 00:00:00+02:00,TTE.PA,28.057735443115234,5242783
2021-09-13 00:00:00+02:00,TTE.PA,28.91562271118164,6317875
2021-09-14 00:00:00+02:00,TTE.PA,28.988386154174805,5673389
2021-09-15 00:00:00+02:00,TTE.PA,29.635643005371094,9334848
2021-09-16 00:00:00+02:00,TTE.PA,29.65862464904785,7340521
2021-09-17 00:00:00+02:00,TTE.PA,29.405847549438477,11808387
2021-09-20 00:00:00+02:00,TTE.PA,28.988386154174805,6943257
2021-09-21 00:00:00+02:00,TTE.PA,29.697799682617188,9358190
2021-09-22 00:00:00+02:00,TTE.PA,30.457883834838867,8707498
2021-09-23 00:00:00+02:00,TTE.PA,30.894451141357422,6660186
2021-09-24 00:00:00+02:00,TTE.PA,30.94511604309082,5267276
2021-09-27 00:00:00+02:00,TTE.PA,32.00923156738281,12904333
2021-09-28 00:00:00+02:00,TTE.PA,32.426307678222656,13880191
2021-09-29 00:00:00+02:00,TTE.PA,31.989736557006836,8722511
2021-09-30 00:00:00+02:00,TTE.PA,32.22361373901367,10163250
2021-10-01 00:00:00+02:00,TTE.PA,32.176841735839844,6843143
2021-10-04 00:00:00+02:00,TTE.PA,32.812198638916016,8850439
2021-10-05 00:00:00+02:00,TTE.PA,33.79444885253906,11031582
2021-10-06 00:00:00+02:00,TTE.PA,33.33060836791992,11594677
2021-10-07 00:00:00+02:00,TTE.PA,33.283843994140625,8205608
2021-10-08 00:00:00+02:00,TTE.PA,33.79444885253906,7492965
2021-10-11 00:00:00+02:00,TTE.PA,34.47267532348633,7165322
2021-10-12 00:00:00+02:00,TTE.PA,34.06730651855469,5690310
2021-10-13 00:00:00+02:00,TTE.PA,33.735992431640625,6009732
2021-10-14 00:00:00+02:00,TTE.PA,34.145259857177734,5392985
2021-10-15 00:00:00+02:00,TTE.PA,34.655879974365234,8019827
2021-10-18 00:00:00+02:00,TTE.PA,34.80790710449219,5862350
2021-10-19 00:00:00+02:00,TTE.PA,34.94822311401367,5657379
2021-10-20 00:00:00+02:00,TTE.PA,34.97550964355469,4801321
2021-10-21 00:00:00+02:00,TTE.PA,34.47267532348633,4341551
2021-10-22 00:00:00+02:00,TTE.PA,34.1491584777832,5061555
2021-10-25 00:00:00+02:00,TTE.PA,34.242706298828125,4097437
2021-10-26 00:00:00+02:00,TTE.PA,34.102386474609375,4954047
2021-10-27 00:00:00+02:00,TTE.PA,34.01662826538086,4623519
2021-10-28 00:00:00+02:00,TTE.PA,33.75157165527344,5903395
2021-10-29 00:00:00+02:00,TTE.PA,33.8100471496582,7805387
2021-11-01 00:00:00+01:00,TTE.PA,33.93478012084961,4807172
2021-11-02 00:00:00+01:00,TTE.PA,34.04781723022461,5957680
2021-11-03 00:00:00+01:00,TTE.PA,33.451438903808594,6578422
2021-11-04 00:00:00+01:00,TTE.PA,33.71650314331055,4889313
2021-11-05 00:00:00+01:00,TTE.PA,33.84123611450195,5733591
2021-11-08 00:00:00+01:00,TTE.PA,33.911399841308594,5847805
2021-11-09 00:00:00+01:00,TTE.PA,33.93867492675781,5497680
2021-11-10 00:00:00+01:00,TTE.PA,34.23491287231445,6752352
2021-11-11 00:00:00+01:00,TTE.PA,34.19593811035156,5283755
2021-11-12 00:00:00+01:00,TTE.PA,33.65803146362305,5638576
2021-11-15 00:00:00+01:00,TTE.PA,34.020530700683594,4850767
2021-11-16 00:00:00+01:00,TTE.PA,34.19203567504883,6712875
2021-11-17 00:00:00+01:00,TTE.PA,33.94257354736328,5446414
2021-11-18 00:00:00+01:00,TTE.PA,33.57617950439453,6178698
2021-11-19 00:00:00+01:00,TTE.PA,32.660179138183594,12727917
2021-11-22 00:00:00+01:00,TTE.PA,33.04996109008789,7472702
2021-11-23 00:00:00+01:00,TTE.PA,33.43195724487305,6764292
2021-11-24 00:00:00+01:00,TTE.PA,33.61125564575195,6418515
2021-11-25 00:00:00+01:00,TTE.PA,33.58787155151367,4557711
2021-11-26 00:00:00+01:00,TTE.PA,31.596057891845703,15479769
2021-11-29 00:00:00+01:00,TTE.PA,32.11837387084961,9637094
2021-11-30 00:00:00+01:00,TTE.PA,31.65842628479004,14105234
2021-12-01 00:00:00+01:00,TTE.PA,32.69136047363281,8058706
2021-12-02 00:00:00+01:00,TTE.PA,32.76152420043945,8494764
2021-12-03 00:00:00+01:00,TTE.PA,33.003196716308594,7821778
2021-12-06 00:00:00+01:00,TTE.PA,33.8646125793457,7791727
2021-12-07 00:00:00+01:00,TTE.PA,34.51945877075195,7929206
2021-12-08 00:00:00+01:00,TTE.PA,34.4804801940918,6448620
2021-12-09 00:00:00+01:00,TTE.PA,34.2661018371582,4942452
2021-12-10 00:00:00+01:00,TTE.PA,34.37134552001953,4442611
2021-12-13 00:00:00+01:00,TTE.PA,33.87630844116211,5979628
2021-12-14 00:00:00+01:00,TTE.PA,34.0906982421875,6375347
2021-12-15 00:00:00+01:00,TTE.PA,33.743778228759766,6793530
2021-12-16 00:00:00+01:00,TTE.PA,34.827388763427734,9137943
2021-12-17 00:00:00+01:00,TTE.PA,34.03612518310547,13753862
2021-12-20 00:00:00+01:00,TTE.PA,33.80615234375,7655859
2021-12-21 00:00:00+01:00,TTE.PA,34.613014221191406,5664033
2021-12-22 00:00:00+01:00,TTE.PA,34.854679107666016,5164530
2021-12-23 00:00:00+01:00,TTE.PA,35.17428970336914,5517384
2021-12-24 00:00:00+01:00,TTE.PA,34.90534973144531,1043080
2021-12-27 00:00:00+01:00,TTE.PA,35.04566955566406,3282268
2021-12-28 00:00:00+01:00,TTE.PA,35.27953338623047,2916252
2021-12-29 00:00:00+01:00,TTE.PA,34.88975143432617,4141465
2021-12-30 00:00:00+01:00,TTE.PA,35.0027961730957,4099251
2021-12-31 00:00:00+01:00,TTE.PA,34.79230880737305,1711261
2022-01-03 00:00:00+01:00,TTE.PA,35.59941482543945,5436592
2022-01-04 00:00:00+01:00,TTE.PA,35.900089263916016,5584211
2022-01-05 00:00:00+01:00,TTE.PA,36.33133316040039,5641479
2022-01-06 00:00:00+01:00,TTE.PA,36.34716033935547,5444172
2022-01-07 00:00:00+01:00,TTE.PA,36.76258087158203,5732405
2022-01-10 00:00:00+01:00,TTE.PA,36.98413848876953,5681747
2022-01-11 00:00:00+01:00,TTE.PA,37.66462326049805,6505491
2022-01-12 00:00:00+01:00,TTE.PA,38.81989288330078,9331583
2022-01-13 00:00:00+01:00,TTE.PA,38.618125915527344,6197728
2022-01-14 00:00:00+01:00,TTE.PA,39.195743560791016,6533053
2022-01-17 00:00:00+01:00,TTE.PA,39.3065185546875,3805535
2022-01-18 00:00:00+01:00,TTE.PA,39.896026611328125,8906341
2022-01-19 00:00:00+01:00,TTE.PA,40.560691833496094,8139395
2022-01-20 00:00:00+01:00,TTE.PA,40.10176086425781,6354172
2022-01-21 00:00:00+01:00,TTE.PA,39.263004302978516,9987592
2022-01-24 00:00:00+01:00,TTE.PA,37.913883209228516,9884998
2022-01-25 00:00:00+01:00,TTE.PA,38.855499267578125,8177125
2022-01-26 00:00:00+01:00,TTE.PA,40.41034698486328,10006277
2022-01-27 00:00:00+01:00,TTE.PA,40.940513610839844,8553119
2022-01-28 00:00:00+01:00,TTE.PA,40.54486846923828,9191640
2022-01-31 00:00:00+01:00,TTE.PA,39.73777389526367,7585497
2022-02-01 00:00:00+01:00,TTE.PA,40.592350006103516,5651831
2022-02-02 00:00:00+01:00,TTE.PA,39.76150894165039,5459094
2022-02-03 00:00:00+01:00,TTE.PA,39.33422088623047,13793140
2022-02-04 00:00:00+01:00,TTE.PA,40.33122253417969,7789174
2022-02-07 00:00:00+01:00,TTE.PA,40.53695297241211,5365826
2022-02-08 00:00:00+01:00,TTE.PA,40.58443832397461,6931199
2022-02-09 00:00:00+01:00,TTE.PA,41.46274948120117,6436455
2022-02-10 00:00:00+01:00,TTE.PA,41.09084701538086,6299551
2022-02-11 00:00:00+01:00,TTE.PA,41.34405517578125,5570067
2022-02-14 00:00:00+01:00,TTE.PA,40.45782470703125,7999873
2022-02-15 00:00:00+01:00,TTE.PA,40.35496520996094,7559606
2022-02-16 00:00:00+01:00,TTE.PA,40.68729782104492,4714726
2022-02-17 00:00:00+01:00,TTE.PA,40.07802200317383,5859702
2022-02-18 00:00:00+01:00,TTE.PA,40.08592987060547,6486390
2022-02-21 00:00:00+01:00,TTE.PA,39.516212463378906,6145128
2022-02-22 00:00:00+01:00,TTE.PA,39.47269821166992,6588023
2022-02-23 00:00:00+01:00,TTE.PA,39.195743560791016,5897010
2022-02-24 00:00:00+01:00,TTE.PA,37.68046188354492,18829075
2022-02-25 00:00:00+01:00,TTE.PA,38.19478225708008,10597115
2022-02-28 00:00:00+01:00,TTE.PA,36.07416534423828,17814292
2022-03-01 00:00:00+01:00,TTE.PA,35.09299087524414,14935059
2022-03-02 00:00:00+01:00,TTE.PA,37.96135711669922,19496825
2022-03-03 00:00:00+01:00,TTE.PA,36.537071228027344,10922562
2022-03-04 00:00:00+01:00,TTE.PA,35.21167755126953,10794060
2022-03-07 00:00:00+01:00,TTE.PA,35.52028274536133,13924706
2022-03-08 00:00:00+01:00,TTE.PA,36.188907623291016,14726942
2022-03-09 00:00:00+01:00,TTE.PA,36.57663345336914,14321264
2022-03-10 00:00:00+01:00,TTE.PA,36.16121292114258,12006495
2022-03-11 00:00:00+01:00,TTE.PA,36.07416534423828,10974577
2022-03-14 00:00:00+01:00,TTE.PA,36.20077133178711,7542301
2022-03-15 00:00:00+01:00,TTE.PA,36.20473098754883,9011242
2022-03-16 00:00:00+01:00,TTE.PA,36.034603118896484,9554064
2022-03-17 00:00:00+01:00,TTE.PA,36.4065055847168,9187133
2022-03-18 00:00:00+01:00,TTE.PA,36.00691223144531,20405549
2022-03-21 00:00:00+01:00,TTE.PA,36.220558166503906,7544828
2022-03-22 00:00:00+01:00,TTE.PA,36.91501998901367,9074292
2022-03-23 00:00:00+01:00,TTE.PA,37.200035095214844,6638858
2022-03-24 00:00:00+01:00,TTE.PA,37.48103713989258,7239142
2022-03-25 00:00:00+01:00,TTE.PA,38.21562957763672,6296989
2022-03-28 00:00:00+02:00,TTE.PA,37.48504638671875,7343974
2022-03-29 00:00:00+02:00,TTE.PA,36.77854537963867,9838729
2022-03-30 00:00:00+02:00,TTE.PA,37.70582962036133,6483258
2022-03-31 00:00:00+02:00,TTE.PA,36.955162048339844,6495026
2022-04-01 00:00:00+02:00,TTE.PA,37.5372314453125,6071152
2022-04-04 00:00:00+02:00,TTE.PA,37.44892501831055,4690279
2022-04-05 00:00:00+02:00,TTE.PA,37.171932220458984,5262056
2022-04-06 00:00:00+02:00,TTE.PA,36.650081634521484,6068545
2022-04-07 00:00:00+02:00,TTE.PA,36.05597686767578,6334970
2022-04-08 00:00:00+02:00,TTE.PA,36.65811538696289,5623325
2022-04-11 00:00:00+02:00,TTE.PA,37.432857513427734,6022190
2022-04-12 00:00:00+02:00,TTE.PA,37.272281646728516,5575258
2022-04-13 00:00:00+02:00,TTE.PA,37.721885681152344,5133546
2022-04-14 00:00:00+02:00,TTE.PA,37.48504638671875,4758738
2022-04-19 00:00:00+02:00,TTE.PA,38.01091003417969,5924175
2022-04-20 00:00:00+02:00,TTE.PA,37.76203155517578,5094582
2022-04-21 00:00:00+02:00,TTE.PA,37.8543586730957,6047792
2022-04-22 00:00:00+02:00,TTE.PA,36.82670593261719,5622015
2022-04-25 00:00:00+02:00,TTE.PA,35.349464416503906,7062909
2022-04-26 00:00:00+02:00,TTE.PA,35.9315299987793,7962378
2022-04-27 00:00:00+02:00,TTE.PA,36.232601165771484,6046151
2022-04-28 00:00:00+02:00,TTE.PA,37.55729675292969,7544258
2022-04-29 00:00:00+02:00,TTE.PA,37.91456985473633,6109500
2022-05-02 00:00:00+02:00,TTE.PA,37.717872619628906,5828178
2022-05-03 00:00:00+02:00,TTE.PA,39.17905807495117,7052181
2022-05-04 00:00:00+02:00,TTE.PA,39.19913101196289,6933231
2022-05-05 00:00:00+02:00,TTE.PA,39.75310134887695,8170451
2022-05-06 00:00:00+02:00,TTE.PA,40.62419128417969,9701008
2022-05-09 00:00:00+02:00,TTE.PA,38.64515686035156,7183004
2022-05-10 00:00:00+02:00,TTE.PA,38.653194427490234,5848216
2022-05-11 00:00:00+02:00,TTE.PA,40.4234733581543,8797325
2022-05-12 00:00:00+02:00,TTE.PA,39.636680603027344,7785862
2022-05-13 00:00:00+02:00,TTE.PA,41.009559631347656,7967412
2022-05-16 00:00:00+02:00,TTE.PA,41.515342712402344,6645780
2022-05-17 00:00:00+02:00,TTE.PA,42.01312255859375,7078811
2022-05-18 00:00:00+02:00,TTE.PA,41.8926887512207,5409262
2022-05-19 00:00:00+02:00,TTE.PA,41.3708381652832,5656368
2022-05-20 00:00:00+02:00,TTE.PA,41.515342712402344,6462269
2022-05-23 00:00:00+02:00,TTE.PA,42.783851623535156,7359549
2022-05-24 00:00:00+02:00,TTE.PA,42.10946273803711,5431602
2022-05-25 00:00:00+02:00,TTE.PA,43.31373596191406,8414560
2022-05-26 00:00:00+02:00,TTE.PA,44.25305938720703,6201292
2022-05-27 00:00:00+02:00,TTE.PA,44.06037902832031,6085373
2022-05-30 00:00:00+02:00,TTE.PA,44.30124282836914,4780314
2022-05-31 00:00:00+02:00,TTE.PA,44.630409240722656,12431159
2022-06-01 00:00:00+02:00,TTE.PA,43.45021438598633,6996945
2022-06-02 00:00:00+02:00,TTE.PA,43.490360260009766,4883491
2022-06-03 00:00:00+02:00,TTE.PA,43.7392463684082,3146284
2022-06-06 00:00:00+02:00,TTE.PA,44.55012130737305,4635253
2022-06-07 00:00:00+02:00,TTE.PA,44.72675323486328,4925987
2022-06-08 00:00:00+02:00,TTE.PA,45.37705612182617,6888933
2022-06-09 00:00:00+02:00,TTE.PA,44.72675323486328,6628185
2022-06-10 00:00:00+02:00,TTE.PA,43.755306243896484,7594810
2022-06-13 00:00:00+02:00,TTE.PA,42.8320198059082,7799410
2022-06-14 00:00:00+02:00,TTE.PA,43.4181022644043,6886090
2022-06-15 00:00:00+02:00,TTE.PA,42.976531982421875,7704110
2022-06-16 00:00:00+02:00,TTE.PA,41.724090576171875,7330449
2022-06-17 00:00:00+02:00,TTE.PA,39.61260223388672,16928170
2022-06-20 00:00:00+02:00,TTE.PA,40.34318923950195,6026167
2022-06-21 00:00:00+02:00,TTE.PA,41.0835075378418,5380452
2022-06-22 00:00:00+02:00,TTE.PA,39.89981460571289,6997764
2022-06-23 00:00:00+02:00,TTE.PA,39.126949310302734,6561491
2022-06-24 00:00:00+02:00,TTE.PA,40.31471252441406,6726853
2022-06-27 00:00:00+02:00,TTE.PA,40.67673873901367,5031536
2022-06-28 00:00:00+02:00,TTE.PA,41.20553207397461,5344547
2022-06-29 00:00:00+02:00,TTE.PA,41.45773696899414,6183440
2022-06-30 00:00:00+02:00,TTE.PA,40.977745056152344,7951972
2022-07-01 00:00:00+02:00,TTE.PA,40.79876708984375,6672745
2022-07-04 00:00:00+02:00,TTE.PA,42.65362548828125,5655336
2022-07-05 00:00:00+02:00,TTE.PA,39.916080474853516,6941767
2022-07-06 00:00:00+02:00,TTE.PA,38.756797790527344,8692108
2022-07-07 00:00:00+02:00,TTE.PA,40.16828155517578,6977326
2022-07-08 00:00:00+02:00,TTE.PA,40.08285903930664,4266297
2022-07-11 00:00:00+02:00,TTE.PA,39.798118591308594,3400071
2022-07-12 00:00:00+02:00,TTE.PA,39.26525115966797,5045734
2022-07-13 00:00:00+02:00,TTE.PA,39.330345153808594,4912501
2022-07-14 00:00:00+02:00,TTE.PA,37.49581527709961,6375847
2022-07-15 00:00:00+02:00,TTE.PA,38.67137908935547,5618585
2022-07-18 00:00:00+02:00,TTE.PA,39.574398040771484,3862460
2022-07-19 00:00:00+02:00,TTE.PA,39.94455337524414,4245206
2022-07-20 00:00:00+02:00,TTE.PA,40.025909423828125,3485514
2022-07-21 00:00:00+02:00,TTE.PA,38.95611572265625,5268507
2022-07-22 00:00:00+02:00,TTE.PA,39.488983154296875,4695108
2022-07-25 00:00:00+02:00,TTE.PA,39.94455337524414,4106096
2022-07-26 00:00:00+02:00,TTE.PA,40.025909423828125,3976500
2022-07-27 00:00:00+02:00,TTE.PA,40.46929168701172,3628557
2022-07-28 00:00:00+02:00,TTE.PA,39.12288284301758,6537052
2022-07-29 00:00:00+02:00,TTE.PA,40.481483459472656,7249813
2022-08-01 00:00:00+02:00,TTE.PA,39.82252502441406,4625194
2022-08-02 00:00:00+02:00,TTE.PA,39.24491882324219,5363885
2022-08-03 00:00:00+02:00,TTE.PA,39.574398040771484,5484815
2022-08-04 00:00:00+02:00,TTE.PA,39.57032775878906,5443280
2022-08-05 00:00:00+02:00,TTE.PA,39.77371597290039,5624000
2022-08-08 00:00:00+02:00,TTE.PA,40.53030014038086,4433097
2022-08-09 00:00:00+02:00,TTE.PA,41.36824035644531,5807127
2022-08-10 00:00:00+02:00,TTE.PA,41.11604690551758,4828451
2022-08-11 00:00:00+02:00,TTE.PA,42.303810119628906,5853954
2022-08-12 00:00:00+02:00,TTE.PA,42.246864318847656,4923926
2022-08-15 00:00:00+02:00,TTE.PA,41.25434875488281,4366322
2022-08-16 00:00:00+02:00,TTE.PA,41.89703369140625,4945532
2022-08-17 00:00:00+02:00,TTE.PA,41.929588317871094,4312278
2022-08-18 00:00:00+02:00,TTE.PA,42.95463562011719,5238130
2022-08-19 00:00:00+02:00,TTE.PA,42.865150451660156,5364002
2022-08-22 00:00:00+02:00,TTE.PA,43.14988327026367,5433708
2022-08-23 00:00:00+02:00,TTE.PA,44.54916000366211,7449542
2022-08-24 00:00:00+02:00,TTE.PA,43.638004302978516,4979158
2022-08-25 00:00:00+02:00,TTE.PA,43.96341323852539,4435613
2022-08-26 00:00:00+02:00,TTE.PA,43.898338317871094,5137140
2022-08-29 00:00:00+02:00,TTE.PA,44.25629806518555,4260541
2022-08-30 00:00:00+02:00,TTE.PA,42.65362548828125,5932492
2022-08-31 00:00:00+02:00,TTE.PA,41.23807907104492,8940042
2022-09-01 00:00:00+02:00,TTE.PA,40.84757995605469,5489709
2022-09-02 00:00:00+02:00,TTE.PA,41.94585418701172,5595554
2022-09-05 00:00:00+02:00,TTE.PA,43.26377868652344,6275171
2022-09-06 00:00:00+02:00,TTE.PA,42.06787872314453,5889428
2022-09-07 00:00:00+02:00,TTE.PA,40.50996780395508,7397732
2022-09-08 00:00:00+02:00,TTE.PA,40.025909423828125,7900781
2022-09-09 00:00:00+02:00,TTE.PA,40.54250717163086,5006277
2022-09-12 00:00:00+02:00,TTE.PA,41.164859771728516,5252651
2022-09-13 00:00:00+02:00,TTE.PA,40.69301223754883,5381636
2022-09-14 00:00:00+02:00,TTE.PA,41.7017936706543,7432928
2022-09-15 00:00:00+02:00,TTE.PA,40.70115280151367,7419261
2022-09-16 00:00:00+02:00,TTE.PA,40.49370193481445,11658305
2022-09-19 00:00:00+02:00,TTE.PA,40.107261657714844,5198075
2022-09-20 00:00:00+02:00,TTE.PA,39.7574462890625,5664763
2022-09-21 00:00:00+02:00,TTE.PA,40.37221145629883,6458138
2022-09-22 00:00:00+02:00,TTE.PA,40.36395263671875,5748727
2022-09-23 00:00:00+02:00,TTE.PA,38.3793830871582,7712933
2022-09-26 00:00:00+02:00,TTE.PA,38.804351806640625,6841654
2022-09-27 00:00:00+02:00,TTE.PA,39.48100662231445,6175010
2022-09-28 00:00:00+02:00,TTE.PA,38.91575241088867,7467853
2022-09-29 00:00:00+02:00,TTE.PA,39.03540802001953,6386339
2022-09-30 00:00:00+02:00,TTE.PA,39.835838317871094,6218163
2022-10-03 00:00:00+02:00,TTE.PA,41.06123733520508,5525970
2022-10-04 00:00:00+02:00,TTE.PA,42.34027862548828,6660326
2022-10-05 00:00:00+02:00,TTE.PA,42.8023796081543,5850376
2022-10-06 00:00:00+02:00,TTE.PA,42.30727005004883,4458233
2022-10-07 00:00:00+02:00,TTE.PA,43.40475845336914,6182146
2022-10-10 00:00:00+02:00,TTE.PA,42.4970588684082,4187958
2022-10-11 00:00:00+02:00,TTE.PA,41.62235641479492,4326044
2022-10-12 00:00:00+02:00,TTE.PA,41.0571174621582,4757162
2022-10-13 00:00:00+02:00,TTE.PA,42.33201599121094,5753679
2022-10-14 00:00:00+02:00,TTE.PA,43.07469177246094,6719974
2022-10-17 00:00:00+02:00,TTE.PA,43.72658920288086,5594092
2022-10-18 00:00:00+02:00,TTE.PA,43.00867462158203,4782124
2022-10-19 00:00:00+02:00,TTE.PA,43.41301345825195,3565309
2022-10-20 00:00:00+02:00,TTE.PA,43.70183181762695,4262518
2022-10-21 00:00:00+02:00,TTE.PA,43.710086822509766,5396712
2022-10-24 00:00:00+02:00,TTE.PA,44.147430419921875,5017614
2022-10-25 00:00:00+02:00,TTE.PA,43.941139221191406,3951699
2022-10-26 00:00:00+02:00,TTE.PA,43.66881561279297,4574909
2022-10-27 00:00:00+02:00,TTE.PA,44.95610809326172,7455904
2022-10-28 00:00:00+02:00,TTE.PA,45.046878814697266,7009218
2022-10-31 00:00:00+01:00,TTE.PA,45.46772766113281,6171638
2022-11-01 00:00:00+01:00,TTE.PA,46.62299346923828,4966599
2022-11-02 00:00:00+01:00,TTE.PA,46.400184631347656,5767784
2022-11-03 00:00:00+01:00,TTE.PA,46.93655776977539,4767222
2022-11-04 00:00:00+01:00,TTE.PA,47.66272735595703,6813963
2022-11-07 00:00:00+01:00,TTE.PA,47.992801666259766,5007705
2022-11-08 00:00:00+01:00,TTE.PA,47.1511116027832,4949391
2022-11-09 00:00:00+01:00,TTE.PA,46.7962760925293,6005000
2022-11-10 00:00:00+01:00,TTE.PA,46.639495849609375,6715663
2022-11-11 00:00:00+01:00,TTE.PA,47.06033706665039,6404977
2022-11-14 00:00:00+01:00,TTE.PA,46.969566345214844,5162544
2022-11-15 00:00:00+01:00,TTE.PA,47.679229736328125,5591312
2022-11-16 00:00:00+01:00,TTE.PA,48.05881881713867,6723703
2022-11-17 00:00:00+01:00,TTE.PA,47.390411376953125,4773178
2022-11-18 00:00:00+01:00,TTE.PA,47.36565399169922,8763208
2022-11-21 00:00:00+01:00,TTE.PA,45.90507507324219,7131003
2022-11-22 00:00:00+01:00,TTE.PA,47.91853332519531,7090227
2022-11-23 00:00:00+01:00,TTE.PA,47.5389404296875,4876026
2022-11-24 00:00:00+01:00,TTE.PA,47.71223449707031,3992229
2022-11-25 00:00:00+01:00,TTE.PA,48.22384262084961,3906723
2022-11-28 00:00:00+01:00,TTE.PA,47.64622116088867,5425808
2022-11-29 00:00:00+01:00,TTE.PA,48.636436462402344,5275940
2022-11-30 00:00:00+01:00,TTE.PA,49.76694107055664,11137687
2022-12-01 00:00:00+01:00,TTE.PA,48.90875244140625,4539663
2022-12-02 00:00:00+01:00,TTE.PA,48.595184326171875,5694945
2022-12-05 00:00:00+01:00,TTE.PA,48.4879150390625,5299979
2022-12-06 00:00:00+01:00,TTE.PA,48.45432662963867,7256100
2022-12-07 00:00:00+01:00,TTE.PA,47.46375274658203,5709652
2022-12-08 00:00:00+01:00,TTE.PA,47.69041061401367,4901712
2022-12-09 00:00:00+01:00,TTE.PA,47.253883361816406,5351717
2022-12-12 00:00:00+01:00,TTE.PA,47.53091049194336,4958521
2022-12-13 00:00:00+01:00,TTE.PA,48.59703826904297,5817155
2022-12-14 00:00:00+01:00,TTE.PA,48.25285720825195,6946106
2022-12-15 00:00:00+01:00,TTE.PA,47.37141036987305,7221555
2022-12-16 00:00:00+01:00,TTE.PA,46.72501754760742,14509793
2022-12-19 00:00:00+01:00,TTE.PA,47.55609130859375,4871006
2022-12-20 00:00:00+01:00,TTE.PA,48.101749420166016,5152750
2022-12-21 00:00:00+01:00,TTE.PA,49.52046585083008,5570095
2022-12-22 00:00:00+01:00,TTE.PA,49.52885437011719,4761020
2022-12-23 00:00:00+01:00,TTE.PA,49.70513916015625,2891433
2022-12-27 00:00:00+01:00,TTE.PA,50.05772018432617,2963938
2022-12-28 00:00:00+01:00,TTE.PA,49.839454650878906,3315104
2022-12-29 00:00:00+01:00,TTE.PA,49.84785842895508,3328421
2022-12-30 00:00:00+01:00,TTE.PA,49.23503875732422,3979635
2023-01-02 00:00:00+01:00,TTE.PA,50.98493576049805,3907873
2023-01-03 00:00:00+01:00,TTE.PA,50.10149383544922,5540506
2023-01-04 00:00:00+01:00,TTE.PA,48.929229736328125,7364586
2023-01-05 00:00:00+01:00,TTE.PA,49.21804428100586,5310799
2023-01-06 00:00:00+01:00,TTE.PA,49.846656799316406,4484094
2023-01-09 00:00:00+01:00,TTE.PA,49.54084777832031,5476365
2023-01-10 00:00:00+01:00,TTE.PA,49.61729431152344,4271013
2023-01-11 00:00:00+01:00,TTE.PA,49.940093994140625,5506370
2023-01-12 00:00:00+01:00,TTE.PA,50.5007438659668,5196954
2023-01-13 00:00:00+01:00,TTE.PA,50.73858642578125,4834882
2023-01-16 00:00:00+01:00,TTE.PA,50.4412841796875,3004776
2023-01-17 00:00:00+01:00,TTE.PA,50.6281623840332,5951772
2023-01-18 00:00:00+01:00,TTE.PA,50.6281623840332,4160371
2023-01-19 00:00:00+01:00,TTE.PA,49.557838439941406,5908361
2023-01-20 00:00:00+01:00,TTE.PA,49.99106216430664,4432005
2023-01-23 00:00:00+01:00,TTE.PA,50.28837585449219,2854543
2023-01-24 00:00:00+01:00,TTE.PA,49.855140686035156,3256019
2023-01-25 00:00:00+01:00,TTE.PA,49.60030746459961,3975685
2023-01-26 00:00:00+01:00,TTE.PA,49.70224380493164,3853592
2023-01-27 00:00:00+01:00,TTE.PA,49.795684814453125,4442112
2023-01-30 00:00:00+01:00,TTE.PA,49.19256591796875,4237634
2023-01-31 00:00:00+01:00,TTE.PA,48.402557373046875,6043711
2023-02-01 00:00:00+01:00,TTE.PA,47.54460906982422,5463460
2023-02-02 00:00:00+01:00,TTE.PA,46.87352752685547,7436226
2023-02-03 00:00:00+01:00,TTE.PA,47.86739730834961,6885333
2023-02-06 00:00:00+01:00,TTE.PA,47.28126907348633,4990200
2023-02-07 00:00:00+01:00,TTE.PA,48.878265380859375,5946952
2023-02-08 00:00:00+01:00,TTE.PA,47.943843841552734,6647138
2023-02-09 00:00:00+01:00,TTE.PA,49.141597747802734,5865632
2023-02-10 00:00:00+01:00,TTE.PA,50.415794372558594,7483955
2023-02-13 00:00:00+01:00,TTE.PA,50.57719421386719,4363617
2023-02-14 00:00:00+01:00,TTE.PA,50.95095443725586,4513712
2023-02-15 00:00:00+01:00,TTE.PA,50.96794891357422,4003007
2023-02-16 00:00:00+01:00,TTE.PA,50.91697692871094,4559961
2023-02-17 00:00:00+01:00,TTE.PA,49.82966613769531,6001310
2023-02-20 00:00:00+01:00,TTE.PA,50.05052185058594,2339163
2023-02-21 00:00:00+01:00,TTE.PA,49.81267547607422,3216732
2023-02-22 00:00:00+01:00,TTE.PA,49.608802795410156,3643782
2023-02-23 00:00:00+01:00,TTE.PA,50.2119255065918,4212988
2023-02-24 00:00:00+01:00,TTE.PA,49.43041229248047,7818721
2023-02-27 00:00:00+01:00,TTE.PA,50.30536651611328,3705232
2023-02-28 00:00:00+01:00,TTE.PA,49.75321578979492,5134204
2023-03-01 00:00:00+01:00,TTE.PA,49.25202560424805,4233092
2023-03-02 00:00:00+01:00,TTE.PA,50.220420837402344,3962438
2023-03-03 00:00:00+01:00,TTE.PA,50.12697982788086,4591569
2023-03-06 00:00:00+01:00,TTE.PA,50.37331771850586,2939160
2023-03-07 00:00:00+01:00,TTE.PA,50.11848449707031,3232677
2023-03-08 00:00:00+01:00,TTE.PA,50.033538818359375,3066612
2023-03-09 00:00:00+01:00,TTE.PA,49.676753997802734,3364708
2023-03-10 00:00:00+01:00,TTE.PA,49.30299758911133,4766081
2023-03-13 00:00:00+01:00,TTE.PA,46.839542388916016,8949682
2023-03-14 00:00:00+01:00,TTE.PA,47.95234680175781,6586419
2023-03-15 00:00:00+01:00,TTE.PA,45.251041412353516,12938098
2023-03-16 00:00:00+01:00,TTE.PA,45.28502655029297,10421882
2023-03-17 00:00:00+01:00,TTE.PA,45.14060974121094,17071713
2023-03-20 00:00:00+01:00,TTE.PA,45.75222396850586,6375094
2023-03-21 00:00:00+01:00,TTE.PA,46.89900588989258,6002122
2023-03-22 00:00:00+01:00,TTE.PA,46.821590423583984,4699698
2023-03-23 00:00:00+01:00,TTE.PA,45.96137237548828,4673803
2023-03-24 00:00:00+01:00,TTE.PA,44.56782531738281,7869472
2023-03-27 00:00:00+02:00,TTE.PA,44.84309005737305,5149680
2023-03-28 00:00:00+02:00,TTE.PA,46.030189514160156,4556532
2023-03-29 00:00:00+02:00,TTE.PA,46.314056396484375,3823711
2023-03-30 00:00:00+02:00,TTE.PA,46.80438232421875,4041982
2023-03-31 00:00:00+02:00,TTE.PA,46.76136779785156,4107237
2023-04-03 00:00:00+02:00,TTE.PA,49.51406478881836,6909528
2023-04-04 00:00:00+02:00,TTE.PA,48.800079345703125,4951522
2023-04-05 00:00:00+02:00,TTE.PA,49.15278244018555,4394531
2023-04-06 00:00:00+02:00,TTE.PA,49.46244812011719,4724688
2023-04-11 00:00:00+02:00,TTE.PA,50.2796630859375,5937113
2023-04-12 00:00:00+02:00,TTE.PA,50.28825759887695,4181958
2023-04-13 00:00:00+02:00,TTE.PA,50.09040832519531,4042541
2023-04-14 00:00:00+02:00,TTE.PA,50.51192092895508,3749179
2023-04-17 00:00:00+02:00,TTE.PA,50.5205192565918,4233906
2023-04-18 00:00:00+02:00,TTE.PA,50.451698303222656,3879152
2023-04-19 00:00:00+02:00,TTE.PA,49.952781677246094,3813440
2023-04-20 00:00:00+02:00,TTE.PA,49.53126907348633,3803974
2023-04-21 00:00:00+02:00,TTE.PA,49.634498596191406,4733765
2023-04-24 00:00:00+02:00,TTE.PA,50.07320785522461,2989471
2023-04-25 00:00:00+02:00,TTE.PA,49.59148406982422,3437018
2023-04-26 00:00:00+02:00,TTE.PA,50.23664855957031,5519770
2023-04-27 00:00:00+02:00,TTE.PA,48.92051696777344,4578032
2023-04-28 00:00:00+02:00,TTE.PA,49.840938568115234,5601590
2023-05-02 00:00:00+02:00,TTE.PA,47.311912536621094,6736518
2023-05-03 00:00:00+02:00,TTE.PA,46.993629455566406,5737923
2023-05-04 00:00:00+02:00,TTE.PA,47.01944351196289,5681202
2023-05-05 00:00:00+02:00,TTE.PA,48.283958435058594,5654428
2023-05-08 00:00:00+02:00,TTE.PA,48.34417724609375,2789782
2023-05-09 00:00:00+02:00,TTE.PA,47.699012756347656,4808038
2023-05-10 00:00:00+02:00,TTE.PA,47.81943893432617,4400114
2023-05-11 00:00:00+02:00,TTE.PA,47.20008087158203,3480678
2023-05-12 00:00:00+02:00,TTE.PA,47.96567153930664,5045585
2023-05-15 00:00:00+02:00,TTE.PA,48.06889724731445,3081718
2023-05-16 00:00:00+02:00,TTE.PA,47.43233871459961,3482245
2023-05-17 00:00:00+02:00,TTE.PA,47.47534942626953,3626153
2023-05-18 00:00:00+02:00,TTE.PA,47.905460357666016,3570231
2023-05-19 00:00:00+02:00,TTE.PA,48.27535629272461,4284593
2023-05-22 00:00:00+02:00,TTE.PA,48.103309631347656,2776246
2023-05-23 00:00:00+02:00,TTE.PA,49.04954528808594,4171976
2023-05-24 00:00:00+02:00,TTE.PA,48.91191482543945,4733500
2023-05-25 00:00:00+02:00,TTE.PA,47.311912536621094,4285361
2023-05-26 00:00:00+02:00,TTE.PA,47.96567153930664,3582070
2023-05-29 00:00:00+02:00,TTE.PA,47.93986892700195,1854258
2023-05-30 00:00:00+02:00,TTE.PA,46.29685974121094,5005853
2023-05-31 00:00:00+02:00,TTE.PA,45.660301208496094,20748665
2023-06-01 00:00:00+02:00,TTE.PA,46.27104949951172,3734990
2023-06-02 00:00:00+02:00,TTE.PA,47.46675491333008,4788534
2023-06-05 00:00:00+02:00,TTE.PA,47.18287658691406,3599391
2023-06-06 00:00:00+02:00,TTE.PA,46.74416732788086,4122580
2023-06-07 00:00:00+02:00,TTE.PA,47.131263732910156,3877214
2023-06-08 00:00:00+02:00,TTE.PA,47.33771896362305,2721136
2023-06-09 00:00:00+02:00,TTE.PA,47.26890182495117,3414257
2023-06-12 00:00:00+02:00,TTE.PA,46.4086799621582,4603542
2023-06-13 00:00:00+02:00,TTE.PA,46.58932876586914,4599884
2023-06-14 00:00:00+02:00,TTE.PA,46.3742790222168,5283995
2023-06-15 00:00:00+02:00,TTE.PA,46.23664855957031,4712235
2023-06-16 00:00:00+02:00,TTE.PA,46.27964782714844,14221553
2023-06-19 00:00:00+02:00,TTE.PA,46.28825759887695,3198357
2023-06-20 00:00:00+02:00,TTE.PA,45.72911071777344,4843986
2023-06-21 00:00:00+02:00,TTE.PA,46.976593017578125,5015479
2023-06-22 00:00:00+02:00,TTE.PA,45.807621002197266,4549703
2023-06-23 00:00:00+02:00,TTE.PA,45.40633773803711,4056035
2023-06-26 00:00:00+02:00,TTE.PA,45.859962463378906,3915562
2023-06-27 00:00:00+02:00,TTE.PA,45.36272048950195,3869258
2023-06-28 00:00:00+02:00,TTE.PA,45.38017272949219,3652335
2023-06-29 00:00:00+02:00,TTE.PA,45.30165481567383,2850371
2023-06-30 00:00:00+02:00,TTE.PA,45.8425178527832,5980961
2023-07-03 00:00:00+02:00,TTE.PA,46.67125701904297,3778611
2023-07-04 00:00:00+02:00,TTE.PA,46.784671783447266,2222930
2023-07-05 00:00:00+02:00,TTE.PA,45.9733772277832,4168681
2023-07-06 00:00:00+02:00,TTE.PA,44.12397003173828,6645342
2023-07-07 00:00:00+02:00,TTE.PA,44.577598571777344,3854940
2023-07-10 00:00:00+02:00,TTE.PA,44.69100570678711,2929335
2023-07-11 00:00:00+02:00,TTE.PA,45.3539924621582,2993897
2023-07-12 00:00:00+02:00,TTE.PA,45.859962463378906,4116589
2023-07-13 00:00:00+02:00,TTE.PA,45.92103576660156,4720779
2023-07-14 00:00:00+02:00,TTE.PA,44.73462677001953,4619487
2023-07-17 00:00:00+02:00,TTE.PA,44.45547103881836,3420502
2023-07-18 00:00:00+02:00,TTE.PA,44.97888946533203,3194379
2023-07-19 00:00:00+02:00,TTE.PA,45.641876220703125,3482010
2023-07-20 00:00:00+02:00,TTE.PA,46.496788024902344,3966156
2023-07-21 00:00:00+02:00,TTE.PA,47.09872817993164,3640287
2023-07-24 00:00:00+02:00,TTE.PA,47.79660415649414,3507786
2023-07-25 00:00:00+02:00,TTE.PA,47.40404510498047,2798807
2023-07-26 00:00:00+02:00,TTE.PA,46.98530578613281,3848339
2023-07-27 00:00:00+02:00,TTE.PA,47.3865966796875,4434934
2023-07-28 00:00:00+02:00,TTE.PA,47.49127960205078,3948350
2023-07-31 00:00:00+02:00,TTE.PA,48.20661544799805,4870605
2023-08-01 00:00:00+02:00,TTE.PA,47.63957977294922,3157910
2023-08-02 00:00:00+02:00,TTE.PA,46.33103942871094,4830711
2023-08-03 00:00:00+02:00,TTE.PA,47.194679260253906,3961077
2023-08-04 00:00:00+02:00,TTE.PA,48.47705078125,4819429
2023-08-07 00:00:00+02:00,TTE.PA,48.35491943359375,2908682
2023-08-08 00:00:00+02:00,TTE.PA,48.11937713623047,4129912
2023-08-09 00:00:00+02:00,TTE.PA,49.75941467285156,5811493
2023-08-10 00:00:00+02:00,TTE.PA,50.43986129760742,5740615
2023-08-11 00:00:00+02:00,TTE.PA,49.87282180786133,3998433
2023-08-14 00:00:00+02:00,TTE.PA,49.35812759399414,3282687
2023-08-15 00:00:00+02:00,TTE.PA,48.93939971923828,2927307
2023-08-16 00:00:00+02:00,TTE.PA,49.13132095336914,2958850
2023-08-17 00:00:00+02:00,TTE.PA,49.51515579223633,3692613
2023-08-18 00:00:00+02:00,TTE.PA,49.733245849609375,4022524
2023-08-21 00:00:00+02:00,TTE.PA,50.23922348022461,4032124
2023-08-22 00:00:00+02:00,TTE.PA,50.57943344116211,3192068
2023-08-23 00:00:00+02:00,TTE.PA,49.6983528137207,4565278
2023-08-24 00:00:00+02:00,TTE.PA,49.87282180786133,3675723
2023-08-25 00:00:00+02:00,TTE.PA,50.00368118286133,3193362
2023-08-28 00:00:00+02:00,TTE.PA,50.50092315673828,3013652
2023-08-29 00:00:00+02:00,TTE.PA,50.47475051879883,3942878
2023-08-30 00:00:00+02:00,TTE.PA,50.54454040527344,3306813
2023-08-31 00:00:00+02:00,TTE.PA,50.65795135498047,15495463
2023-09-01 00:00:00+02:00,TTE.PA,51.37328338623047,5079157
2023-09-04 00:00:00+02:00,TTE.PA,51.2249870300293,2625890
2023-09-05 00:00:00+02:00,TTE.PA,52.254371643066406,5901408
2023-09-06 00:00:00+02:00,TTE.PA,51.91415023803711,3922557
2023-09-07 00:00:00+02:00,TTE.PA,52.23692321777344,3647909
2023-09-08 00:00:00+02:00,TTE.PA,52.673099517822266,3946074
2023-09-11 00:00:00+02:00,TTE.PA,52.98714828491211,3958740
2023-09-12 00:00:00+02:00,TTE.PA,53.46694564819336,4172597
2023-09-13 00:00:00+02:00,TTE.PA,53.41460418701172,4838628
2023-09-14 00:00:00+02:00,TTE.PA,54.33058547973633,6027529
2023-09-15 00:00:00+02:00,TTE.PA,54.409095764160156,11416102
2023-09-18 00:00:00+02:00,TTE.PA,54.077598571777344,2920791
2023-09-19 00:00:00+02:00,TTE.PA,54.99358367919922,5182126
2023-09-20 00:00:00+02:00,TTE.PA,54.98474884033203,5849513
2023-09-21 00:00:00+02:00,TTE.PA,54.622833251953125,4339849
2023-09-22 00:00:00+02:00,TTE.PA,54.649314880371094,3664079
2023-09-25 00:00:00+02:00,TTE.PA,54.8435173034668,3846288
2023-09-26 00:00:00+02:00,TTE.PA,54.649314880371094,3829260
2023-09-27 00:00:00+02:00,TTE.PA,55.5496940612793,4817734
2023-09-28 00:00:00+02:00,TTE.PA,56.15876770019531,5291582
2023-09-29 00:00:00+02:00,TTE.PA,55.002410888671875,5302832
2023-10-02 00:00:00+02:00,TTE.PA,54.3315315246582,3757875
2023-10-03 00:00:00+02:00,TTE.PA,54.09320068359375,4937929
2023-10-04 00:00:00+02:00,TTE.PA,53.042762756347656,4791244
2023-10-05 00:00:00+02:00,TTE.PA,52.76028823852539,4347964
2023-10-06 00:00:00+02:00,TTE.PA,53.26344299316406,4534468
2023-10-09 00:00:00+02:00,TTE.PA,54.1902961730957,5031105
2023-10-10 00:00:00+02:00,TTE.PA,54.63166046142578,4160122
2023-10-11 00:00:00+02:00,TTE.PA,54.45511245727539,4900536
2023-10-12 00:00:00+02:00,TTE.PA,54.87881851196289,3502737
2023-10-13 00:00:00+02:00,TTE.PA,55.76154708862305,4813149
2023-10-16 00:00:00+02:00,TTE.PA,55.664451599121094,3263358
2023-10-17 00:00:00+02:00,TTE.PA,55.77037048339844,3025021
2023-10-18 00:00:00+02:00,TTE.PA,56.30000686645508,3976524
2023-10-19 00:00:00+02:00,TTE.PA,55.90279006958008,4004637
2023-10-20 00:00:00+02:00,TTE.PA,55.23191452026367,5307933
2023-10-23 00:00:00+02:00,TTE.PA,54.99358367919922,3450318
2023-10-24 00:00:00+02:00,TTE.PA,54.7552375793457,3034036
2023-10-25 00:00:00+02:00,TTE.PA,54.905303955078125,3233178
2023-10-26 00:00:00+02:00,TTE.PA,55.1524658203125,4339376
2023-10-27 00:00:00+02:00,TTE.PA,55.611480712890625,5486583
2023-10-30 00:00:00+01:00,TTE.PA,55.602657318115234,3524500
2023-10-31 00:00:00+01:00,TTE.PA,55.788028717041016,4603192
2023-11-01 00:00:00+01:00,TTE.PA,56.1676025390625,3545953
2023-11-02 00:00:00+01:00,TTE.PA,57.0150032043457,4449462
2023-11-03 00:00:00+01:00,TTE.PA,55.020057678222656,5702375
2023-11-06 00:00:00+01:00,TTE.PA,55.31135559082031,2997232
2023-11-07 00:00:00+01:00,TTE.PA,54.057891845703125,3820985
2023-11-08 00:00:00+01:00,TTE.PA,53.651832580566406,4155905
2023-11-09 00:00:00+01:00,TTE.PA,54.163822174072266,4280731
2023-11-10 00:00:00+01:00,TTE.PA,54.764068603515625,4340517
2023-11-13 00:00:00+01:00,TTE.PA,55.426116943359375,3205876
2023-11-14 00:00:00+01:00,TTE.PA,55.20542526245117,4106459
2023-11-15 00:00:00+01:00,TTE.PA,55.2672233581543,3698059
2023-11-16 00:00:00+01:00,TTE.PA,53.81072998046875,4534470
2023-11-17 00:00:00+01:00,TTE.PA,54.56104278564453,4899574
2023-11-20 00:00:00+01:00,TTE.PA,55.611480712890625,3995526
2023-11-21 00:00:00+01:00,TTE.PA,55.56734848022461,2942580
2023-11-22 00:00:00+01:00,TTE.PA,54.59634780883789,4483162
2023-11-23 00:00:00+01:00,TTE.PA,55.44376754760742,2706809
2023-11-24 00:00:00+01:00,TTE.PA,55.73505783081055,3073543
2023-11-27 00:00:00+01:00,TTE.PA,55.4879035949707,3354541
2023-11-28 00:00:00+01:00,TTE.PA,55.779197692871094,3167871
2023-11-29 00:00:00+01:00,TTE.PA,54.4462890625,3898942
2023-11-30 00:00:00+01:00,TTE.PA,54.95826721191406,12263058
2023-12-01 00:00:00+01:00,TTE.PA,55.04654312133789,2970446
2023-12-04 00:00:00+01:00,TTE.PA,54.1902961730957,4802465
2023-12-05 00:00:00+01:00,TTE.PA,54.17264938354492,4240825
2023-12-06 00:00:00+01:00,TTE.PA,53.537086486816406,4298435
2023-12-07 00:00:00+01:00,TTE.PA,53.55473709106445,3742989
2023-12-08 00:00:00+01:00,TTE.PA,54.64048767089844,3668041
2023-12-11 00:00:00+01:00,TTE.PA,54.7022819519043,3493872
2023-12-12 00:00:00+01:00,TTE.PA,54.11967849731445,4042135
2023-12-13 00:00:00+01:00,TTE.PA,54.163822174072266,5328497
2023-12-14 00:00:00+01:00,TTE.PA,54.20795440673828,5278495
2023-12-15 00:00:00+01:00,TTE.PA,54.402156829833984,11877782
2023-12-18 00:00:00+01:00,TTE.PA,55.037715911865234,3931620
2023-12-19 00:00:00+01:00,TTE.PA,54.71993637084961,3651206
2023-12-20 00:00:00+01:00,TTE.PA,54.86117172241211,3566464
2023-12-21 00:00:00+01:00,TTE.PA,54.728763580322266,2710158
2023-12-22 00:00:00+01:00,TTE.PA,54.99358367919922,2558139
2023-12-27 00:00:00+01:00,TTE.PA,55.143638610839844,2788341
2023-12-28 00:00:00+01:00,TTE.PA,54.20795440673828,3359184
2023-12-29 00:00:00+01:00,TTE.PA,54.37567138671875,2199645
2024-01-02 00:00:00+01:00,TTE.PA,55.385276794433594,4444831
2024-01-03 00:00:00+01:00,TTE.PA,55.16191482543945,3492054
2024-01-04 00:00:00+01:00,TTE.PA,55.82306671142578,3956219
2024-01-05 00:00:00+01:00,TTE.PA,55.8409309387207,2376845
2024-01-08 00:00:00+01:00,TTE.PA,54.098697662353516,3900649
2024-01-09 00:00:00+01:00,TTE.PA,53.714515686035156,3053098
2024-01-10 00:00:00+01:00,TTE.PA,53.40180206298828,2757095
2024-01-11 00:00:00+01:00,TTE.PA,53.1427001953125,4264632
2024-01-12 00:00:00+01:00,TTE.PA,53.73237991333008,3034026
2024-01-15 00:00:00+01:00,TTE.PA,53.553688049316406,2068080
2024-01-16 00:00:00+01:00,TTE.PA,53.232051849365234,3483825
2024-01-17 00:00:00+01:00,TTE.PA,52.05268478393555,4637885
2024-01-18 00:00:00+01:00,TTE.PA,52.27605056762695,3715641
2024-01-19 00:00:00+01:00,TTE.PA,52.070556640625,3426875
2024-01-22 00:00:00+01:00,TTE.PA,51.59702682495117,4019036
2024-01-23 00:00:00+01:00,TTE.PA,51.92760467529297,3795632
2024-01-24 00:00:00+01:00,TTE.PA,52.5887565612793,4325754
2024-01-25 00:00:00+01:00,TTE.PA,52.660240173339844,3108343
2024-01-26 00:00:00+01:00,TTE.PA,53.267784118652344,3519412
2024-01-29 00:00:00+01:00,TTE.PA,53.794921875,3413933
2024-01-30 00:00:00+01:00,TTE.PA,53.991485595703125,2824518
2024-01-31 00:00:00+01:00,TTE.PA,53.69663619995117,5020356
2024-02-01 00:00:00+01:00,TTE.PA,54.12550354003906,3477664
2024-02-02 00:00:00+01:00,TTE.PA,53.42860412597656,3260710
2024-02-05 00:00:00+01:00,TTE.PA,52.910404205322266,3591602
2024-02-06 00:00:00+01:00,TTE.PA,53.875335693359375,4251414
2024-02-07 00:00:00+01:00,TTE.PA,52.1688346862793,5782026
2024-02-08 00:00:00+01:00,TTE.PA,52.874664306640625,3394759
2024-02-09 00:00:00+01:00,TTE.PA,53.35713195800781,3136947
2024-02-12 00:00:00+01:00,TTE.PA,53.446475982666016,3055670
2024-02-13 00:00:00+01:00,TTE.PA,53.875335693359375,3140127
2024-02-14 00:00:00+01:00,TTE.PA,53.9825553894043,2957326
2024-02-15 00:00:00+01:00,TTE.PA,53.38393783569336,5495770
2024-02-16 00:00:00+01:00,TTE.PA,53.50901412963867,4848959
2024-02-19 00:00:00+01:00,TTE.PA,53.33032989501953,2312753
2024-02-20 00:00:00+01:00,TTE.PA,52.35646057128906,3442884
2024-02-21 00:00:00+01:00,TTE.PA,52.642372131347656,3222466
2024-02-22 00:00:00+01:00,TTE.PA,52.82999038696289,3543583
2024-02-23 00:00:00+01:00,TTE.PA,53.30352783203125,3264682
2024-02-26 00:00:00+01:00,TTE.PA,52.883602142333984,2855778
2024-02-27 00:00:00+01:00,TTE.PA,53.16056442260742,2365829
2024-02-28 00:00:00+01:00,TTE.PA,53.071231842041016,2786832
2024-02-29 00:00:00+01:00,TTE.PA,52.70491027832031,14240651
2024-03-01 00:00:00+01:00,TTE.PA,53.42860412597656,3010134
2024-03-04 00:00:00+01:00,TTE.PA,53.062294006347656,2741093
2024-03-05 00:00:00+01:00,TTE.PA,52.85679626464844,3098188
2024-03-06 00:00:00+01:00,TTE.PA,53.58942794799805,3491791
2024-03-07 00:00:00+01:00,TTE.PA,53.535823822021484,3151539
2024-03-08 00:00:00+01:00,TTE.PA,53.651973724365234,3278520
2024-03-11 00:00:00+01:00,TTE.PA,53.723445892333984,2712053
2024-03-12 00:00:00+01:00,TTE.PA,54.205909729003906,3505196
2024-03-13 00:00:00+01:00,TTE.PA,55.16191482543945,4217299
2024-03-14 00:00:00+01:00,TTE.PA,56.02855682373047,6905212
2024-03-15 00:00:00+01:00,TTE.PA,55.82306671142578,14595607
2024-03-18 00:00:00+01:00,TTE.PA,55.95708084106445,3014932
2024-03-19 00:00:00+01:00,TTE.PA,57.44915771484375,4728370
2024-03-20 00:00:00+01:00,TTE.PA,57.1237678527832,4243839
2024-03-21 00:00:00+01:00,TTE.PA,56.87068557739258,3750719
2024-03-22 00:00:00+01:00,TTE.PA,56.80741500854492,2400377
2024-03-25 00:00:00+01:00,TTE.PA,57.150882720947266,2815602
2024-03-26 00:00:00+01:00,TTE.PA,56.9249153137207,2681684
2024-03-27 00:00:00+01:00,TTE.PA,56.979148864746094,2687714
2024-03-28 00:00:00+01:00,TTE.PA,57.36781311035156,3452878
2024-04-02 00:00:00+02:00,TTE.PA,59.618404388427734,6167933
2024-04-03 00:00:00+02:00,TTE.PA,60.2511100769043,3604306
2024-04-04 00:00:00+02:00,TTE.PA,60.603614807128906,3487338
2024-04-05 00:00:00+02:00,TTE.PA,60.37765121459961,3537494
2024-04-08 00:00:00+02:00,TTE.PA,61.399009704589844,3533695
2024-04-09 00:00:00+02:00,TTE.PA,60.91996765136719,3013797
2024-04-10 00:00:00+02:00,TTE.PA,61.53459167480469,3069874
2024-04-11 00:00:00+02:00,TTE.PA,61.191123962402344,3406929
2024-04-12 00:00:00+02:00,TTE.PA,62.44748306274414,3391229
2024-04-15 00:00:00+02:00,TTE.PA,61.72439193725586,3609707
2024-04-16 00:00:00+02:00,TTE.PA,60.784385681152344,3252933
2024-04-17 00:00:00+02:00,TTE.PA,61.15497589111328,2967935
2024-04-18 00:00:00+02:00,TTE.PA,60.93804168701172,3721241
2024-04-19 00:00:00+02:00,TTE.PA,60.811500549316406,4151819
2024-04-22 00:00:00+02:00,TTE.PA,61.37189483642578,2603386
2024-04-23 00:00:00+02:00,TTE.PA,61.38093948364258,2651398
2024-04-24 00:00:00+02:00,TTE.PA,61.38093948364258,2559602
2024-04-25 00:00:00+02:00,TTE.PA,61.51651382446289,2708031
2024-04-26 00:00:00+02:00,TTE.PA,62.799983978271484,4902657
2024-04-29 00:00:00+02:00,TTE.PA,62.592098236083984,3282811
2024-04-30 00:00:00+02:00,TTE.PA,61.99555587768555,3628541
2024-05-02 00:00:00+02:00,TTE.PA,60.4228401184082,4081964
2024-05-03 00:00:00+02:00,TTE.PA,59.97996520996094,2803917
2024-05-06 00:00:00+02:00,TTE.PA,60.793418884277344,1730316
2024-05-07 00:00:00+02:00,TTE.PA,60.62168502807617,2163667
2024-05-08 00:00:00+02:00,TTE.PA,60.766319274902344,2516216
2024-05-09 00:00:00+02:00,TTE.PA,61.77862548828125,2421906
2024-05-10 00:00:00+02:00,TTE.PA,62.076904296875,3111904
2024-05-13 00:00:00+02:00,TTE.PA,62.140174865722656,1627993
2024-05-14 00:00:00+02:00,TTE.PA,61.75152587890625,1723131
2024-05-15 00:00:00+02:00,TTE.PA,60.98323440551758,2714425
2024-05-16 00:00:00+02:00,TTE.PA,60.07033920288086,3434553
2024-05-17 00:00:00+02:00,TTE.PA,60.51322555541992,3520169
2024-05-20 00:00:00+02:00,TTE.PA,60.55842590332031,2152355
2024-05-21 00:00:00+02:00,TTE.PA,60.01610565185547,2660592
2024-05-22 00:00:00+02:00,TTE.PA,58.904361724853516,3025648
2024-05-23 00:00:00+02:00,TTE.PA,59.38340759277344,2051948
2024-05-24 00:00:00+02:00,TTE.PA,59.64552688598633,2351491
2024-05-27 00:00:00+02:00,TTE.PA,60.01610565185547,1545713
2024-05-28 00:00:00+02:00,TTE.PA,59.78110885620117,1878177
2024-05-29 00:00:00+02:00,TTE.PA,59.320133209228516,3239603
2024-05-30 00:00:00+02:00,TTE.PA,59.03090286254883,3499796
2024-05-31 00:00:00+02:00,TTE.PA,60.56746292114258,9410554
2024-06-03 00:00:00+02:00,TTE.PA,59.582252502441406,2959073
2024-06-04 00:00:00+02:00,TTE.PA,58.14512252807617,4535748
2024-06-05 00:00:00+02:00,TTE.PA,58.49763107299805,2946877
2024-06-06 00:00:00+02:00,TTE.PA,58.723594665527344,2705044
2024-06-07 00:00:00+02:00,TTE.PA,58.69648361206055,3178823
2024-06-10 00:00:00+02:00,TTE.PA,58.940521240234375,3702340
2024-06-11 00:00:00+02:00,TTE.PA,57.93724060058594,3744259
2024-06-12 00:00:00+02:00,TTE.PA,57.79261779785156,3028206
2024-06-13 00:00:00+02:00,TTE.PA,56.3193359375,4992598
2024-06-14 00:00:00+02:00,TTE.PA,55.51490020751953,6707644
2024-06-17 00:00:00+02:00,TTE.PA,56.03913497924805,3550252
2024-06-18 00:00:00+02:00,TTE.PA,56.81645584106445,3657541
2024-06-19 00:00:00+02:00,TTE.PA,56.551002502441406,3879374
2024-06-20 00:00:00+02:00,TTE.PA,57.03614807128906,4946318
2024-06-21 00:00:00+02:00,TTE.PA,56.54185104370117,7655355
2024-06-24 00:00:00+02:00,TTE.PA,57.21921157836914,2740180
2024-06-25 00:00:00+02:00,TTE.PA,57.557899475097656,2926768
2024-06-26 00:00:00+02:00,TTE.PA,56.788997650146484,3708769
2024-06-27 00:00:00+02:00,TTE.PA,56.788997650146484,2275177
2024-06-28 00:00:00+02:00,TTE.PA,57.0544548034668,3842392
2024-07-01 00:00:00+02:00,TTE.PA,58.226112365722656,3968464
2024-07-02 00:00:00+02:00,TTE.PA,58.592262268066406,3568058
2024-07-03 00:00:00+02:00,TTE.PA,59.34284973144531,3733317
2024-07-04 00:00:00+02:00,TTE.PA,60.22159957885742,2692925
2024-07-05 00:00:00+02:00,TTE.PA,59.82799530029297,3001682
2024-07-08 00:00:00+02:00,TTE.PA,59.20554733276367,2731401
2024-07-09 00:00:00+02:00,TTE.PA,57.869117736816406,3564862
2024-07-10 00:00:00+02:00,TTE.PA,57.70436096191406,3029126
2024-07-11 00:00:00+02:00,TTE.PA,57.50297546386719,3134492
2024-07-12 00:00:00+02:00,TTE.PA,58.125423431396484,3135787
2024-07-15 00:00:00+02:00,TTE.PA,57.92403793334961,3073244
2024-07-16 00:00:00+02:00,TTE.PA,57.0269889831543,2557447
2024-07-17 00:00:00+02:00,TTE.PA,57.51212692260742,2858921
2024-07-18 00:00:00+02:00,TTE.PA,58.40003204345703,3422747
2024-07-19 00:00:00+02:00,TTE.PA,57.420589447021484,4161797
2024-07-22 00:00:00+02:00,TTE.PA,57.795894622802734,2462653
2024-07-23 00:00:00+02:00,TTE.PA,56.871376037597656,2672344
2024-07-24 00:00:00+02:00,TTE.PA,57.17344665527344,2478368
2024-07-25 00:00:00+02:00,TTE.PA,56.72492218017578,2587208
2024-07-26 00:00:00+02:00,TTE.PA,56.871376037597656,2587272
2024-07-29 00:00:00+02:00,TTE.PA,56.51438903808594,1951085
2024-07-30 00:00:00+02:00,TTE.PA,56.82561492919922,2382486
2024-07-31 00:00:00+02:00,TTE.PA,57.191749572753906,4072989
2024-08-01 00:00:00+02:00,TTE.PA,56.66999435424805,3223324
2024-08-02 00:00:00+02:00,TTE.PA,55.96516799926758,4188934
2024-08-05 00:00:00+02:00,TTE.PA,54.46397399902344,5144823
2024-08-06 00:00:00+02:00,TTE.PA,54.21683120727539,3930534
2024-08-07 00:00:00+02:00,TTE.PA,55.76378631591797,4208443
2024-08-08 00:00:00+02:00,TTE.PA,55.754634857177734,2571282
2024-08-09 00:00:00+02:00,TTE.PA,56.15739440917969,1895672
2024-08-12 00:00:00+02:00,TTE.PA,56.4960823059082,2429529
2024-08-13 00:00:00+02:00,TTE.PA,56.14824676513672,2281396
2024-08-14 00:00:00+02:00,TTE.PA,56.25808334350586,2127767
2024-08-15 00:00:00+02:00,TTE.PA,57.191749572753906,2235687
2024-08-16 00:00:00+02:00,TTE.PA,57.0544548034668,3093759
2024-08-19 00:00:00+02:00,TTE.PA,57.594512939453125,2036242
2024-08-20 00:00:00+02:00,TTE.PA,56.72492218017578,2187536
2024-08-21 00:00:00+02:00,TTE.PA,56.871376037597656,1811404
2024-08-22 00:00:00+02:00,TTE.PA,56.404541015625,2050324
2024-08-23 00:00:00+02:00,TTE.PA,56.898834228515625,2355294
2024-08-26 00:00:00+02:00,TTE.PA,57.53959274291992,2112563
2024-08-27 00:00:00+02:00,TTE.PA,57.411441802978516,1876471
2024-08-28 00:00:00+02:00,TTE.PA,57.12767791748047,2202823
2024-08-29 00:00:00+02:00,TTE.PA,57.402286529541016,2226817
2024-08-30 00:00:00+02:00,TTE.PA,56.92629623413086,4432349
2024-09-02 00:00:00+02:00,TTE.PA,57.191749572753906,1391271
2024-09-03 00:00:00+02:00,TTE.PA,55.388492584228516,3566724
2024-09-04 00:00:00+02:00,TTE.PA,55.077266693115234,3561212
2024-09-05 00:00:00+02:00,TTE.PA,55.43426513671875,3766255
2024-09-06 00:00:00+02:00,TTE.PA,54.79350280761719,4014800
2024-09-09 00:00:00+02:00,TTE.PA,55.8004035949707,3953410
2024-09-10 00:00:00+02:00,TTE.PA,54.80265808105469,3670909
2024-09-11 00:00:00+02:00,TTE.PA,55.095577239990234,3497158
2024-09-12 00:00:00+02:00,TTE.PA,55.754634857177734,3350991
2024-09-13 00:00:00+02:00,TTE.PA,55.90109634399414,2596972
2024-09-16 00:00:00+02:00,TTE.PA,56.03839874267578,2240585
2024-09-17 00:00:00+02:00,TTE.PA,56.20317077636719,3261846
2024-09-18 00:00:00+02:00,TTE.PA,56.04755401611328,2815423
2024-09-19 00:00:00+02:00,TTE.PA,57.34736633300781,3887980
2024-09-20 00:00:00+02:00,TTE.PA,56.743228912353516,7466641
2024-09-23 00:00:00+02:00,TTE.PA,56.86222457885742,3232740
2024-09-24 00:00:00+02:00,TTE.PA,57.393131256103516,3726537
2024-09-25 00:00:00+02:00,TTE.PA,56.28068161010742,5128839
2024-09-26 00:00:00+02:00,TTE.PA,54.97355651855469,7503258
2024-09-27 00:00:00+02:00,TTE.PA,54.834503173828125,4691916
2024-09-30 00:00:00+02:00,TTE.PA,54.23192596435547,5762846
2024-10-01 00:00:00+02:00,TTE.PA,54.982826232910156,4963687
2024-10-02 00:00:00+02:00,TTE.PA,56.215789794921875,5178446
2024-10-03 00:00:00+02:00,TTE.PA,57.031585693359375,3953389
2024-10-04 00:00:00+02:00,TTE.PA,58.07914352416992,4538190
2024-10-07 00:00:00+02:00,TTE.PA,58.663177490234375,3710863
2024-10-08 00:00:00+02:00,TTE.PA,57.55073165893555,3138382
2024-10-09 00:00:00+02:00,TTE.PA,57.45802688598633,2584475
2024-10-10 00:00:00+02:00,TTE.PA,57.85665512084961,3050825
2024-10-11 00:00:00+02:00,TTE.PA,57.819576263427734,2518382
2024-10-14 00:00:00+02:00,TTE.PA,57.930816650390625,2279185
2024-10-15 00:00:00+02:00,TTE.PA,55.149696350097656,7458044
2024-10-16 00:00:00+02:00,TTE.PA,55.075531005859375,4297202
2024-10-17 00:00:00+02:00,TTE.PA,55.41853713989258,3102289
2024-10-18 00:00:00+02:00,TTE.PA,55.30729293823242,3161920
2024-10-21 00:00:00+02:00,TTE.PA,55.566864013671875,2818310
2024-10-22 00:00:00+02:00,TTE.PA,55.854248046875,2594467
2024-10-23 00:00:00+02:00,TTE.PA,55.631752014160156,2983862
2024-10-24 00:00:00+02:00,TTE.PA,55.696651458740234,2676298
2024-10-25 00:00:00+02:00,TTE.PA,55.87278747558594,2461132
2024-10-28 00:00:00+01:00,TTE.PA,55.37218475341797,3820320
2024-10-29 00:00:00+01:00,TTE.PA,55.06626510620117,3257456
2024-10-30 00:00:00+01:00,TTE.PA,54.82522964477539,3561327
2024-10-31 00:00:00+01:00,TTE.PA,53.212181091308594,6129258
2024-11-01 00:00:00+01:00,TTE.PA,53.675697326660156,3746239
2024-11-04 00:00:00+01:00,TTE.PA,53.842567443847656,2756060
2024-11-05 00:00:00+01:00,TTE.PA,54.03724670410156,2835429
2024-11-06 00:00:00+01:00,TTE.PA,53.369773864746094,5487030
2024-11-07 00:00:00+01:00,TTE.PA,53.527374267578125,3786884
2024-11-08 00:00:00+01:00,TTE.PA,52.69303512573242,3327420
2024-11-11 00:00:00+01:00,TTE.PA,52.989688873291016,3669304
2024-11-12 00:00:00+01:00,TTE.PA,51.65475082397461,5104044
2024-11-13 00:00:00+01:00,TTE.PA,51.7659912109375,4171178
2024-11-14 00:00:00+01:00,TTE.PA,52.98041915893555,4959955
2024-11-15 00:00:00+01:00,TTE.PA,53.314151763916016,3875740
2024-11-18 00:00:00+01:00,TTE.PA,53.861106872558594,2868832
2024-11-19 00:00:00+01:00,TTE.PA,53.277069091796875,3912361
2024-11-20 00:00:00+01:00,TTE.PA,53.184364318847656,3083203
2024-11-21 00:00:00+01:00,TTE.PA,53.00823211669922,3143357
2024-11-22 00:00:00+01:00,TTE.PA,52.92479705810547,4700961
2024-11-25 00:00:00+01:00,TTE.PA,51.80307388305664,7524531
2024-11-26 00:00:00+01:00,TTE.PA,50.92238235473633,4757200
2024-11-27 00:00:00+01:00,TTE.PA,50.15293884277344,5264130
2024-11-28 00:00:00+01:00,TTE.PA,50.26418685913086,3278989
2024-11-29 00:00:00+01:00,TTE.PA,50.959468841552734,4550048
2024-12-02 00:00:00+01:00,TTE.PA,49.87482833862305,6001028
2024-12-03 00:00:00+01:00,TTE.PA,50.190025329589844,5489271
2024-12-04 00:00:00+01:00,TTE.PA,50.004615783691406,5472383
2024-12-05 00:00:00+01:00,TTE.PA,50.11585998535156,5524197
2024-12-06 00:00:00+01:00,TTE.PA,50.27345657348633,4636178
2024-12-09 00:00:00+01:00,TTE.PA,50.950191497802734,4923269
2024-12-10 00:00:00+01:00,TTE.PA,50.384700775146484,5329581
2024-12-11 00:00:00+01:00,TTE.PA,49.57817459106445,5966852
2024-12-12 00:00:00+01:00,TTE.PA,49.476200103759766,4771486
2024-12-13 00:00:00+01:00,TTE.PA,49.46692657470703,4275545
2024-12-16 00:00:00+01:00,TTE.PA,48.474998474121094,4393180
2024-12-17 00:00:00+01:00,TTE.PA,47.90950012207031,5796575
2024-12-18 00:00:00+01:00,TTE.PA,48.39156723022461,3934904
2024-12-19 00:00:00+01:00,TTE.PA,48.14126205444336,4861317
2024-12-20 00:00:00+01:00,TTE.PA,48.10417938232422,10645228
2024-12-23 00:00:00+01:00,TTE.PA,48.06709671020508,2821732
2024-12-24 00:00:00+01:00,TTE.PA,48.215423583984375,1155606
2024-12-27 00:00:00+01:00,TTE.PA,48.90143585205078,3494132
2024-12-30 00:00:00+01:00,TTE.PA,48.76237869262695,3167621
2024-12-31 00:00:00+01:00,TTE.PA,49.476200103759766,1503880
2025-01-02 00:00:00+01:00,TTE.PA,50.55831527709961,6288594
2025-01-03 00:00:00+01:00,TTE.PA,50.8123779296875,4877132
2025-01-06 00:00:00+01:00,TTE.PA,51.480464935302734,4552062
2025-01-07 00:00:00+01:00,TTE.PA,51.734535217285156,4406295
2025-01-08 00:00:00+01:00,TTE.PA,51.90390396118164,4796977
2025-01-09 00:00:00+01:00,TTE.PA,52.035640716552734,3575310
2025-01-10 00:00:00+01:00,TTE.PA,51.988590240478516,4931665
2025-01-13 00:00:00+01:00,TTE.PA,52.61903762817383,4471330
2025-01-14 00:00:00+01:00,TTE.PA,52.317928314208984,5038034
2025-01-15 00:00:00+01:00,TTE.PA,52.62845230102539,4714753
2025-01-16 00:00:00+01:00,TTE.PA,53.992862701416016,6022095
2025-01-17 00:00:00+01:00,TTE.PA,54.077545166015625,4681747
2025-01-20 00:00:00+01:00,TTE.PA,53.795249938964844,4421125
2025-01-21 00:00:00+01:00,TTE.PA,53.29653549194336,4499639
2025-01-22 00:00:00+01:00,TTE.PA,53.05188751220703,4169038
2025-01-23 00:00:00+01:00,TTE.PA,52.826053619384766,4851048
2025-01-24 00:00:00+01:00,TTE.PA,52.54376220703125,4072554
2025-01-27 00:00:00+01:00,TTE.PA,52.402618408203125,3811864
2025-01-28 00:00:00+01:00,TTE.PA,52.45907974243164,3775780
2025-01-29 00:00:00+01:00,TTE.PA,52.50612258911133,2946664
2025-01-30 00:00:00+01:00,TTE.PA,52.844871520996094,4054355
2025-01-31 00:00:00+01:00,TTE.PA,53.06129455566406,4448469
2025-02-03 00:00:00+01:00,TTE.PA,52.66608810424805,4565308
2025-02-04 00:00:00+01:00,TTE.PA,53.65410614013672,4545553
2025-02-05 00:00:00+01:00,TTE.PA,54.585662841796875,5145777
2025-02-06 00:00:00+01:00,TTE.PA,55.15025329589844,4750864
2025-02-07 00:00:00+01:00,TTE.PA,55.40431213378906,4803937
2025-02-10 00:00:00+01:00,TTE.PA,55.15966033935547,4168493
2025-02-11 00:00:00+01:00,TTE.PA,55.385494232177734,3804296
2025-02-12 00:00:00+01:00,TTE.PA,55.52663803100586,3782038
2025-02-13 00:00:00+01:00,TTE.PA,55.23493576049805,4142505
2025-02-14 00:00:00+01:00,TTE.PA,55.40431213378906,3926350
2025-02-17 00:00:00+01:00,TTE.PA,55.423133850097656,2662355
2025-02-18 00:00:00+01:00,TTE.PA,55.60192108154297,3061602
2025-02-19 00:00:00+01:00,TTE.PA,55.244346618652344,3466323
2025-02-20 00:00:00+01:00,TTE.PA,55.34785842895508,2993205
2025-02-21 00:00:00+01:00,TTE.PA,54.68917465209961,4480408
2025-02-24 00:00:00+01:00,TTE.PA,54.63271713256836,2904700
2025-02-25 00:00:00+01:00,TTE.PA,54.077545166015625,3473175
2025-02-26 00:00:00+01:00,TTE.PA,54.35042190551758,3469035
2025-02-27 00:00:00+01:00,TTE.PA,54.406883239746094,3844717
2025-02-28 00:00:00+01:00,TTE.PA,54.36924743652344,6472552
2025-03-03 00:00:00+01:00,TTE.PA,54.73622131347656,3206565
2025-03-04 00:00:00+01:00,TTE.PA,53.268314361572266,7332156
2025-03-05 00:00:00+01:00,TTE.PA,52.67550277709961,5831588
2025-03-06 00:00:00+01:00,TTE.PA,52.99542999267578,5408114
2025-03-07 00:00:00+01:00,TTE.PA,53.20244216918945,6832954
2025-03-10 00:00:00+01:00,TTE.PA,53.070709228515625,5361468
2025-03-11 00:00:00+01:00,TTE.PA,52.826053619384766,4724772
2025-03-12 00:00:00+01:00,TTE.PA,53.287132263183594,5648629
2025-03-13 00:00:00+01:00,TTE.PA,53.804664611816406,5562103
2025-03-14 00:00:00+01:00,TTE.PA,54.09636306762695,3788100
2025-03-17 00:00:00+01:00,TTE.PA,54.1528205871582,4137397
2025-03-18 00:00:00+01:00,TTE.PA,54.54802703857422,4678640
2025-03-19 00:00:00+01:00,TTE.PA,55.338443756103516,4159915
2025-03-20 00:00:00+01:00,TTE.PA,55.394901275634766,3319135
2025-03-21 00:00:00+01:00,TTE.PA,54.9526481628418,10312983
2025-03-24 00:00:00+01:00,TTE.PA,54.53861618041992,3577038
2025-03-25 00:00:00+01:00,TTE.PA,55.8465690612793,5166166
2025-03-26 00:00:00+01:00,TTE.PA,57.61084747314453,7882062
2025-03-27 00:00:00+01:00,TTE.PA,57.70621109008789,4286074
2025-03-28 00:00:00+01:00,TTE.PA,56.46644973754883,4696673
2025-03-31 00:00:00+02:00,TTE.PA,56.895599365234375,4734263
2025-04-01 00:00:00+02:00,TTE.PA,56.73347473144531,3320588
2025-04-02 00:00:00+02:00,TTE.PA,56.65718078613281,3964508
2025-04-03 00:00:00+02:00,TTE.PA,53.97738265991211,6885046
2025-04-04 00:00:00+02:00,TTE.PA,50.6109504699707,9359935
2025-04-07 00:00:00+02:00,TTE.PA,47.95977020263672,13422270
2025-04-08 00:00:00+02:00,TTE.PA,48.11235427856445,6945912
2025-04-09 00:00:00+02:00,TTE.PA,46.01905822753906,7591739
2025-04-10 00:00:00+02:00,TTE.PA,47.220672607421875,8806140
2025-04-11 00:00:00+02:00,TTE.PA,46.41006088256836,6233814
2025-04-14 00:00:00+02:00,TTE.PA,47.893009185791016,3896286
2025-04-15 00:00:00+02:00,TTE.PA,48.26493835449219,4388121
2025-04-16 00:00:00+02:00,TTE.PA,49.28535842895508,4245563
2025-04-17 00:00:00+02:00,TTE.PA,49.25674819946289,4393408
2025-04-22 00:00:00+02:00,TTE.PA,49.466556549072266,3370008
2025-04-23 00:00:00+02:00,TTE.PA,49.580997467041016,5575627
2025-04-24 00:00:00+02:00,TTE.PA,49.73358154296875,4292524
2025-04-25 00:00:00+02:00,TTE.PA,50.315311431884766,3833980
2025-04-28 00:00:00+02:00,TTE.PA,50.467899322509766,3514494
2025-04-29 00:00:00+02:00,TTE.PA,49.924312591552734,4380916
2025-04-30 00:00:00+02:00,TTE.PA,48.789451599121094,8343588
2025-05-02 00:00:00+02:00,TTE.PA,48.503353118896484,6583901
2025-05-05 00:00:00+02:00,TTE.PA,48.16957092285156,4154663
2025-05-06 00:00:00+02:00,TTE.PA,48.694087982177734,4755325
2025-05-07 00:00:00+02:00,TTE.PA,48.3984489440918,4937583
2025-05-08 00:00:00+02:00,TTE.PA,48.68455123901367,4386078
2025-05-09 00:00:00+02:00,TTE.PA,49.485626220703125,4726746
2025-05-12 00:00:00+02:00,TTE.PA,50.6109504699707,5383409
2025-05-13 00:00:00+02:00,TTE.PA,50.93519592285156,3365576
2025-05-14 00:00:00+02:00,TTE.PA,50.64909744262695,3576861
2025-05-15 00:00:00+02:00,TTE.PA,50.41067886352539,4318680
2025-05-16 00:00:00+02:00,TTE.PA,50.76353454589844,4087450
2025-05-19 00:00:00+02:00,TTE.PA,50.42975997924805,2938432
2025-05-20 00:00:00+02:00,TTE.PA,50.55373001098633,3317478
2025-05-21 00:00:00+02:00,TTE.PA,49.89570236206055,3883869
2025-05-22 00:00:00+02:00,TTE.PA,49.11369705200195,4031046
2025-05-23 00:00:00+02:00,TTE.PA,48.60825729370117,4329478
2025-05-26 00:00:00+02:00,TTE.PA,49.3807258605957,3231032
2025-05-27 00:00:00+02:00,TTE.PA,49.1518440246582,3545596
2025-05-28 00:00:00+02:00,TTE.PA,49.24720764160156,3519018
2025-05-29 00:00:00+02:00,TTE.PA,49.027870178222656,2314490
2025-05-30 00:00:00+02:00,TTE.PA,49.26628875732422,17461578
2025-06-02 00:00:00+02:00,TTE.PA,50.2390251159668,4504120
2025-06-03 00:00:00+02:00,TTE.PA,50.57280349731445,3476848
2025-06-04 00:00:00+02:00,TTE.PA,49.848018646240234,3574716
2025-06-05 00:00:00+02:00,TTE.PA,49.466556549072266,3172308
2025-06-06 00:00:00+02:00,TTE.PA,49.87662887573242,2356812
2025-06-09 00:00:00+02:00,TTE.PA,49.905242919921875,2556650
2025-06-10 00:00:00+02:00,TTE.PA,51.10685348510742,5402233
2025-06-11 00:00:00+02:00,TTE.PA,51.06870651245117,4730057
2025-06-12 00:00:00+02:00,TTE.PA,52.20357131958008,6791951
2025-06-13 00:00:00+02:00,TTE.PA,52.26078796386719,10239492
2025-06-16 00:00:00+02:00,TTE.PA,51.9937629699707,6090167
2025-06-17 00:00:00+02:00,TTE.PA,52.93789291381836,5775155
2025-06-18 00:00:00+02:00,TTE.PA,52.07005310058594,6146912
2025-06-19 00:00:00+02:00,TTE.PA,53.18411636352539,6466886
2025-06-20 00:00:00+02:00,TTE.PA,52.95161819458008,14571926
2025-06-23 00:00:00+02:00,TTE.PA,52.583492279052734,4563167
2025-06-24 00:00:00+02:00,TTE.PA,50.859127044677734,8458818
2025-06-25 00:00:00+02:00,TTE.PA,50.64600372314453,3754776
2025-06-26 00:00:00+02:00,TTE.PA,50.868812561035156,3882582
2025-06-27 00:00:00+02:00,TTE.PA,50.878501892089844,3582802
2025-06-30 00:00:00+02:00,TTE.PA,50.47162628173828,4457375
2025-07-01 00:00:00+02:00,TTE.PA,50.71381378173828,2969537
2025-07-02 00:00:00+02:00,TTE.PA,51.71162414550781,3997576
2025-07-03 00:00:00+02:00,TTE.PA,51.70193099975586,3065613
2025-07-04 00:00:00+02:00,TTE.PA,51.31443786621094,2363900
2025-07-07 00:00:00+02:00,TTE.PA,50.17131805419922,4406998
2025-07-08 00:00:00+02:00,TTE.PA,51.188499450683594,3873274
2025-07-09 00:00:00+02:00,TTE.PA,51.61474609375,4035056
2025-07-10 00:00:00+02:00,TTE.PA,51.82787322998047,3360898
2025-07-11 00:00:00+02:00,TTE.PA,52.18630599975586,3334788
2025-07-14 00:00:00+02:00,TTE.PA,51.672874450683594,2467590
2025-07-15 00:00:00+02:00,TTE.PA,51.80849838256836,2302808
2025-07-16 00:00:00+02:00,TTE.PA,51.430686950683594,2878525
2025-07-17 00:00:00+02:00,TTE.PA,51.31443786621094,3621272
2025-07-18 00:00:00+02:00,TTE.PA,51.48881530761719,3594761
2025-07-21 00:00:00+02:00,TTE.PA,51.2078742980957,2781588
2025-07-22 00:00:00+02:00,TTE.PA,51.149749755859375,2441474
2025-07-23 00:00:00+02:00,TTE.PA,51.672874450683594,4434714
2025-07-24 00:00:00+02:00,TTE.PA,49.851627349853516,5701735
2025-07-25 00:00:00+02:00,TTE.PA,49.7256965637207,4116009
2025-07-28 00:00:00+02:00,TTE.PA,50.76225662231445,4044560
2025-07-29 00:00:00+02:00,TTE.PA,50.888187408447266,3576245
2025-07-30 00:00:00+02:00,TTE.PA,50.65568923950195,3258071
2025-07-31 00:00:00+02:00,TTE.PA,50.39413070678711,4546124
2025-08-01 00:00:00+02:00,TTE.PA,49.473819732666016,4359603
2025-08-04 00:00:00+02:00,TTE.PA,49.96788024902344,2993060
2025-08-05 00:00:00+02:00,TTE.PA,50.27788162231445,2507962
2025-08-06 00:00:00+02:00,TTE.PA,50.859127044677734,3229791
2025-08-07 00:00:00+02:00,TTE.PA,50.74287796020508,2810586
2025-08-08 00:00:00+02:00,TTE.PA,51.06256103515625,2301326
2025-08-11 00:00:00+02:00,TTE.PA,50.878501892089844,1885987
2025-08-12 00:00:00+02:00,TTE.PA,51.50818634033203,2524508
2025-08-13 00:00:00+02:00,TTE.PA,50.868812561035156,3252771
2025-08-14 00:00:00+02:00,TTE.PA,50.926937103271484,2162935
2025-08-15 00:00:00+02:00,TTE.PA,51.79880905151367,3709596
2025-08-18 00:00:00+02:00,TTE.PA,51.36287307739258,2030534
2025-08-19 00:00:00+02:00,TTE.PA,52.02162170410156,2946760
2025-08-20 00:00:00+02:00,TTE.PA,52.321929931640625,2432351
2025-08-21 00:00:00+02:00,TTE.PA,52.59318161010742,2104724
2025-08-22 00:00:00+02:00,TTE.PA,52.92255783081055,2617485
2025-08-25 00:00:00+02:00,TTE.PA,52.409114837646484,2264731
2025-08-26 00:00:00+02:00,TTE.PA,51.25631332397461,6262843
2025-08-27 00:00:00+02:00,TTE.PA,51.54693603515625,2355276
2025-08-28 00:00:00+02:00,TTE.PA,51.440372467041016,2193808
2025-08-29 00:00:00+02:00,TTE.PA,51.82787322998047,3263097
2025-09-01 00:00:00+02:00,TTE.PA,51.77943420410156,1618937
2025-09-02 00:00:00+02:00,TTE.PA,51.85693359375,3551326
2025-09-03 00:00:00+02:00,TTE.PA,51.13037109375,3063798
2025-09-04 00:00:00+02:00,TTE.PA,51.11099624633789,2533682
2025-09-05 00:00:00+02:00,TTE.PA,50.20037841796875,3882794
2025-09-08 00:00:00+02:00,TTE.PA,50.27788162231445,2910961
2025-09-09 00:00:00+02:00,TTE.PA,51.09162521362305,2798826
2025-09-10 00:00:00+02:00,TTE.PA,51.11099624633789,2560324
2025-09-11 00:00:00+02:00,TTE.PA,50.55881118774414,3667638
2025-09-12 00:00:00+02:00,TTE.PA,50.49100112915039,3996517
2025-09-15 00:00:00+02:00,TTE.PA,50.93663024902344,2842816
2025-09-16 00:00:00+02:00,TTE.PA,50.79131317138672,2904306
2025-09-17 00:00:00+02:00,TTE.PA,50.11319351196289,3757838
2025-09-18 00:00:00+02:00,TTE.PA,50.403812408447266,4429620
2025-09-19 00:00:00+02:00,TTE.PA,49.958194732666016,17761511
2025-09-22 00:00:00+02:00,TTE.PA,50.11319351196289,3332215
2025-09-23 00:00:00+02:00,TTE.PA,50.7525634765625,4933219
2025-09-24 00:00:00+02:00,TTE.PA,51.82787322998047,5735122
2025-09-25 00:00:00+02:00,TTE.PA,51.71162414550781,3700019
2025-09-26 00:00:00+02:00,TTE.PA,52.5544319152832,4245988
2025-09-29 00:00:00+02:00,TTE.PA,51.391937255859375,4418379
2025-09-30 00:00:00+02:00,TTE.PA,50.11319351196289,8795075
2025-10-01 00:00:00+02:00,TTE.PA,50.81249237060547,5920830
2025-10-02 00:00:00+02:00,TTE.PA,50.21168518066406,4242828
2025-10-03 00:00:00+02:00,TTE.PA,50.29048156738281,3853876
2025-10-06 00:00:00+02:00,TTE.PA,50.536712646484375,4282715
2025-10-07 00:00:00+02:00,TTE.PA,50.10334014892578,3259107
2025-10-08 00:00:00+02:00,TTE.PA,50.34957504272461,3066054
2025-10-09 00:00:00+02:00,TTE.PA,50.3692741394043,2379680
2025-10-10 00:00:00+02:00,TTE.PA,49.24645233154297,5389547
2025-10-13 00:00:00+02:00,TTE.PA,49.09379196166992,3208451
2025-10-14 00:00:00+02:00,TTE.PA,49.4926872253418,5385939
2025-10-15 00:00:00+02:00,TTE.PA,51.32465362548828,7152342
2025-10-16 00:00:00+02:00,TTE.PA,51.7777214050293,4124330
2025-10-17 00:00:00+02:00,TTE.PA,51.915611267089844,3278618
2025-10-20 00:00:00+02:00,TTE.PA,51.708778381347656,2777249
2025-10-21 00:00:00+02:00,TTE.PA,51.85651779174805,2611141
2025-10-22 00:00:00+02:00,TTE.PA,52.23078918457031,4183059
2025-10-23 00:00:00+02:00,TTE.PA,53.28466033935547,4518429
2025-10-24 00:00:00+02:00,TTE.PA,53.09752655029297,2599111
2025-10-27 00:00:00+01:00,TTE.PA,52.95963668823242,2337239
2025-10-28 00:00:00+01:00,TTE.PA,52.674007415771484,2705823
2025-10-29 00:00:00+01:00,TTE.PA,53.324058532714844,3320304
2025-10-30 00:00:00+01:00,TTE.PA,52.83159637451172,4472925
2025-10-31 00:00:00+01:00,TTE.PA,53.136924743652344,3199896
2025-11-03 00:00:00+01:00,TTE.PA,52.97933578491211,2656832
2025-11-04 00:00:00+01:00,TTE.PA,52.792198181152344,3153172
2025-11-05 00:00:00+01:00,TTE.PA,52.870994567871094,2177639
2025-11-06 00:00:00+01:00,TTE.PA,52.437625885009766,3364968
2025-11-07 00:00:00+01:00,TTE.PA,52.77250289916992,2738302
2025-11-10 00:00:00+01:00,TTE.PA,53.22556686401367,2783208
2025-11-11 00:00:00+01:00,TTE.PA,54.50597381591797,4113692
2025-11-12 00:00:00+01:00,TTE.PA,54.46657943725586,3829106
2025-11-13 00:00:00+01:00,TTE.PA,55.343162536621094,3641626
2025-11-14 00:00:00+01:00,TTE.PA,55.38256072998047,3110005
2025-11-17 00:00:00+01:00,TTE.PA,55.67803955078125,2660776
2025-11-18 00:00:00+01:00,TTE.PA,54.63401794433594,4508769
2025-11-19 00:00:00+01:00,TTE.PA,54.56507110595703,3525280
2025-11-20 00:00:00+01:00,TTE.PA,54.83100128173828,3031513
2025-11-21 00:00:00+01:00,TTE.PA,55.12648391723633,4848056
2025-11-24 00:00:00+01:00,TTE.PA,55.04768753051758,10538741
2025-11-25 00:00:00+01:00,TTE.PA,55.323463439941406,3513354
2025-11-26 00:00:00+01:00,TTE.PA,55.80608367919922,3913265
2025-11-27 00:00:00+01:00,TTE.PA,55.599246978759766,1647962
2025-11-28 00:00:00+01:00,TTE.PA,55.9439697265625,2599849
2025-12-01 00:00:00+01:00,TTE.PA,55.85532760620117,3186062
2025-12-02 00:00:00+01:00,TTE.PA,55.66819381713867,2772257
2025-12-03 00:00:00+01:00,TTE.PA,56.180355072021484,2853097
2025-12-04 00:00:00+01:00,TTE.PA,56.31824493408203,2557628
2025-12-05 00:00:00+01:00,TTE.PA,55.55000305175781,4175466
2025-12-08 00:00:00+01:00,TTE.PA,55.47120666503906,2753136
2025-12-09 00:00:00+01:00,TTE.PA,55.65834045410156,2959715
2025-12-10 00:00:00+01:00,TTE.PA,54.97874069213867,2778257
2025-12-11 00:00:00+01:00,TTE.PA,54.99843978881836,3562616
2025-12-12 00:00:00+01:00,TTE.PA,54.7522087097168,2342352
2025-12-15 00:00:00+01:00,TTE.PA,54.6635627746582,3304275
2025-12-16 00:00:00+01:00,TTE.PA,53.67863464355469,5775006
2025-12-17 00:00:00+01:00,TTE.PA,54.29914093017578,3781046
2025-12-18 00:00:00+01:00,TTE.PA,54.59461975097656,3789712
2025-12-19 00:00:00+01:00,TTE.PA,54.968894958496094,10669572
2025-12-22 00:00:00+01:00,TTE.PA,55.09693145751953,1933400
2025-12-23 00:00:00+01:00,TTE.PA,55.0082893371582,1998720
2025-12-24 00:00:00+01:00,TTE.PA,54.771907806396484,684693
2025-12-29 00:00:00+01:00,TTE.PA,55.10678482055664,2645466
2025-12-30 00:00:00+01:00,TTE.PA,55.55000305175781,2688377
2025-12-31 00:00:00+01:00,TTE.PA,55.59000015258789,1609862
2026-01-02 00:00:00+01:00,TTE.PA,56.099998474121094,3898374
2026-01-05 00:00:00+01:00,TTE.PA,55.790000915527344,4648179
2026-01-06 00:00:00+01:00,TTE.PA,55.040000915527344,4097070
2026-01-07 00:00:00+01:00,TTE.PA,53.5099983215332,5619263
2026-01-08 00:00:00+01:00,TTE.PA,53.380001068115234,3634212
2026-01-09 00:00:00+01:00,TTE.PA,55.119998931884766,3983293
2026-01-12 00:00:00+01:00,TTE.PA,55.310001373291016,2777068
2026-01-13 00:00:00+01:00,TTE.PA,56.529998779296875,4177915
2026-01-14 00:00:00+01:00,TTE.PA,57.060001373291016,4375522
2026-01-15 00:00:00+01:00,TTE.PA,56.7400016784668,3472942
2026-01-16 00:00:00+01:00,TTE.PA,56.79999923706055,3614175
2026-01-19 00:00:00+01:00,TTE.PA,56.11000061035156,2222450
2026-01-20 00:00:00+01:00,TTE.PA,56.900001525878906,4304578
2026-01-21 00:00:00+01:00,TTE.PA,57.75,3770129
2026-01-22 00:00:00+01:00,TTE.PA,57.2400016784668,3269297
2026-01-23 00:00:00+01:00,TTE.PA,57.97999954223633,3080049
2026-01-26 00:00:00+01:00,TTE.PA,58.900001525878906,3710635
2026-01-27 00:00:00+01:00,TTE.PA,59.34000015258789,4431852
2026-01-28 00:00:00+01:00,TTE.PA,60.0,4015183
2026-01-29 00:00:00+01:00,TTE.PA,60.81999969482422,5886408
2026-01-30 00:00:00+01:00,TTE.PA,61.150001525878906,4589400
2026-02-02 00:00:00+01:00,TTE.PA,60.630001068115234,3333629
2026-02-03 00:00:00+01:00,TTE.PA,61.47999954223633,3270242
2026-02-04 00:00:00+01:00,TTE.PA,62.560001373291016,5264970
2026-02-05 00:00:00+01:00,TTE.PA,61.95000076293945,3374718
2026-02-06 00:00:00+01:00,TTE.PA,62.58000183105469,3694490
2026-02-09 00:00:00+01:00,TTE.PA,62.630001068115234,2884467
2026-02-10 00:00:00+01:00,TTE.PA,62.5099983215332,2708110
2026-02-11 00:00:00+01:00,TTE.PA,64.22000122070312,5081804
2026-02-12 00:00:00+01:00,TTE.PA,64.30000305175781,5220132
2026-02-13 00:00:00+01:00,TTE.PA,64.37999725341797,3692769
2021-02-15 00:00:00+01:00,CS.PA,14.527551651000977,6081047
2021-02-16 00:00:00+01:00,CS.PA,14.50082778930664,4273087
2021-02-17 00:00:00+01:00,CS.PA,14.62702465057373,5615514
2021-02-18 00:00:00+01:00,CS.PA,14.431047439575195,5406063
2021-02-19 00:00:00+01:00,CS.PA,14.739859580993652,8076645
2021-02-22 00:00:00+01:00,CS.PA,14.794793128967285,4616648
2021-02-23 00:00:00+01:00,CS.PA,14.909852027893066,4741111
2021-02-24 00:00:00+01:00,CS.PA,15.073168754577637,5609834
2021-02-25 00:00:00+01:00,CS.PA,15.700443267822266,11947088
2021-02-26 00:00:00+01:00,CS.PA,15.440625190734863,9456920
2021-03-01 00:00:00+01:00,CS.PA,15.815505981445312,7013998
2021-03-02 00:00:00+01:00,CS.PA,16.02707290649414,5961256
2021-03-03 00:00:00+01:00,CS.PA,16.401952743530273,7473721
2021-03-04 00:00:00+01:00,CS.PA,16.331430435180664,6848995
2021-03-05 00:00:00+01:00,CS.PA,16.331430435180664,6732319
2021-03-08 00:00:00+01:00,CS.PA,16.750850677490234,8793674
2021-03-09 00:00:00+01:00,CS.PA,16.88447380065918,6865806
2021-03-10 00:00:00+01:00,CS.PA,16.891895294189453,5538806
2021-03-11 00:00:00+01:00,CS.PA,16.854780197143555,5147573
2021-03-12 00:00:00+01:00,CS.PA,17.025516510009766,4351211
2021-03-15 00:00:00+01:00,CS.PA,16.891895294189453,4739235
2021-03-16 00:00:00+01:00,CS.PA,16.784257888793945,4066265
2021-03-17 00:00:00+01:00,CS.PA,16.661771774291992,4519361
2021-03-18 00:00:00+01:00,CS.PA,16.89560890197754,5792283
2021-03-19 00:00:00+01:00,CS.PA,16.954994201660156,13890530
2021-03-22 00:00:00+01:00,CS.PA,16.68404197692871,5202987
2021-03-23 00:00:00+01:00,CS.PA,16.654348373413086,4186459
2021-03-24 00:00:00+01:00,CS.PA,16.713733673095703,5643649
2021-03-25 00:00:00+01:00,CS.PA,16.702600479125977,4231656
2021-03-26 00:00:00+01:00,CS.PA,16.724872589111328,4561533
2021-03-29 00:00:00+02:00,CS.PA,16.817663192749023,4576487
2021-03-30 00:00:00+02:00,CS.PA,17.18511962890625,6837589
2021-03-31 00:00:00+02:00,CS.PA,16.988399505615234,6871119
2021-04-01 00:00:00+02:00,CS.PA,17.07748031616211,3903477
2021-04-06 00:00:00+02:00,CS.PA,17.2259464263916,4969182
2021-04-07 00:00:00+02:00,CS.PA,17.40039825439453,4783652
2021-04-08 00:00:00+02:00,CS.PA,17.40039825439453,3776179
2021-04-09 00:00:00+02:00,CS.PA,17.444936752319336,4200158
2021-04-12 00:00:00+02:00,CS.PA,17.57855796813965,5557337
2021-04-13 00:00:00+02:00,CS.PA,17.597116470336914,5257747
2021-04-14 00:00:00+02:00,CS.PA,17.52659797668457,5017518
2021-04-15 00:00:00+02:00,CS.PA,17.378128051757812,5208209
2021-04-16 00:00:00+02:00,CS.PA,17.597116470336914,10280112
2021-04-19 00:00:00+02:00,CS.PA,17.630523681640625,3990358
2021-04-20 00:00:00+02:00,CS.PA,17.199966430664062,8693961
2021-04-21 00:00:00+02:00,CS.PA,17.199966430664062,5641861
2021-04-22 00:00:00+02:00,CS.PA,17.192543029785156,4799424
2021-04-23 00:00:00+02:00,CS.PA,17.20738983154297,5534974
2021-04-26 00:00:00+02:00,CS.PA,17.25935173034668,4359254
2021-04-27 00:00:00+02:00,CS.PA,17.14800262451172,7675047
2021-04-28 00:00:00+02:00,CS.PA,17.392976760864258,5627768
2021-04-29 00:00:00+02:00,CS.PA,17.40410804748535,5007210
2021-04-30 00:00:00+02:00,CS.PA,17.4634952545166,5952237
2021-05-03 00:00:00+02:00,CS.PA,17.749296188354492,6041723
2021-05-04 00:00:00+02:00,CS.PA,17.58969497680664,8036308
2021-05-05 00:00:00+02:00,CS.PA,17.64908218383789,7163617
2021-05-06 00:00:00+02:00,CS.PA,17.93488121032715,8044911
2021-05-07 00:00:00+02:00,CS.PA,17.93488311767578,6671632
2021-05-10 00:00:00+02:00,CS.PA,18.183425903320312,7092964
2021-05-11 00:00:00+02:00,CS.PA,17.808635711669922,8342294
2021-05-12 00:00:00+02:00,CS.PA,17.907262802124023,5181104
2021-05-13 00:00:00+02:00,CS.PA,17.800743103027344,6096605
2021-05-14 00:00:00+02:00,CS.PA,18.049291610717773,4448040
2021-05-17 00:00:00+02:00,CS.PA,18.001949310302734,3375995
2021-05-18 00:00:00+02:00,CS.PA,17.86781120300293,4426932
2021-05-19 00:00:00+02:00,CS.PA,17.59164810180664,7370487
2021-05-20 00:00:00+02:00,CS.PA,17.65477180480957,4297355
2021-05-21 00:00:00+02:00,CS.PA,17.788909912109375,5115531
2021-05-24 00:00:00+02:00,CS.PA,17.769182205200195,1823048
2021-05-25 00:00:00+02:00,CS.PA,17.587703704833984,4547164
2021-05-26 00:00:00+02:00,CS.PA,17.532468795776367,3552170
2021-05-27 00:00:00+02:00,CS.PA,17.710004806518555,5760944
2021-05-28 00:00:00+02:00,CS.PA,17.994056701660156,5243330
2021-05-31 00:00:00+02:00,CS.PA,17.816524505615234,3164687
2021-06-01 00:00:00+02:00,CS.PA,17.982223510742188,3773074
2021-06-02 00:00:00+02:00,CS.PA,18.029565811157227,2859483
2021-06-03 00:00:00+02:00,CS.PA,17.994056701660156,3644047
2021-06-04 00:00:00+02:00,CS.PA,18.017728805541992,3209196
2021-06-07 00:00:00+02:00,CS.PA,18.13608741760254,3984343
2021-06-08 00:00:00+02:00,CS.PA,18.065073013305664,3635573
2021-06-09 00:00:00+02:00,CS.PA,17.721837997436523,5747158
2021-06-10 00:00:00+02:00,CS.PA,17.59954071044922,4731919
2021-06-11 00:00:00+02:00,CS.PA,17.678442001342773,4804931
2021-06-14 00:00:00+02:00,CS.PA,17.73367691040039,3111039
2021-06-15 00:00:00+02:00,CS.PA,17.94671630859375,4294556
2021-06-16 00:00:00+02:00,CS.PA,17.94277000427246,4887816
2021-06-17 00:00:00+02:00,CS.PA,18.057180404663086,5159627
2021-06-18 00:00:00+02:00,CS.PA,17.398332595825195,17634471
2021-06-21 00:00:00+02:00,CS.PA,17.220800399780273,8378838
2021-06-22 00:00:00+02:00,CS.PA,17.106388092041016,4718336
2021-06-23 00:00:00+02:00,CS.PA,16.90123748779297,4596960
2021-06-24 00:00:00+02:00,CS.PA,17.145841598510742,5466646
2021-06-25 00:00:00+02:00,CS.PA,17.34309959411621,4546017
2021-06-28 00:00:00+02:00,CS.PA,17.047210693359375,5047004
2021-06-29 00:00:00+02:00,CS.PA,17.094554901123047,4019078
2021-06-30 00:00:00+02:00,CS.PA,16.873620986938477,8033385
2021-07-01 00:00:00+02:00,CS.PA,17.114276885986328,5598204
2021-07-02 00:00:00+02:00,CS.PA,17.16162109375,3771223
2021-07-05 00:00:00+02:00,CS.PA,17.283924102783203,3119706
2021-07-06 00:00:00+02:00,CS.PA,17.011703491210938,5517789
2021-07-07 00:00:00+02:00,CS.PA,17.05510139465332,4105803
2021-07-08 00:00:00+02:00,CS.PA,16.79471778869629,8586081
2021-07-09 00:00:00+02:00,CS.PA,17.212909698486328,7513423
2021-07-12 00:00:00+02:00,CS.PA,17.220800399780273,3558765
2021-07-13 00:00:00+02:00,CS.PA,17.177400588989258,3685367
2021-07-14 00:00:00+02:00,CS.PA,17.212909698486328,2606064
2021-07-15 00:00:00+02:00,CS.PA,17.1734561920166,3851311
2021-07-16 00:00:00+02:00,CS.PA,17.059045791625977,4636424
2021-07-19 00:00:00+02:00,CS.PA,16.569841384887695,9904556
2021-07-20 00:00:00+02:00,CS.PA,16.735536575317383,5638288
2021-07-21 00:00:00+02:00,CS.PA,17.074827194213867,8444648
2021-07-22 00:00:00+02:00,CS.PA,17.1734561920166,4673484
2021-07-23 00:00:00+02:00,CS.PA,17.177400588989258,4386782
2021-07-26 00:00:00+02:00,CS.PA,17.279977798461914,4773462
2021-07-27 00:00:00+02:00,CS.PA,17.205018997192383,3695286
2021-07-28 00:00:00+02:00,CS.PA,17.220800399780273,2941465
2021-07-29 00:00:00+02:00,CS.PA,17.291812896728516,3584454
2021-07-30 00:00:00+02:00,CS.PA,17.264196395874023,5107963
2021-08-02 00:00:00+02:00,CS.PA,17.994056701660156,13778837
2021-08-03 00:00:00+02:00,CS.PA,18.22287940979004,6604326
2021-08-04 00:00:00+02:00,CS.PA,18.26627540588379,4023467
2021-08-05 00:00:00+02:00,CS.PA,18.447755813598633,4654799
2021-08-06 00:00:00+02:00,CS.PA,18.684467315673828,4839636
2021-08-09 00:00:00+02:00,CS.PA,18.755483627319336,3130807
2021-08-10 00:00:00+02:00,CS.PA,18.810714721679688,2876420
2021-08-11 00:00:00+02:00,CS.PA,19.01980972290039,4188814
2021-08-12 00:00:00+02:00,CS.PA,19.14605712890625,4484839
2021-08-13 00:00:00+02:00,CS.PA,19.288082122802734,3574139
2021-08-16 00:00:00+02:00,CS.PA,19.197343826293945,3677931
2021-08-17 00:00:00+02:00,CS.PA,19.067153930664062,2917599
2021-08-18 00:00:00+02:00,CS.PA,19.26835823059082,5247162
2021-08-19 00:00:00+02:00,CS.PA,18.877782821655273,8420369
2021-08-20 00:00:00+02:00,CS.PA,18.9290714263916,3590002
2021-08-23 00:00:00+02:00,CS.PA,19.051372528076172,3456021
2021-08-24 00:00:00+02:00,CS.PA,19.07109832763672,3213580
2021-08-25 00:00:00+02:00,CS.PA,19.043481826782227,2537206
2021-08-26 00:00:00+02:00,CS.PA,18.968524932861328,2582833
2021-08-27 00:00:00+02:00,CS.PA,18.988248825073242,2350982
2021-08-30 00:00:00+02:00,CS.PA,18.90145492553711,2287381
2021-08-31 00:00:00+02:00,CS.PA,18.76337432861328,6497274
2021-09-01 00:00:00+02:00,CS.PA,18.826496124267578,4163045
2021-09-02 00:00:00+02:00,CS.PA,18.751537322998047,2809219
2021-09-03 00:00:00+02:00,CS.PA,18.61345672607422,3544499
2021-09-06 00:00:00+02:00,CS.PA,18.751537322998047,3374184
2021-09-07 00:00:00+02:00,CS.PA,18.65685272216797,2704960
2021-09-08 00:00:00+02:00,CS.PA,18.439868927001953,4908543
2021-09-09 00:00:00+02:00,CS.PA,18.424087524414062,3428685
2021-09-10 00:00:00+02:00,CS.PA,18.325456619262695,4202331
2021-09-13 00:00:00+02:00,CS.PA,18.526660919189453,4918609
2021-09-14 00:00:00+02:00,CS.PA,18.3491268157959,4890307
2021-09-15 00:00:00+02:00,CS.PA,18.353073120117188,4413262
2021-09-16 00:00:00+02:00,CS.PA,18.408302307128906,4499786
2021-09-17 00:00:00+02:00,CS.PA,18.22287940979004,8529608
2021-09-20 00:00:00+02:00,CS.PA,17.650827407836914,8550203
2021-09-21 00:00:00+02:00,CS.PA,17.852031707763672,5019109
2021-09-22 00:00:00+02:00,CS.PA,18.183425903320312,4706806
2021-09-23 00:00:00+02:00,CS.PA,18.447755813598633,4937333
2021-09-24 00:00:00+02:00,CS.PA,18.546384811401367,4054178
2021-09-27 00:00:00+02:00,CS.PA,18.84227752685547,5128558
2021-09-28 00:00:00+02:00,CS.PA,18.617399215698242,6636893
2021-09-29 00:00:00+02:00,CS.PA,18.889619827270508,4799998
2021-09-30 00:00:00+02:00,CS.PA,19.004030227661133,7235633
2021-10-01 00:00:00+02:00,CS.PA,18.83833122253418,5504653
2021-10-04 00:00:00+02:00,CS.PA,18.794933319091797,3903581
2021-10-05 00:00:00+02:00,CS.PA,19.157894134521484,5056534
2021-10-06 00:00:00+02:00,CS.PA,18.739702224731445,8202487
2021-10-07 00:00:00+02:00,CS.PA,19.102659225463867,6071233
2021-10-08 00:00:00+02:00,CS.PA,19.08687973022461,3567200
2021-10-11 00:00:00+02:00,CS.PA,19.11449432373047,3039381
2021-10-12 00:00:00+02:00,CS.PA,18.96457862854004,4133688
2021-10-13 00:00:00+02:00,CS.PA,18.546384811401367,7077613
2021-10-14 00:00:00+02:00,CS.PA,18.70025062561035,4952127
2021-10-15 00:00:00+02:00,CS.PA,18.877782821655273,4913333
2021-10-18 00:00:00+02:00,CS.PA,18.862003326416016,2937818
2021-10-19 00:00:00+02:00,CS.PA,18.88567352294922,3309483
2021-10-20 00:00:00+02:00,CS.PA,18.933015823364258,3226857
2021-10-21 00:00:00+02:00,CS.PA,18.727867126464844,3413201
2021-10-22 00:00:00+02:00,CS.PA,18.893564224243164,4062649
2021-10-25 00:00:00+02:00,CS.PA,18.881729125976562,2526540
2021-10-26 00:00:00+02:00,CS.PA,19.292030334472656,6002805
2021-10-27 00:00:00+02:00,CS.PA,19.260467529296875,3437769
2021-10-28 00:00:00+02:00,CS.PA,19.264413833618164,3486065
2021-10-29 00:00:00+02:00,CS.PA,19.85224723815918,9944696
2021-11-01 00:00:00+01:00,CS.PA,19.966657638549805,5089139
2021-11-02 00:00:00+01:00,CS.PA,20.187589645385742,4487489
2021-11-03 00:00:00+01:00,CS.PA,20.234933853149414,4649550
2021-11-04 00:00:00+01:00,CS.PA,20.159975051879883,4801790
2021-11-05 00:00:00+01:00,CS.PA,20.120521545410156,8638153
2021-11-08 00:00:00+01:00,CS.PA,20.1915340423584,4554227
2021-11-09 00:00:00+01:00,CS.PA,20.0061092376709,3819537
2021-11-10 00:00:00+01:00,CS.PA,20.25465965270996,6656168
2021-11-11 00:00:00+01:00,CS.PA,20.321725845336914,3708688
2021-11-12 00:00:00+01:00,CS.PA,20.341453552246094,3821233
2021-11-15 00:00:00+01:00,CS.PA,20.40457534790039,4887687
2021-11-16 00:00:00+01:00,CS.PA,20.163921356201172,4990783
2021-11-17 00:00:00+01:00,CS.PA,20.171810150146484,3911329
2021-11-18 00:00:00+01:00,CS.PA,20.065288543701172,4844358
2021-11-19 00:00:00+01:00,CS.PA,19.856191635131836,8891390
2021-11-22 00:00:00+01:00,CS.PA,20.03767204284668,5415783
2021-11-23 00:00:00+01:00,CS.PA,20.1165771484375,5191765
2021-11-24 00:00:00+01:00,CS.PA,20.152084350585938,4693271
2021-11-25 00:00:00+01:00,CS.PA,20.096851348876953,2780583
2021-11-26 00:00:00+01:00,CS.PA,19.11449432373047,14012814
2021-11-29 00:00:00+01:00,CS.PA,19.122386932373047,8369734
2021-11-30 00:00:00+01:00,CS.PA,19.213125228881836,14001872
2021-12-01 00:00:00+01:00,CS.PA,19.911426544189453,9412445
2021-12-02 00:00:00+01:00,CS.PA,19.80885124206543,6948510
2021-12-03 00:00:00+01:00,CS.PA,19.729944229125977,5536185
2021-12-06 00:00:00+01:00,CS.PA,20.09290313720703,7916387
2021-12-07 00:00:00+01:00,CS.PA,20.215208053588867,7918648
2021-12-08 00:00:00+01:00,CS.PA,20.15602684020996,6140483
2021-12-09 00:00:00+01:00,CS.PA,20.144193649291992,5491314
2021-12-10 00:00:00+01:00,CS.PA,20.017948150634766,3530730
2021-12-13 00:00:00+01:00,CS.PA,19.97849464416504,3863277
2021-12-14 00:00:00+01:00,CS.PA,20.069232940673828,5222360
2021-12-15 00:00:00+01:00,CS.PA,20.069232940673828,4520312
2021-12-16 00:00:00+01:00,CS.PA,20.321725845336914,8562001
2021-12-17 00:00:00+01:00,CS.PA,20.025836944580078,11154770
2021-12-20 00:00:00+01:00,CS.PA,19.631315231323242,6771164
2021-12-21 00:00:00+01:00,CS.PA,20.04950714111328,5912981
2021-12-22 00:00:00+01:00,CS.PA,20.14813804626465,2856284
2021-12-23 00:00:00+01:00,CS.PA,20.42430305480957,4629185
2021-12-24 00:00:00+01:00,CS.PA,20.432191848754883,802925
2021-12-27 00:00:00+01:00,CS.PA,20.609725952148438,2715949
2021-12-28 00:00:00+01:00,CS.PA,20.7596435546875,2905866
2021-12-29 00:00:00+01:00,CS.PA,20.71624755859375,2363135
2021-12-30 00:00:00+01:00,CS.PA,20.739917755126953,2565084
2021-12-31 00:00:00+01:00,CS.PA,20.661014556884766,900017
2022-01-03 00:00:00+01:00,CS.PA,20.909561157226562,3047418
2022-01-04 00:00:00+01:00,CS.PA,21.308025360107422,6358155
2022-01-05 00:00:00+01:00,CS.PA,21.34353256225586,4146524
2022-01-06 00:00:00+01:00,CS.PA,21.552629470825195,5183669
2022-01-07 00:00:00+01:00,CS.PA,21.674930572509766,4165592
2022-01-10 00:00:00+01:00,CS.PA,21.623641967773438,5510629
2022-01-11 00:00:00+01:00,CS.PA,21.970821380615234,4656117
2022-01-12 00:00:00+01:00,CS.PA,22.029998779296875,4687639
2022-01-13 00:00:00+01:00,CS.PA,22.262765884399414,4172854
2022-01-14 00:00:00+01:00,CS.PA,22.321943283081055,4180744
2022-01-17 00:00:00+01:00,CS.PA,22.519203186035156,3680205
2022-01-18 00:00:00+01:00,CS.PA,22.566545486450195,5054821
2022-01-19 00:00:00+01:00,CS.PA,22.09706687927246,6044495
2022-01-20 00:00:00+01:00,CS.PA,21.958984375,5458042
2022-01-21 00:00:00+01:00,CS.PA,21.71043586730957,7657568
2022-01-24 00:00:00+01:00,CS.PA,21.118656158447266,8785456
2022-01-25 00:00:00+01:00,CS.PA,21.418493270874023,5601546
2022-01-26 00:00:00+01:00,CS.PA,21.958984375,6863810
2022-01-27 00:00:00+01:00,CS.PA,22.20358657836914,5982773
2022-01-28 00:00:00+01:00,CS.PA,22.03788948059082,6793838
2022-01-31 00:00:00+01:00,CS.PA,22.057615280151367,7095609
2022-02-01 00:00:00+01:00,CS.PA,22.29432487487793,4616581
2022-02-02 00:00:00+01:00,CS.PA,22.49553108215332,4358810
2022-02-03 00:00:00+01:00,CS.PA,22.29432487487793,4612370
2022-02-04 00:00:00+01:00,CS.PA,21.674930572509766,8519114
2022-02-07 00:00:00+01:00,CS.PA,22.05367088317871,5507417
2022-02-08 00:00:00+01:00,CS.PA,22.54681968688965,8487041
2022-02-09 00:00:00+01:00,CS.PA,22.684900283813477,7479705
2022-02-10 00:00:00+01:00,CS.PA,22.574438095092773,4746866
2022-02-11 00:00:00+01:00,CS.PA,22.424518585205078,5361941
2022-02-14 00:00:00+01:00,CS.PA,21.757780075073242,8514081
2022-02-15 00:00:00+01:00,CS.PA,22.187807083129883,6757454
2022-02-16 00:00:00+01:00,CS.PA,22.093120574951172,4540879
2022-02-17 00:00:00+01:00,CS.PA,21.45400047302246,7628009
2022-02-18 00:00:00+01:00,CS.PA,21.24095916748047,6815362
2022-02-21 00:00:00+01:00,CS.PA,20.964794158935547,4870587
2022-02-22 00:00:00+01:00,CS.PA,20.751754760742188,6329987
2022-02-23 00:00:00+01:00,CS.PA,20.609725952148438,5480688
2022-02-24 00:00:00+01:00,CS.PA,19.355154037475586,15841883
2022-02-25 00:00:00+01:00,CS.PA,19.544523239135742,10640398
2022-02-28 00:00:00+01:00,CS.PA,19.153947830200195,13298270
2022-03-01 00:00:00+01:00,CS.PA,18.32939910888672,12149050
2022-03-02 00:00:00+01:00,CS.PA,18.404359817504883,14706231
2022-03-03 00:00:00+01:00,CS.PA,18.5345516204834,10293591
2022-03-04 00:00:00+01:00,CS.PA,17.560087203979492,14278835
2022-03-07 00:00:00+01:00,CS.PA,17.532468795776367,17066795
2022-03-08 00:00:00+01:00,CS.PA,17.8046875,12456066
2022-03-09 00:00:00+01:00,CS.PA,19.20523452758789,15176013
2022-03-10 00:00:00+01:00,CS.PA,18.648962020874023,8728389
2022-03-11 00:00:00+01:00,CS.PA,19.015865325927734,11603675
2022-03-14 00:00:00+01:00,CS.PA,19.627370834350586,9146526
2022-03-15 00:00:00+01:00,CS.PA,19.77728843688965,7059919
2022-03-16 00:00:00+01:00,CS.PA,20.167863845825195,9638415
2022-03-17 00:00:00+01:00,CS.PA,20.203371047973633,6132036
2022-03-18 00:00:00+01:00,CS.PA,20.10079574584961,11951470
2022-03-21 00:00:00+01:00,CS.PA,20.152084350585938,4462469
2022-03-22 00:00:00+01:00,CS.PA,20.518985748291016,5502363
2022-03-23 00:00:00+01:00,CS.PA,20.2901668548584,5301346
2022-03-24 00:00:00+01:00,CS.PA,20.25465965270996,4493640
2022-03-25 00:00:00+01:00,CS.PA,20.2901668548584,4318153
2022-03-28 00:00:00+02:00,CS.PA,20.41246795654297,5443055
2022-03-29 00:00:00+02:00,CS.PA,21.154163360595703,7339171
2022-03-30 00:00:00+02:00,CS.PA,20.9332332611084,4924842
2022-03-31 00:00:00+02:00,CS.PA,20.960847854614258,4781846
2022-04-01 00:00:00+02:00,CS.PA,21.122602462768555,3819329
2022-04-04 00:00:00+02:00,CS.PA,20.704410552978516,4907593
2022-04-05 00:00:00+02:00,CS.PA,20.325672149658203,7499284
2022-04-06 00:00:00+02:00,CS.PA,20.28622055053711,5573505
2022-04-07 00:00:00+02:00,CS.PA,20.108688354492188,5204224
2022-04-08 00:00:00+02:00,CS.PA,20.32961654663086,5240860
2022-04-11 00:00:00+02:00,CS.PA,20.909561157226562,6813578
2022-04-12 00:00:00+02:00,CS.PA,21.126548767089844,6791922
2022-04-13 00:00:00+02:00,CS.PA,21.03580665588379,3898767
2022-04-14 00:00:00+02:00,CS.PA,21.3040828704834,4553791
2022-04-19 00:00:00+02:00,CS.PA,20.980575561523438,4756774
2022-04-20 00:00:00+02:00,CS.PA,21.426382064819336,5665294
2022-04-21 00:00:00+02:00,CS.PA,21.37509536743164,4818035
2022-04-22 00:00:00+02:00,CS.PA,21.012134552001953,5310933
2022-04-25 00:00:00+02:00,CS.PA,20.337507247924805,6840867
2022-04-26 00:00:00+02:00,CS.PA,20.459808349609375,5324530
2022-04-27 00:00:00+02:00,CS.PA,20.282272338867188,5574582
2022-04-28 00:00:00+02:00,CS.PA,20.27043914794922,5465441
2022-04-29 00:00:00+02:00,CS.PA,20.088958740234375,5931332
2022-05-02 00:00:00+02:00,CS.PA,19.87197494506836,5229984
2022-05-03 00:00:00+02:00,CS.PA,20.11263084411621,5564054
2022-05-04 00:00:00+02:00,CS.PA,19.85224723815918,4929845
2022-05-05 00:00:00+02:00,CS.PA,19.46956443786621,8747237
2022-05-06 00:00:00+02:00,CS.PA,19.18343162536621,11567618
2022-05-09 00:00:00+02:00,CS.PA,18.71636390686035,5763125
2022-05-10 00:00:00+02:00,CS.PA,18.909923553466797,5974070
2022-05-11 00:00:00+02:00,CS.PA,19.322290420532227,6227448
2022-05-12 00:00:00+02:00,CS.PA,19.065614700317383,7407471
2022-05-13 00:00:00+02:00,CS.PA,19.36016082763672,4645198
2022-05-16 00:00:00+02:00,CS.PA,19.389616012573242,4936646
2022-05-17 00:00:00+02:00,CS.PA,19.8482666015625,6043358
2022-05-18 00:00:00+02:00,CS.PA,19.709409713745117,4401824
2022-05-19 00:00:00+02:00,CS.PA,19.393821716308594,5369573
2022-05-20 00:00:00+02:00,CS.PA,19.456941604614258,5967546
2022-05-23 00:00:00+02:00,CS.PA,19.7136173248291,4728698
2022-05-24 00:00:00+02:00,CS.PA,19.663122177124023,3970778
2022-05-25 00:00:00+02:00,CS.PA,19.89034652709961,3909071
2022-05-26 00:00:00+02:00,CS.PA,20.163854598999023,4130201
2022-05-27 00:00:00+02:00,CS.PA,20.42473793029785,4591823
2022-05-30 00:00:00+02:00,CS.PA,20.298505783081055,3539687
2022-05-31 00:00:00+02:00,CS.PA,19.7851505279541,12541016
2022-06-01 00:00:00+02:00,CS.PA,19.7767333984375,4016673
2022-06-02 00:00:00+02:00,CS.PA,19.759902954101562,3020546
2022-06-03 00:00:00+02:00,CS.PA,19.780941009521484,2343290
2022-06-06 00:00:00+02:00,CS.PA,20.10915184020996,4010093
2022-06-07 00:00:00+02:00,CS.PA,19.932422637939453,4092916
2022-06-08 00:00:00+02:00,CS.PA,19.637874603271484,4814716
2022-06-09 00:00:00+02:00,CS.PA,19.70099449157715,5402523
2022-06-10 00:00:00+02:00,CS.PA,19.00249671936035,7053556
2022-06-13 00:00:00+02:00,CS.PA,18.611167907714844,6884438
2022-06-14 00:00:00+02:00,CS.PA,18.84259796142578,5818059
2022-06-15 00:00:00+02:00,CS.PA,19.402238845825195,7218967
2022-06-16 00:00:00+02:00,CS.PA,19.015119552612305,6042914
2022-06-17 00:00:00+02:00,CS.PA,18.926755905151367,15917355
2022-06-20 00:00:00+02:00,CS.PA,19.116107940673828,3464497
2022-06-21 00:00:00+02:00,CS.PA,19.048782348632812,3282948
2022-06-22 00:00:00+02:00,CS.PA,18.867847442626953,3913665
2022-06-23 00:00:00+02:00,CS.PA,18.480728149414062,5294223
2022-06-24 00:00:00+02:00,CS.PA,18.905717849731445,5569948
2022-06-27 00:00:00+02:00,CS.PA,18.543842315673828,5510664
2022-06-28 00:00:00+02:00,CS.PA,18.75844383239746,4627543
2022-06-29 00:00:00+02:00,CS.PA,18.514389038085938,3699854
2022-06-30 00:00:00+02:00,CS.PA,18.22825813293457,6355793
2022-07-01 00:00:00+02:00,CS.PA,18.282960891723633,3691881
2022-07-04 00:00:00+02:00,CS.PA,18.333454132080078,3305811
2022-07-05 00:00:00+02:00,CS.PA,17.15105628967285,9616676
2022-07-06 00:00:00+02:00,CS.PA,17.407733917236328,6781749
2022-07-07 00:00:00+02:00,CS.PA,17.862178802490234,6542142
2022-07-08 00:00:00+02:00,CS.PA,18.18197250366211,3941097
2022-07-11 00:00:00+02:00,CS.PA,18.043113708496094,3951572
2022-07-12 00:00:00+02:00,CS.PA,18.303998947143555,4532763
2022-07-13 00:00:00+02:00,CS.PA,17.954748153686523,4549265
2022-07-14 00:00:00+02:00,CS.PA,17.462434768676758,4716710
2022-07-15 00:00:00+02:00,CS.PA,17.63075065612793,5103400
2022-07-18 00:00:00+02:00,CS.PA,17.769607543945312,3086102
2022-07-19 00:00:00+02:00,CS.PA,18.00945281982422,4160657
2022-07-20 00:00:00+02:00,CS.PA,17.836933135986328,4227245
2022-07-21 00:00:00+02:00,CS.PA,17.88321876525879,3787224
2022-07-22 00:00:00+02:00,CS.PA,17.849552154541016,3690688
2022-07-25 00:00:00+02:00,CS.PA,18.03049087524414,3764296
2022-07-26 00:00:00+02:00,CS.PA,18.017868041992188,3156633
2022-07-27 00:00:00+02:00,CS.PA,18.341867446899414,5175913
2022-07-28 00:00:00+02:00,CS.PA,18.480728149414062,3940307
2022-07-29 00:00:00+02:00,CS.PA,18.89309310913086,6678130
2022-08-01 00:00:00+02:00,CS.PA,18.79631233215332,3112362
2022-08-02 00:00:00+02:00,CS.PA,18.661663055419922,3547002
2022-08-03 00:00:00+02:00,CS.PA,19.71782684326172,9066190
2022-08-04 00:00:00+02:00,CS.PA,19.473772048950195,4370688
2022-08-05 00:00:00+02:00,CS.PA,19.759902954101562,4906480
2022-08-08 00:00:00+02:00,CS.PA,20.0712833404541,5018545
2022-08-09 00:00:00+02:00,CS.PA,20.104944229125977,5018126
2022-08-10 00:00:00+02:00,CS.PA,20.327959060668945,4948473
2022-08-11 00:00:00+02:00,CS.PA,20.416322708129883,3699180
2022-08-12 00:00:00+02:00,CS.PA,20.54676628112793,4813731
2022-08-15 00:00:00+02:00,CS.PA,20.58463478088379,2506527
2022-08-16 00:00:00+02:00,CS.PA,20.689828872680664,4608547
2022-08-17 00:00:00+02:00,CS.PA,20.57621955871582,4115182
2022-08-18 00:00:00+02:00,CS.PA,20.51310157775879,3422841
2022-08-19 00:00:00+02:00,CS.PA,20.416322708129883,4277008
2022-08-22 00:00:00+02:00,CS.PA,20.012372970581055,5482269
2022-08-23 00:00:00+02:00,CS.PA,20.029203414916992,4205085
2022-08-24 00:00:00+02:00,CS.PA,19.91559410095215,3947016
2022-08-25 00:00:00+02:00,CS.PA,19.877721786499023,3788108
2022-08-26 00:00:00+02:00,CS.PA,19.71782684326172,4509430
2022-08-29 00:00:00+02:00,CS.PA,19.604215621948242,3328888
2022-08-30 00:00:00+02:00,CS.PA,19.814605712890625,4696358
2022-08-31 00:00:00+02:00,CS.PA,19.797771453857422,10820560
2022-09-01 00:00:00+02:00,CS.PA,19.684160232543945,4444527
2022-09-02 00:00:00+02:00,CS.PA,20.100736618041992,6087025
2022-09-05 00:00:00+02:00,CS.PA,19.835643768310547,4585289
2022-09-06 00:00:00+02:00,CS.PA,20.00816535949707,4162169
2022-09-07 00:00:00+02:00,CS.PA,19.961877822875977,4905097
2022-09-08 00:00:00+02:00,CS.PA,20.517311096191406,6491873
2022-09-09 00:00:00+02:00,CS.PA,20.94230079650879,6327258
2022-09-12 00:00:00+02:00,CS.PA,21.47669219970703,6257770
2022-09-13 00:00:00+02:00,CS.PA,21.396743774414062,4845029
2022-09-14 00:00:00+02:00,CS.PA,21.177936553955078,5399067
2022-09-15 00:00:00+02:00,CS.PA,21.354665756225586,5111716
2022-09-16 00:00:00+02:00,CS.PA,21.2073917388916,9616453
2022-09-19 00:00:00+02:00,CS.PA,21.081157684326172,4059201
2022-09-20 00:00:00+02:00,CS.PA,20.98858642578125,5036328
2022-09-21 00:00:00+02:00,CS.PA,20.97595977783203,4942383
2022-09-22 00:00:00+02:00,CS.PA,20.736114501953125,5482274
2022-09-23 00:00:00+02:00,CS.PA,20.222763061523438,6440201
2022-09-26 00:00:00+02:00,CS.PA,19.789356231689453,5353803
2022-09-27 00:00:00+02:00,CS.PA,19.608421325683594,5838798
2022-09-28 00:00:00+02:00,CS.PA,19.250757217407227,8723807
2022-09-29 00:00:00+02:00,CS.PA,18.80472755432129,7529522
2022-09-30 00:00:00+02:00,CS.PA,18.914133071899414,8059087
2022-10-03 00:00:00+02:00,CS.PA,18.707948684692383,6412409
2022-10-04 00:00:00+02:00,CS.PA,20.041826248168945,8765662
2022-10-05 00:00:00+02:00,CS.PA,19.743070602416992,4613114
2022-10-06 00:00:00+02:00,CS.PA,19.490602493286133,4607666
2022-10-07 00:00:00+02:00,CS.PA,19.456941604614258,3848731
2022-10-10 00:00:00+02:00,CS.PA,19.503225326538086,3776603
2022-10-11 00:00:00+02:00,CS.PA,19.36016082763672,4204067
2022-10-12 00:00:00+02:00,CS.PA,19.05719757080078,5097106
2022-10-13 00:00:00+02:00,CS.PA,19.5705509185791,6704526
2022-10-14 00:00:00+02:00,CS.PA,19.961877822875977,6877675
2022-10-17 00:00:00+02:00,CS.PA,20.130189895629883,3606293
2022-10-18 00:00:00+02:00,CS.PA,20.168062210083008,3930067
2022-10-19 00:00:00+02:00,CS.PA,20.614091873168945,4656956
2022-10-20 00:00:00+02:00,CS.PA,20.441570281982422,3613957
2022-10-21 00:00:00+02:00,CS.PA,20.391075134277344,4390919
2022-10-24 00:00:00+02:00,CS.PA,20.90022087097168,4848422
2022-10-25 00:00:00+02:00,CS.PA,21.01383399963379,3477684
2022-10-26 00:00:00+02:00,CS.PA,20.896013259887695,3717734
2022-10-27 00:00:00+02:00,CS.PA,21.02645492553711,4711067
2022-10-28 00:00:00+02:00,CS.PA,20.98858642578125,3877708
2022-10-31 00:00:00+01:00,CS.PA,21.039079666137695,3515262
2022-11-01 00:00:00+01:00,CS.PA,21.33362579345703,3911353
2022-11-02 00:00:00+01:00,CS.PA,21.110612869262695,4542722
2022-11-03 00:00:00+01:00,CS.PA,21.767030715942383,6450748
2022-11-04 00:00:00+01:00,CS.PA,21.809110641479492,6041604
2022-11-07 00:00:00+01:00,CS.PA,22.29300880432129,7387691
2022-11-08 00:00:00+01:00,CS.PA,22.360332489013672,3946072
2022-11-09 00:00:00+01:00,CS.PA,22.301424026489258,3963828
2022-11-10 00:00:00+01:00,CS.PA,22.402414321899414,5644479
2022-11-11 00:00:00+01:00,CS.PA,22.377164840698242,4532790
2022-11-14 00:00:00+01:00,CS.PA,22.469738006591797,3776152
2022-11-15 00:00:00+01:00,CS.PA,22.410825729370117,3477713
2022-11-16 00:00:00+01:00,CS.PA,22.46552848815918,4232324
2022-11-17 00:00:00+01:00,CS.PA,22.410825729370117,3184923
2022-11-18 00:00:00+01:00,CS.PA,22.789531707763672,5732228
2022-11-21 00:00:00+01:00,CS.PA,22.70958137512207,3192879
2022-11-22 00:00:00+01:00,CS.PA,22.86106300354004,3752134
2022-11-23 00:00:00+01:00,CS.PA,22.831607818603516,2936021
2022-11-24 00:00:00+01:00,CS.PA,22.95363426208496,3727765
2022-11-25 00:00:00+01:00,CS.PA,22.94942855834961,3001066
2022-11-28 00:00:00+01:00,CS.PA,22.80636215209961,4321422
2022-11-29 00:00:00+01:00,CS.PA,23.020959854125977,3606009
2022-11-30 00:00:00+01:00,CS.PA,22.739038467407227,10404129
2022-12-01 00:00:00+01:00,CS.PA,23.037792205810547,4310581
2022-12-02 00:00:00+01:00,CS.PA,23.0504150390625,3661736
2022-12-05 00:00:00+01:00,CS.PA,22.983091354370117,2991466
2022-12-06 00:00:00+01:00,CS.PA,23.109323501586914,3898999
2022-12-07 00:00:00+01:00,CS.PA,22.945219039916992,4721593
2022-12-08 00:00:00+01:00,CS.PA,22.739038467407227,4141655
2022-12-09 00:00:00+01:00,CS.PA,23.016752243041992,3817743
2022-12-12 00:00:00+01:00,CS.PA,22.743244171142578,3423263
2022-12-13 00:00:00+01:00,CS.PA,23.063037872314453,5061181
2022-12-14 00:00:00+01:00,CS.PA,22.789531707763672,3971761
2022-12-15 00:00:00+01:00,CS.PA,22.06157875061035,7777566
2022-12-16 00:00:00+01:00,CS.PA,21.90589141845703,9657303
2022-12-19 00:00:00+01:00,CS.PA,22.099449157714844,4231585
2022-12-20 00:00:00+01:00,CS.PA,22.208850860595703,3140371
2022-12-21 00:00:00+01:00,CS.PA,22.46552848815918,4071179
2022-12-22 00:00:00+01:00,CS.PA,22.36454200744629,2351394
2022-12-23 00:00:00+01:00,CS.PA,22.242515563964844,2465847
2022-12-27 00:00:00+01:00,CS.PA,22.305631637573242,1829208
2022-12-28 00:00:00+01:00,CS.PA,22.175189971923828,2277423
2022-12-29 00:00:00+01:00,CS.PA,22.217266082763672,2506164
2022-12-30 00:00:00+01:00,CS.PA,21.92692756652832,2862789
2023-01-02 00:00:00+01:00,CS.PA,22.288801193237305,2631455
2023-01-03 00:00:00+01:00,CS.PA,22.436073303222656,3317412
2023-01-04 00:00:00+01:00,CS.PA,22.76007652282715,5214012
2023-01-05 00:00:00+01:00,CS.PA,22.507606506347656,3973618
2023-01-06 00:00:00+01:00,CS.PA,23.012544631958008,3739597
2023-01-09 00:00:00+01:00,CS.PA,23.063037872314453,4133376
2023-01-10 00:00:00+01:00,CS.PA,23.100908279418945,2326247
2023-01-11 00:00:00+01:00,CS.PA,22.999921798706055,3871163
2023-01-12 00:00:00+01:00,CS.PA,23.40386962890625,4283898
2023-01-13 00:00:00+01:00,CS.PA,23.40386962890625,3760242
2023-01-16 00:00:00+01:00,CS.PA,23.605846405029297,2676436
2023-01-17 00:00:00+01:00,CS.PA,23.614261627197266,4081258
2023-01-18 00:00:00+01:00,CS.PA,23.782575607299805,4308229
2023-01-19 00:00:00+01:00,CS.PA,23.462779998779297,5372925
2023-01-20 00:00:00+01:00,CS.PA,23.778366088867188,3903182
2023-01-23 00:00:00+01:00,CS.PA,23.597431182861328,2875584
2023-01-24 00:00:00+01:00,CS.PA,23.790992736816406,2727719
2023-01-25 00:00:00+01:00,CS.PA,24.009798049926758,2979028
2023-01-26 00:00:00+01:00,CS.PA,24.106576919555664,3023381
2023-01-27 00:00:00+01:00,CS.PA,24.098159790039062,2564518
2023-01-30 00:00:00+01:00,CS.PA,24.10236930847168,2244128
2023-01-31 00:00:00+01:00,CS.PA,24.081331253051758,2947329
2023-02-01 00:00:00+01:00,CS.PA,24.077123641967773,2745038
2023-02-02 00:00:00+01:00,CS.PA,24.262266159057617,4452132
2023-02-03 00:00:00+01:00,CS.PA,24.085538864135742,5986969
2023-02-06 00:00:00+01:00,CS.PA,23.971927642822266,2776929
2023-02-07 00:00:00+01:00,CS.PA,23.90460205078125,3435031
2023-02-08 00:00:00+01:00,CS.PA,24.001380920410156,3155562
2023-02-09 00:00:00+01:00,CS.PA,24.15707015991211,3943691
2023-02-10 00:00:00+01:00,CS.PA,23.921432495117188,4106268
2023-02-13 00:00:00+01:00,CS.PA,23.900394439697266,3698773
2023-02-14 00:00:00+01:00,CS.PA,23.748910903930664,4115366
2023-02-15 00:00:00+01:00,CS.PA,23.694211959838867,3887721
2023-02-16 00:00:00+01:00,CS.PA,23.81623649597168,3382355
2023-02-17 00:00:00+01:00,CS.PA,23.837278366088867,4467331
2023-02-20 00:00:00+01:00,CS.PA,23.80782127380371,1766806
2023-02-21 00:00:00+01:00,CS.PA,23.656341552734375,2785380
2023-02-22 00:00:00+01:00,CS.PA,23.40386962890625,3723912
2023-02-23 00:00:00+01:00,CS.PA,24.161277770996094,8828745
2023-02-24 00:00:00+01:00,CS.PA,23.908809661865234,6538818
2023-02-27 00:00:00+01:00,CS.PA,24.720918655395508,6389869
2023-02-28 00:00:00+01:00,CS.PA,25.12066078186035,9225258
2023-03-01 00:00:00+01:00,CS.PA,25.053335189819336,4757287
2023-03-02 00:00:00+01:00,CS.PA,24.9649715423584,4158525
2023-03-03 00:00:00+01:00,CS.PA,25.15432357788086,4102961
2023-03-06 00:00:00+01:00,CS.PA,25.33525848388672,4378022
2023-03-07 00:00:00+01:00,CS.PA,25.204816818237305,3851970
2023-03-08 00:00:00+01:00,CS.PA,25.38995933532715,4167264
2023-03-09 00:00:00+01:00,CS.PA,25.331052780151367,3986937
2023-03-10 00:00:00+01:00,CS.PA,24.746164321899414,7264808
2023-03-13 00:00:00+01:00,CS.PA,23.290260314941406,12067943
2023-03-14 00:00:00+01:00,CS.PA,23.323923110961914,8070370
2023-03-15 00:00:00+01:00,CS.PA,22.12469482421875,11818534
2023-03-16 00:00:00+01:00,CS.PA,22.595972061157227,10512854
2023-03-17 00:00:00+01:00,CS.PA,21.85539436340332,17168117
2023-03-20 00:00:00+01:00,CS.PA,22.393997192382812,13105490
2023-03-21 00:00:00+01:00,CS.PA,23.323923110961914,7504501
2023-03-22 00:00:00+01:00,CS.PA,23.142988204956055,4130432
2023-03-23 00:00:00+01:00,CS.PA,22.911556243896484,5827368
2023-03-24 00:00:00+01:00,CS.PA,22.4150333404541,8981987
2023-03-27 00:00:00+02:00,CS.PA,22.68854331970215,6286252
2023-03-28 00:00:00+02:00,CS.PA,22.86106300354004,4133817
2023-03-29 00:00:00+02:00,CS.PA,23.46698760986328,5732410
2023-03-30 00:00:00+02:00,CS.PA,23.803613662719727,5389070
2023-03-31 00:00:00+02:00,CS.PA,23.702627182006836,5156786
2023-04-03 00:00:00+02:00,CS.PA,23.748910903930664,3511294
2023-04-04 00:00:00+02:00,CS.PA,23.828861236572266,3569899
2023-04-05 00:00:00+02:00,CS.PA,23.78678321838379,3364940
2023-04-06 00:00:00+02:00,CS.PA,24.152862548828125,3577157
2023-04-11 00:00:00+02:00,CS.PA,24.350629806518555,4344946
2023-04-12 00:00:00+02:00,CS.PA,24.531566619873047,4459828
2023-04-13 00:00:00+02:00,CS.PA,24.46003532409668,2938053
2023-04-14 00:00:00+02:00,CS.PA,24.165485382080078,4387768
2023-04-17 00:00:00+02:00,CS.PA,23.845691680908203,4179747
2023-04-18 00:00:00+02:00,CS.PA,24.2664737701416,4740392
2023-04-19 00:00:00+02:00,CS.PA,24.64097023010254,4756502
2023-04-20 00:00:00+02:00,CS.PA,24.64097023010254,4212213
2023-04-21 00:00:00+02:00,CS.PA,24.628345489501953,3978773
2023-04-24 00:00:00+02:00,CS.PA,24.674631118774414,3202571
2023-04-25 00:00:00+02:00,CS.PA,24.64517593383789,3450686
2023-04-26 00:00:00+02:00,CS.PA,24.63255500793457,3886950
2023-04-27 00:00:00+02:00,CS.PA,24.78824234008789,2878200
2023-04-28 00:00:00+02:00,CS.PA,24.885025024414062,3916748
2023-05-02 00:00:00+02:00,CS.PA,24.270681381225586,5526193
2023-05-03 00:00:00+02:00,CS.PA,24.232812881469727,3510295
2023-05-04 00:00:00+02:00,CS.PA,23.6857967376709,5158490
2023-05-05 00:00:00+02:00,CS.PA,24.287513732910156,5621930
2023-05-08 00:00:00+02:00,CS.PA,24.730161666870117,5653503
2023-05-09 00:00:00+02:00,CS.PA,24.63179588317871,4317338
2023-05-10 00:00:00+02:00,CS.PA,24.287513732910156,4097485
2023-05-11 00:00:00+02:00,CS.PA,24.07736587524414,3245269
2023-05-12 00:00:00+02:00,CS.PA,24.095251083374023,3623081
2023-05-15 00:00:00+02:00,CS.PA,24.680978775024414,4962953
2023-05-16 00:00:00+02:00,CS.PA,24.82405662536621,4977393
2023-05-17 00:00:00+02:00,CS.PA,24.72121810913086,3235225
2023-05-18 00:00:00+02:00,CS.PA,24.810644149780273,2885301
2023-05-19 00:00:00+02:00,CS.PA,24.828527450561523,4250022
2023-05-22 00:00:00+02:00,CS.PA,24.810644149780273,3075601
2023-05-23 00:00:00+02:00,CS.PA,24.913480758666992,3184776
2023-05-24 00:00:00+02:00,CS.PA,24.287513732910156,5578506
2023-05-25 00:00:00+02:00,CS.PA,24.11313819885254,3124936
2023-05-26 00:00:00+02:00,CS.PA,24.229387283325195,3871123
2023-05-29 00:00:00+02:00,CS.PA,24.36799430847168,2292642
2023-05-30 00:00:00+02:00,CS.PA,24.11313819885254,3531076
2023-05-31 00:00:00+02:00,CS.PA,23.621307373046875,13608709
2023-06-01 00:00:00+02:00,CS.PA,23.9432315826416,3188219
2023-06-02 00:00:00+02:00,CS.PA,24.372465133666992,4804719
2023-06-05 00:00:00+02:00,CS.PA,24.300926208496094,3155011
2023-06-06 00:00:00+02:00,CS.PA,24.376937866210938,2066798
2023-06-07 00:00:00+02:00,CS.PA,24.2785701751709,3127254
2023-06-08 00:00:00+02:00,CS.PA,24.198087692260742,2895832
2023-06-09 00:00:00+02:00,CS.PA,23.715200424194336,4507915
2023-06-12 00:00:00+02:00,CS.PA,23.45587158203125,4145099
2023-06-13 00:00:00+02:00,CS.PA,23.590007781982422,4463323
2023-06-14 00:00:00+02:00,CS.PA,23.83592414855957,4766158
2023-06-15 00:00:00+02:00,CS.PA,23.764385223388672,3489015
2023-06-16 00:00:00+02:00,CS.PA,23.607891082763672,18660060
2023-06-19 00:00:00+02:00,CS.PA,23.581064224243164,3813179
2023-06-20 00:00:00+02:00,CS.PA,23.522939682006836,2911249
2023-06-21 00:00:00+02:00,CS.PA,23.482698440551758,2928098
2023-06-22 00:00:00+02:00,CS.PA,23.370920181274414,3353948
2023-06-23 00:00:00+02:00,CS.PA,23.61683464050293,3919812
2023-06-26 00:00:00+02:00,CS.PA,23.71967124938965,3946282
2023-06-27 00:00:00+02:00,CS.PA,23.92981719970703,2812666
2023-06-28 00:00:00+02:00,CS.PA,23.965587615966797,3127992
2023-06-29 00:00:00+02:00,CS.PA,23.91193199157715,3576315
2023-06-30 00:00:00+02:00,CS.PA,24.166790008544922,5832018
2023-07-03 00:00:00+02:00,CS.PA,24.34116554260254,3673540
2023-07-04 00:00:00+02:00,CS.PA,24.11760711669922,2769656
2023-07-05 00:00:00+02:00,CS.PA,23.25019645690918,5643566
2023-07-06 00:00:00+02:00,CS.PA,22.753894805908203,6617279
2023-07-07 00:00:00+02:00,CS.PA,22.668941497802734,4173820
2023-07-10 00:00:00+02:00,CS.PA,22.740480422973633,2274856
2023-07-11 00:00:00+02:00,CS.PA,23.084762573242188,3048265
2023-07-12 00:00:00+02:00,CS.PA,23.791210174560547,4448634
2023-07-13 00:00:00+02:00,CS.PA,23.844865798950195,2956895
2023-07-14 00:00:00+02:00,CS.PA,23.554237365722656,2975705
2023-07-17 00:00:00+02:00,CS.PA,23.66154670715332,2296270
2023-07-18 00:00:00+02:00,CS.PA,23.764385223388672,1968625
2023-07-19 00:00:00+02:00,CS.PA,23.818037033081055,2472834
2023-07-20 00:00:00+02:00,CS.PA,24.45294761657715,3765259
2023-07-21 00:00:00+02:00,CS.PA,24.770402908325195,3322101
2023-07-24 00:00:00+02:00,CS.PA,24.83746910095215,1966441
2023-07-25 00:00:00+02:00,CS.PA,24.810644149780273,2169366
2023-07-26 00:00:00+02:00,CS.PA,24.752517700195312,2815871
2023-07-27 00:00:00+02:00,CS.PA,25.101268768310547,3887028
2023-07-28 00:00:00+02:00,CS.PA,25.199636459350586,3176213
2023-07-31 00:00:00+02:00,CS.PA,25.0118465423584,3293106
2023-08-01 00:00:00+02:00,CS.PA,24.841941833496094,2503771
2023-08-02 00:00:00+02:00,CS.PA,24.47083282470703,4467263
2023-08-03 00:00:00+02:00,CS.PA,24.06842613220215,4992669
2023-08-04 00:00:00+02:00,CS.PA,24.551313400268555,3332271
2023-08-07 00:00:00+02:00,CS.PA,24.72121810913086,2167922
2023-08-08 00:00:00+02:00,CS.PA,24.435062408447266,3201621
2023-08-09 00:00:00+02:00,CS.PA,24.73463249206543,2811716
2023-08-10 00:00:00+02:00,CS.PA,25.18622398376465,4407771
2023-08-11 00:00:00+02:00,CS.PA,24.89559555053711,2493975
2023-08-14 00:00:00+02:00,CS.PA,24.998432159423828,2116184
2023-08-15 00:00:00+02:00,CS.PA,24.622852325439453,2361946
2023-08-16 00:00:00+02:00,CS.PA,24.511072158813477,2048176
2023-08-17 00:00:00+02:00,CS.PA,24.560256958007812,2377504
2023-08-18 00:00:00+02:00,CS.PA,24.300926208496094,2918842
2023-08-21 00:00:00+02:00,CS.PA,24.318811416625977,2223944
2023-08-22 00:00:00+02:00,CS.PA,24.439533233642578,2461424
2023-08-23 00:00:00+02:00,CS.PA,24.511072158813477,1712053
2023-08-24 00:00:00+02:00,CS.PA,24.49765968322754,1707091
2023-08-25 00:00:00+02:00,CS.PA,24.49765968322754,1730858
2023-08-28 00:00:00+02:00,CS.PA,24.77934455871582,2168430
2023-08-29 00:00:00+02:00,CS.PA,24.976078033447266,2683772
2023-08-30 00:00:00+02:00,CS.PA,24.92242431640625,2412293
2023-08-31 00:00:00+02:00,CS.PA,24.83746910095215,3663552
2023-09-01 00:00:00+02:00,CS.PA,24.904537200927734,2256520
2023-09-04 00:00:00+02:00,CS.PA,24.792757034301758,1834082
2023-09-05 00:00:00+02:00,CS.PA,24.891122817993164,2352718
2023-09-06 00:00:00+02:00,CS.PA,24.667564392089844,2938531
2023-09-07 00:00:00+02:00,CS.PA,24.61838150024414,2533455
2023-09-08 00:00:00+02:00,CS.PA,24.774873733520508,2081369
2023-09-11 00:00:00+02:00,CS.PA,24.998432159423828,2377679
2023-09-12 00:00:00+02:00,CS.PA,25.168338775634766,2032707
2023-09-13 00:00:00+02:00,CS.PA,25.557331085205078,3912410
2023-09-14 00:00:00+02:00,CS.PA,26.062578201293945,5481414
2023-09-15 00:00:00+02:00,CS.PA,26.28166389465332,8634756
2023-09-18 00:00:00+02:00,CS.PA,25.991039276123047,2973573
2023-09-19 00:00:00+02:00,CS.PA,26.205656051635742,2576595
2023-09-20 00:00:00+02:00,CS.PA,26.245895385742188,2786338
2023-09-21 00:00:00+02:00,CS.PA,26.062578201293945,2721376
2023-09-22 00:00:00+02:00,CS.PA,25.771947860717773,3168352
2023-09-25 00:00:00+02:00,CS.PA,25.593101501464844,2672239
2023-09-26 00:00:00+02:00,CS.PA,25.61545753479004,2778983
2023-09-27 00:00:00+02:00,CS.PA,25.302474975585938,4002751
2023-09-28 00:00:00+02:00,CS.PA,25.35165786743164,3062972
2023-09-29 00:00:00+02:00,CS.PA,25.199636459350586,3769190
2023-10-02 00:00:00+02:00,CS.PA,24.756988525390625,3896653
2023-10-03 00:00:00+02:00,CS.PA,24.417177200317383,3459756
2023-10-04 00:00:00+02:00,CS.PA,24.332223892211914,3464374
2023-10-05 00:00:00+02:00,CS.PA,24.430591583251953,3272986
2023-10-06 00:00:00+02:00,CS.PA,25.0118465423584,3924092
2023-10-09 00:00:00+02:00,CS.PA,24.92689323425293,2215469
2023-10-10 00:00:00+02:00,CS.PA,25.324831008911133,2998390
2023-10-11 00:00:00+02:00,CS.PA,25.539447784423828,2942697
2023-10-12 00:00:00+02:00,CS.PA,25.360599517822266,2313555
2023-10-13 00:00:00+02:00,CS.PA,25.047616958618164,3212409
2023-10-16 00:00:00+02:00,CS.PA,25.05655860900879,1972416
2023-10-17 00:00:00+02:00,CS.PA,25.284587860107422,2271309
2023-10-18 00:00:00+02:00,CS.PA,25.181751251220703,2151088
2023-10-19 00:00:00+02:00,CS.PA,24.92689323425293,2712189
2023-10-20 00:00:00+02:00,CS.PA,24.287513732910156,4409845
2023-10-23 00:00:00+02:00,CS.PA,24.363523483276367,2350982
2023-10-24 00:00:00+02:00,CS.PA,24.44400405883789,2313079
2023-10-25 00:00:00+02:00,CS.PA,24.672035217285156,2998088
2023-10-26 00:00:00+02:00,CS.PA,24.609439849853516,2482794
2023-10-27 00:00:00+02:00,CS.PA,24.551313400268555,2276444
2023-10-30 00:00:00+01:00,CS.PA,24.89559555053711,2314200
2023-10-31 00:00:00+01:00,CS.PA,24.998432159423828,2711526
2023-11-01 00:00:00+01:00,CS.PA,25.29353141784668,2568831
2023-11-02 00:00:00+01:00,CS.PA,25.503677368164062,3544088
2023-11-03 00:00:00+01:00,CS.PA,25.19069480895996,5804107
2023-11-06 00:00:00+01:00,CS.PA,24.88665199279785,3152279
2023-11-07 00:00:00+01:00,CS.PA,24.524486541748047,3280959
2023-11-08 00:00:00+01:00,CS.PA,24.783815383911133,2652188
2023-11-09 00:00:00+01:00,CS.PA,24.752517700195312,2601076
2023-11-10 00:00:00+01:00,CS.PA,24.792757034301758,3383021
2023-11-13 00:00:00+01:00,CS.PA,25.083385467529297,2954150
2023-11-14 00:00:00+01:00,CS.PA,25.141510009765625,3295408
2023-11-15 00:00:00+01:00,CS.PA,24.92242431640625,2823127
2023-11-16 00:00:00+01:00,CS.PA,25.016319274902344,2445344
2023-11-17 00:00:00+01:00,CS.PA,25.38295555114746,3709351
2023-11-20 00:00:00+01:00,CS.PA,25.338241577148438,1623386
2023-11-21 00:00:00+01:00,CS.PA,25.21752166748047,1952862
2023-11-22 00:00:00+01:00,CS.PA,25.2532901763916,2072849
2023-11-23 00:00:00+01:00,CS.PA,25.2532901763916,1692762
2023-11-24 00:00:00+01:00,CS.PA,25.445552825927734,2276937
2023-11-27 00:00:00+01:00,CS.PA,25.360599517822266,1680635
2023-11-28 00:00:00+01:00,CS.PA,25.46790885925293,1774190
2023-11-29 00:00:00+01:00,CS.PA,25.432138442993164,2388249
2023-11-30 00:00:00+01:00,CS.PA,25.57074546813965,7814033
2023-12-01 00:00:00+01:00,CS.PA,25.83901596069336,2544369
2023-12-04 00:00:00+01:00,CS.PA,25.97315216064453,1894699
2023-12-05 00:00:00+01:00,CS.PA,26.17435646057129,2838949
2023-12-06 00:00:00+01:00,CS.PA,26.52758026123047,4552298
2023-12-07 00:00:00+01:00,CS.PA,26.73325538635254,3055036
2023-12-08 00:00:00+01:00,CS.PA,26.82267951965332,2983232
2023-12-11 00:00:00+01:00,CS.PA,26.88080406188965,2917995
2023-12-12 00:00:00+01:00,CS.PA,26.889745712280273,3087520
2023-12-13 00:00:00+01:00,CS.PA,26.612533569335938,3424531
2023-12-14 00:00:00+01:00,CS.PA,26.16094207763672,4872415
2023-12-15 00:00:00+01:00,CS.PA,26.084932327270508,7115339
2023-12-18 00:00:00+01:00,CS.PA,26.031278610229492,3051134
2023-12-19 00:00:00+01:00,CS.PA,26.228010177612305,3158585
2023-12-20 00:00:00+01:00,CS.PA,26.268251419067383,2198311
2023-12-21 00:00:00+01:00,CS.PA,26.402385711669922,2996032
2023-12-22 00:00:00+01:00,CS.PA,26.50522232055664,1866086
2023-12-27 00:00:00+01:00,CS.PA,26.451570510864258,1582566
2023-12-28 00:00:00+01:00,CS.PA,26.317434310913086,1516227
2023-12-29 00:00:00+01:00,CS.PA,26.371089935302734,1522097
2024-01-02 00:00:00+01:00,CS.PA,26.576763153076172,1974674
2024-01-03 00:00:00+01:00,CS.PA,26.549936294555664,2614796
2024-01-04 00:00:00+01:00,CS.PA,26.751140594482422,2269789
2024-01-05 00:00:00+01:00,CS.PA,26.715370178222656,2332092
2024-01-08 00:00:00+01:00,CS.PA,26.746667861938477,1290406
2024-01-09 00:00:00+01:00,CS.PA,26.50075340270996,2210701
2024-01-10 00:00:00+01:00,CS.PA,26.41132926940918,1829152
2024-01-11 00:00:00+01:00,CS.PA,26.138586044311523,2679652
2024-01-12 00:00:00+01:00,CS.PA,26.30849266052246,1857604
2024-01-15 00:00:00+01:00,CS.PA,26.30849266052246,1671589
2024-01-16 00:00:00+01:00,CS.PA,26.478397369384766,2651318
2024-01-17 00:00:00+01:00,CS.PA,26.402385711669922,2720352
2024-01-18 00:00:00+01:00,CS.PA,26.79585075378418,3047513
2024-01-19 00:00:00+01:00,CS.PA,27.332395553588867,4361481
2024-01-22 00:00:00+01:00,CS.PA,27.46653175354004,2418491
2024-01-23 00:00:00+01:00,CS.PA,27.377105712890625,2604322
2024-01-24 00:00:00+01:00,CS.PA,27.667734146118164,3827707
2024-01-25 00:00:00+01:00,CS.PA,27.49782943725586,2595619
2024-01-26 00:00:00+01:00,CS.PA,27.64984893798828,2924888
2024-01-29 00:00:00+01:00,CS.PA,27.74821662902832,1808014
2024-01-30 00:00:00+01:00,CS.PA,27.84210968017578,2159277
2024-01-31 00:00:00+01:00,CS.PA,27.864465713500977,3899040
2024-02-01 00:00:00+01:00,CS.PA,27.274269104003906,4195790
2024-02-02 00:00:00+01:00,CS.PA,27.305566787719727,2428875
2024-02-05 00:00:00+01:00,CS.PA,27.19378662109375,2351259
2024-02-06 00:00:00+01:00,CS.PA,27.39946174621582,2935953
2024-02-07 00:00:00+01:00,CS.PA,27.22061538696289,1912016
2024-02-08 00:00:00+01:00,CS.PA,26.89422035217285,3259398
2024-02-09 00:00:00+01:00,CS.PA,26.818206787109375,2483677
2024-02-12 00:00:00+01:00,CS.PA,27.390520095825195,3599411
2024-02-13 00:00:00+01:00,CS.PA,27.39499282836914,2696279
2024-02-14 00:00:00+01:00,CS.PA,27.39499282836914,2778309
2024-02-15 00:00:00+01:00,CS.PA,27.524656295776367,2743874
2024-02-16 00:00:00+01:00,CS.PA,27.70350456237793,3807121
2024-02-19 00:00:00+01:00,CS.PA,27.730331420898438,1348817
2024-02-20 00:00:00+01:00,CS.PA,27.868938446044922,2351697
2024-02-21 00:00:00+01:00,CS.PA,27.877880096435547,3000300
2024-02-22 00:00:00+01:00,CS.PA,28.669282913208008,4691033
2024-02-23 00:00:00+01:00,CS.PA,28.88389778137207,3300491
2024-02-26 00:00:00+01:00,CS.PA,28.950965881347656,3367574
2024-02-27 00:00:00+01:00,CS.PA,28.95990753173828,2649345
2024-02-28 00:00:00+01:00,CS.PA,29.25053596496582,3033632
2024-02-29 00:00:00+01:00,CS.PA,29.402557373046875,7391965
2024-03-01 00:00:00+01:00,CS.PA,28.93755340576172,3005763
2024-03-04 00:00:00+01:00,CS.PA,29.170053482055664,2263805
2024-03-05 00:00:00+01:00,CS.PA,29.263948440551758,1748053
2024-03-06 00:00:00+01:00,CS.PA,29.26841926574707,2148270
2024-03-07 00:00:00+01:00,CS.PA,29.599287033081055,3051206
2024-03-08 00:00:00+01:00,CS.PA,29.974868774414062,3097165
2024-03-11 00:00:00+01:00,CS.PA,29.760250091552734,4019719
2024-03-12 00:00:00+01:00,CS.PA,30.36833381652832,4219267
2024-03-13 00:00:00+01:00,CS.PA,30.243139266967773,3546406
2024-03-14 00:00:00+01:00,CS.PA,30.4085750579834,4075229
2024-03-15 00:00:00+01:00,CS.PA,30.694730758666992,8796493
2024-03-18 00:00:00+01:00,CS.PA,30.6142520904541,2264422
2024-03-19 00:00:00+01:00,CS.PA,30.95853042602539,3164889
2024-03-20 00:00:00+01:00,CS.PA,30.936176300048828,2352650
2024-03-21 00:00:00+01:00,CS.PA,30.98535919189453,3075668
2024-03-22 00:00:00+01:00,CS.PA,30.833337783813477,2707944
2024-03-25 00:00:00+01:00,CS.PA,30.918291091918945,2823619
2024-03-26 00:00:00+01:00,CS.PA,30.940643310546875,5009514
2024-03-27 00:00:00+01:00,CS.PA,31.02112579345703,2723386
2024-03-28 00:00:00+01:00,CS.PA,31.132904052734375,3490177
2024-04-02 00:00:00+02:00,CS.PA,31.083721160888672,4764847
2024-04-03 00:00:00+02:00,CS.PA,31.18208885192871,3586455
2024-04-04 00:00:00+02:00,CS.PA,31.164203643798828,3092491
2024-04-05 00:00:00+02:00,CS.PA,30.529296875,4962347
2024-04-08 00:00:00+02:00,CS.PA,30.699203491210938,3051717
2024-04-09 00:00:00+02:00,CS.PA,30.278911590576172,3492467
2024-04-10 00:00:00+02:00,CS.PA,30.269968032836914,3580133
2024-04-11 00:00:00+02:00,CS.PA,29.91227149963379,3681333
2024-04-12 00:00:00+02:00,CS.PA,30.100061416625977,3446386
2024-04-15 00:00:00+02:00,CS.PA,30.243139266967773,3168663
2024-04-16 00:00:00+02:00,CS.PA,29.70659828186035,3909139
2024-04-17 00:00:00+02:00,CS.PA,29.921215057373047,4741990
2024-04-18 00:00:00+02:00,CS.PA,30.243139266967773,4035473
2024-04-19 00:00:00+02:00,CS.PA,30.314680099487305,4710545
2024-04-22 00:00:00+02:00,CS.PA,30.699203491210938,3049537
2024-04-23 00:00:00+02:00,CS.PA,31.22679901123047,4815277
2024-04-24 00:00:00+02:00,CS.PA,30.62766456604004,5263019
2024-04-25 00:00:00+02:00,CS.PA,30.225255966186523,4264207
2024-04-26 00:00:00+02:00,CS.PA,30.269968032836914,3333045
2024-04-29 00:00:00+02:00,CS.PA,30.57400894165039,4057494
2024-04-30 00:00:00+02:00,CS.PA,30.792325973510742,7064669
2024-05-02 00:00:00+02:00,CS.PA,30.251279830932617,5025128
2024-05-03 00:00:00+02:00,CS.PA,29.833627700805664,5611738
2024-05-06 00:00:00+02:00,CS.PA,30.57400894165039,4111913
2024-05-07 00:00:00+02:00,CS.PA,30.982168197631836,3325078
2024-05-08 00:00:00+02:00,CS.PA,31.589662551879883,4263235
2024-05-09 00:00:00+02:00,CS.PA,31.751028060913086,2683065
2024-05-10 00:00:00+02:00,CS.PA,32.00731658935547,3726774
2024-05-13 00:00:00+02:00,CS.PA,31.978836059570312,2162319
2024-05-14 00:00:00+02:00,CS.PA,31.722549438476562,2908782
2024-05-15 00:00:00+02:00,CS.PA,31.675090789794922,3194335
2024-05-16 00:00:00+02:00,CS.PA,31.845949172973633,3005835
2024-05-17 00:00:00+02:00,CS.PA,31.978836059570312,5497929
2024-05-20 00:00:00+02:00,CS.PA,32.035789489746094,1772812
2024-05-21 00:00:00+02:00,CS.PA,32.18766403198242,2446288
2024-05-22 00:00:00+02:00,CS.PA,31.85544204711914,3911332
2024-05-23 00:00:00+02:00,CS.PA,31.684585571289062,2470604
2024-05-24 00:00:00+02:00,CS.PA,31.893407821655273,2627576
2024-05-27 00:00:00+02:00,CS.PA,31.978836059570312,1712511
2024-05-28 00:00:00+02:00,CS.PA,31.675090789794922,2796438
2024-05-29 00:00:00+02:00,CS.PA,31.361852645874023,3334056
2024-05-30 00:00:00+02:00,CS.PA,31.399822235107422,2869972
2024-05-31 00:00:00+02:00,CS.PA,31.3713436126709,8922704
2024-06-03 00:00:00+02:00,CS.PA,31.45677375793457,3467483
2024-06-04 00:00:00+02:00,CS.PA,31.096073150634766,3550350
2024-06-05 00:00:00+02:00,CS.PA,31.42829704284668,2996962
2024-06-06 00:00:00+02:00,CS.PA,31.71306037902832,2819770
2024-06-07 00:00:00+02:00,CS.PA,31.494741439819336,3119191
2024-06-10 00:00:00+02:00,CS.PA,30.687915802001953,7436765
2024-06-11 00:00:00+02:00,CS.PA,30.184833526611328,6868881
2024-06-12 00:00:00+02:00,CS.PA,30.61197853088379,4479567
2024-06-13 00:00:00+02:00,CS.PA,29.378007888793945,9250383
2024-06-14 00:00:00+02:00,CS.PA,27.935209274291992,15401026
2024-06-17 00:00:00+02:00,CS.PA,28.457273483276367,6132543
2024-06-18 00:00:00+02:00,CS.PA,28.979339599609375,5678921
2024-06-19 00:00:00+02:00,CS.PA,28.922386169433594,3127957
2024-06-20 00:00:00+02:00,CS.PA,29.368515014648438,4121951
2024-06-21 00:00:00+02:00,CS.PA,29.007814407348633,9616490
2024-06-24 00:00:00+02:00,CS.PA,29.33054542541504,3613473
2024-06-25 00:00:00+02:00,CS.PA,29.197656631469727,3363255
2024-06-26 00:00:00+02:00,CS.PA,29.10273551940918,3059712
2024-06-27 00:00:00+02:00,CS.PA,28.82746696472168,5676440
2024-06-28 00:00:00+02:00,CS.PA,29.01730728149414,5325632
2024-07-01 00:00:00+02:00,CS.PA,29.67226219177246,5822740
2024-07-02 00:00:00+02:00,CS.PA,29.5583553314209,3534410
2024-07-03 00:00:00+02:00,CS.PA,30.061437606811523,4140685
2024-07-04 00:00:00+02:00,CS.PA,30.45061492919922,3706902
2024-07-05 00:00:00+02:00,CS.PA,30.336706161499023,2969546
2024-07-08 00:00:00+02:00,CS.PA,30.384166717529297,2475601
2024-07-09 00:00:00+02:00,CS.PA,30.023468017578125,3535401
2024-07-10 00:00:00+02:00,CS.PA,30.34619903564453,2497364
2024-07-11 00:00:00+02:00,CS.PA,30.441120147705078,2537783
2024-07-12 00:00:00+02:00,CS.PA,30.61197853088379,3551094
2024-07-15 00:00:00+02:00,CS.PA,30.545534133911133,1852939
2024-07-16 00:00:00+02:00,CS.PA,30.374675750732422,1805580
2024-07-17 00:00:00+02:00,CS.PA,30.35569190979004,2134086
2024-07-18 00:00:00+02:00,CS.PA,30.61197853088379,2237160
2024-07-19 00:00:00+02:00,CS.PA,30.317724227905273,4071318
2024-07-22 00:00:00+02:00,CS.PA,30.57400894165039,2001739
2024-07-23 00:00:00+02:00,CS.PA,30.782835006713867,1930672
2024-07-24 00:00:00+02:00,CS.PA,30.479089736938477,2482990
2024-07-25 00:00:00+02:00,CS.PA,30.602487564086914,2792420
2024-07-26 00:00:00+02:00,CS.PA,30.83029556274414,2341214
2024-07-29 00:00:00+02:00,CS.PA,30.592992782592773,1856948
2024-07-30 00:00:00+02:00,CS.PA,31.02962875366211,2325624
2024-07-31 00:00:00+02:00,CS.PA,30.83979034423828,3600344
2024-08-01 00:00:00+02:00,CS.PA,30.194326400756836,3827267
2024-08-02 00:00:00+02:00,CS.PA,30.62146759033203,5822309
2024-08-05 00:00:00+02:00,CS.PA,29.805150985717773,5541188
2024-08-06 00:00:00+02:00,CS.PA,29.7197208404541,4063674
2024-08-07 00:00:00+02:00,CS.PA,30.40315055847168,3436313
2024-08-08 00:00:00+02:00,CS.PA,30.507564544677734,2035467
2024-08-09 00:00:00+02:00,CS.PA,30.944198608398438,3767555
2024-08-12 00:00:00+02:00,CS.PA,30.706897735595703,1992016
2024-08-13 00:00:00+02:00,CS.PA,30.7448673248291,2461176
2024-08-14 00:00:00+02:00,CS.PA,31.058107376098633,2180855
2024-08-15 00:00:00+02:00,CS.PA,31.390329360961914,2350211
2024-08-16 00:00:00+02:00,CS.PA,31.665599822998047,2622400
2024-08-19 00:00:00+02:00,CS.PA,31.741535186767578,1623669
2024-08-20 00:00:00+02:00,CS.PA,31.779504776000977,1897709
2024-08-21 00:00:00+02:00,CS.PA,31.7700138092041,2352025
2024-08-22 00:00:00+02:00,CS.PA,31.8839168548584,1882359
2024-08-23 00:00:00+02:00,CS.PA,32.22563171386719,1933524
2024-08-26 00:00:00+02:00,CS.PA,32.22563171386719,1233755
2024-08-27 00:00:00+02:00,CS.PA,32.320552825927734,2230053
2024-08-28 00:00:00+02:00,CS.PA,32.56734848022461,3199570
2024-08-29 00:00:00+02:00,CS.PA,32.55785369873047,2069913
2024-08-30 00:00:00+02:00,CS.PA,32.65277862548828,3486550
2024-09-02 00:00:00+02:00,CS.PA,32.890079498291016,2351791
2024-09-03 00:00:00+02:00,CS.PA,32.880584716796875,2805955
2024-09-04 00:00:00+02:00,CS.PA,32.75718688964844,3105269
2024-09-05 00:00:00+02:00,CS.PA,32.95652389526367,2816836
2024-09-06 00:00:00+02:00,CS.PA,32.73820495605469,3581986
2024-09-09 00:00:00+02:00,CS.PA,33.136871337890625,2702647
2024-09-10 00:00:00+02:00,CS.PA,33.18433380126953,4349278
2024-09-11 00:00:00+02:00,CS.PA,33.50706481933594,3829497
2024-09-12 00:00:00+02:00,CS.PA,33.79182434082031,3827679
2024-09-13 00:00:00+02:00,CS.PA,34.2474479675293,3953802
2024-09-16 00:00:00+02:00,CS.PA,34.35186004638672,2446479
2024-09-17 00:00:00+02:00,CS.PA,34.31389236450195,4006579
2024-09-18 00:00:00+02:00,CS.PA,34.162017822265625,3309193
2024-09-19 00:00:00+02:00,CS.PA,34.389827728271484,3923374
2024-09-20 00:00:00+02:00,CS.PA,34.4088134765625,9635098
2024-09-23 00:00:00+02:00,CS.PA,34.30439758300781,4508139
2024-09-24 00:00:00+02:00,CS.PA,34.32338333129883,2938844
2024-09-25 00:00:00+02:00,CS.PA,33.69690704345703,3957983
2024-09-26 00:00:00+02:00,CS.PA,33.962684631347656,3756880
2024-09-27 00:00:00+02:00,CS.PA,33.725379943847656,5180993
2024-09-30 00:00:00+02:00,CS.PA,32.77617263793945,6292966
2024-10-01 00:00:00+02:00,CS.PA,32.67176055908203,3337011
2024-10-02 00:00:00+02:00,CS.PA,32.69074249267578,3180692
2024-10-03 00:00:00+02:00,CS.PA,32.1971549987793,4116560
2024-10-04 00:00:00+02:00,CS.PA,32.624298095703125,4479995
2024-10-07 00:00:00+02:00,CS.PA,32.7097282409668,3444464
2024-10-08 00:00:00+02:00,CS.PA,32.61480712890625,3413714
2024-10-09 00:00:00+02:00,CS.PA,32.937538146972656,2916533
2024-10-10 00:00:00+02:00,CS.PA,33.089412689208984,3139281
2024-10-11 00:00:00+02:00,CS.PA,33.30773162841797,2709330
2024-10-14 00:00:00+02:00,CS.PA,33.592491149902344,2783649
2024-10-15 00:00:00+02:00,CS.PA,34.00065231323242,5390457
2024-10-16 00:00:00+02:00,CS.PA,33.94369888305664,3148393
2024-10-17 00:00:00+02:00,CS.PA,34.143035888671875,3411006
2024-10-18 00:00:00+02:00,CS.PA,34.2474479675293,2771411
2024-10-21 00:00:00+02:00,CS.PA,33.905731201171875,2850686
2024-10-22 00:00:00+02:00,CS.PA,33.601985931396484,3639177
2024-10-23 00:00:00+02:00,CS.PA,33.32671356201172,2618439
2024-10-24 00:00:00+02:00,CS.PA,33.48807907104492,3450218
2024-10-25 00:00:00+02:00,CS.PA,33.117889404296875,3509125
2024-10-28 00:00:00+01:00,CS.PA,33.53554153442383,3451584
2024-10-29 00:00:00+01:00,CS.PA,33.35519027709961,3482117
2024-10-30 00:00:00+01:00,CS.PA,33.07042694091797,3967925
2024-10-31 00:00:00+01:00,CS.PA,32.76668167114258,5962716
2024-11-01 00:00:00+01:00,CS.PA,32.53887176513672,2837358
2024-11-04 00:00:00+01:00,CS.PA,32.33953857421875,2260215
2024-11-05 00:00:00+01:00,CS.PA,32.64328384399414,2478376
2024-11-06 00:00:00+01:00,CS.PA,32.7097282409668,4199106
2024-11-07 00:00:00+01:00,CS.PA,32.39649200439453,4163091
2024-11-08 00:00:00+01:00,CS.PA,32.14020538330078,2828675
2024-11-11 00:00:00+01:00,CS.PA,32.46293640136719,2860191
2024-11-12 00:00:00+01:00,CS.PA,31.51372718811035,4554097
2024-11-13 00:00:00+01:00,CS.PA,31.608646392822266,3538137
2024-11-14 00:00:00+01:00,CS.PA,31.931377410888672,5238719
2024-11-15 00:00:00+01:00,CS.PA,32.15918731689453,3018970
2024-11-18 00:00:00+01:00,CS.PA,32.51039505004883,2810133
2024-11-19 00:00:00+01:00,CS.PA,32.31106185913086,3123420
2024-11-20 00:00:00+01:00,CS.PA,32.30156707763672,3934451
2024-11-21 00:00:00+01:00,CS.PA,32.46293640136719,3597506
2024-11-22 00:00:00+01:00,CS.PA,32.349029541015625,3238041
2024-11-25 00:00:00+01:00,CS.PA,32.33953857421875,7788863
2024-11-26 00:00:00+01:00,CS.PA,31.950361251831055,3523936
2024-11-27 00:00:00+01:00,CS.PA,30.57400894165039,9343821
2024-11-28 00:00:00+01:00,CS.PA,30.849279403686523,4768295
2024-11-29 00:00:00+01:00,CS.PA,31.304899215698242,7214826
2024-12-02 00:00:00+01:00,CS.PA,30.887248992919922,6598293
2024-12-03 00:00:00+01:00,CS.PA,30.649946212768555,7011559
2024-12-04 00:00:00+01:00,CS.PA,31.162521362304688,3952519
2024-12-05 00:00:00+01:00,CS.PA,31.940872192382812,5932880
2024-12-06 00:00:00+01:00,CS.PA,32.273094177246094,5287313
2024-12-09 00:00:00+01:00,CS.PA,32.33953857421875,3658094
2024-12-10 00:00:00+01:00,CS.PA,31.988330841064453,4791301
2024-12-11 00:00:00+01:00,CS.PA,31.95985221862793,3225022
2024-12-12 00:00:00+01:00,CS.PA,31.85544204711914,2852315
2024-12-13 00:00:00+01:00,CS.PA,32.368011474609375,3877128
2024-12-16 00:00:00+01:00,CS.PA,32.23512268066406,3138508
2024-12-17 00:00:00+01:00,CS.PA,32.02629852294922,3511299
2024-12-18 00:00:00+01:00,CS.PA,32.083251953125,3890176
2024-12-19 00:00:00+01:00,CS.PA,32.064266204833984,3637888
2024-12-20 00:00:00+01:00,CS.PA,31.807979583740234,10458294
2024-12-23 00:00:00+01:00,CS.PA,31.931377410888672,2214974
2024-12-24 00:00:00+01:00,CS.PA,31.864933013916016,912264
2024-12-27 00:00:00+01:00,CS.PA,32.349029541015625,2335781
2024-12-30 00:00:00+01:00,CS.PA,32.38699722290039,2086778
2024-12-31 00:00:00+01:00,CS.PA,32.576839447021484,859533
2025-01-02 00:00:00+01:00,CS.PA,32.67176055908203,2418364
2025-01-03 00:00:00+01:00,CS.PA,32.33953857421875,3257406
2025-01-06 00:00:00+01:00,CS.PA,32.70023727416992,3544197
2025-01-07 00:00:00+01:00,CS.PA,32.99449157714844,3854753
2025-01-08 00:00:00+01:00,CS.PA,33.079917907714844,3226710
2025-01-09 00:00:00+01:00,CS.PA,32.662269592285156,2771033
2025-01-10 00:00:00+01:00,CS.PA,32.121219635009766,3872889
2025-01-13 00:00:00+01:00,CS.PA,31.779504776000977,3211352
2025-01-14 00:00:00+01:00,CS.PA,31.950361251831055,3407363
2025-01-15 00:00:00+01:00,CS.PA,32.65277862548828,5182708
2025-01-16 00:00:00+01:00,CS.PA,33.298240661621094,4383239
2025-01-17 00:00:00+01:00,CS.PA,33.56401824951172,4440865
2025-01-20 00:00:00+01:00,CS.PA,33.5450325012207,3307881
2025-01-21 00:00:00+01:00,CS.PA,33.45960235595703,3842600
2025-01-22 00:00:00+01:00,CS.PA,33.905731201171875,4876478
2025-01-23 00:00:00+01:00,CS.PA,34.28541564941406,4237231
2025-01-24 00:00:00+01:00,CS.PA,34.07659149169922,4166064
2025-01-27 00:00:00+01:00,CS.PA,34.50373077392578,6305974
2025-01-28 00:00:00+01:00,CS.PA,34.80747985839844,3367446
2025-01-29 00:00:00+01:00,CS.PA,34.62712860107422,2984217
2025-01-30 00:00:00+01:00,CS.PA,34.82646179199219,3906503
2025-01-31 00:00:00+01:00,CS.PA,34.78849792480469,5133800
2025-02-03 00:00:00+01:00,CS.PA,34.5227165222168,3718862
2025-02-04 00:00:00+01:00,CS.PA,35.17767333984375,4142009
2025-02-05 00:00:00+01:00,CS.PA,35.07325744628906,3109910
2025-02-06 00:00:00+01:00,CS.PA,35.48141860961914,6542340
2025-02-07 00:00:00+01:00,CS.PA,35.65227508544922,2798102
2025-02-10 00:00:00+01:00,CS.PA,35.82313537597656,2707777
2025-02-11 00:00:00+01:00,CS.PA,36.06992721557617,2736795
2025-02-12 00:00:00+01:00,CS.PA,36.09840393066406,4011717
2025-02-13 00:00:00+01:00,CS.PA,36.06992721557617,3249416
2025-02-14 00:00:00+01:00,CS.PA,35.62379837036133,3995750
2025-02-17 00:00:00+01:00,CS.PA,35.68075180053711,2991112
2025-02-18 00:00:00+01:00,CS.PA,35.62379837036133,3410732
2025-02-19 00:00:00+01:00,CS.PA,34.902400970458984,3883044
2025-02-20 00:00:00+01:00,CS.PA,34.96884536743164,2796404
2025-02-21 00:00:00+01:00,CS.PA,35.10173416137695,3651642
2025-02-24 00:00:00+01:00,CS.PA,35.21563720703125,2972832
2025-02-25 00:00:00+01:00,CS.PA,35.642784118652344,3398663
2025-02-26 00:00:00+01:00,CS.PA,36.2977409362793,4671889
2025-02-27 00:00:00+01:00,CS.PA,35.794654846191406,4760493
2025-02-28 00:00:00+01:00,CS.PA,35.538368225097656,7159105
2025-03-03 00:00:00+01:00,CS.PA,36.212310791015625,5252978
2025-03-04 00:00:00+01:00,CS.PA,36.031959533691406,4388013
2025-03-05 00:00:00+01:00,CS.PA,36.37367248535156,5453880
2025-03-06 00:00:00+01:00,CS.PA,36.68691635131836,5769050
2025-03-07 00:00:00+01:00,CS.PA,36.791324615478516,5272716
2025-03-10 00:00:00+01:00,CS.PA,36.563514709472656,5286789
2025-03-11 00:00:00+01:00,CS.PA,36.09840393066406,5543770
2025-03-12 00:00:00+01:00,CS.PA,36.8482780456543,4693702
2025-03-13 00:00:00+01:00,CS.PA,36.791324615478516,3908405
2025-03-14 00:00:00+01:00,CS.PA,36.85777282714844,4332656
2025-03-17 00:00:00+01:00,CS.PA,37.26593017578125,4770446
2025-03-18 00:00:00+01:00,CS.PA,37.88291549682617,5333231
2025-03-19 00:00:00+01:00,CS.PA,37.816471099853516,4943163
2025-03-20 00:00:00+01:00,CS.PA,37.62662887573242,2861125
2025-03-21 00:00:00+01:00,CS.PA,37.503231048583984,6788197
2025-03-24 00:00:00+01:00,CS.PA,37.569679260253906,3375122
2025-03-25 00:00:00+01:00,CS.PA,38.101234436035156,4699350
2025-03-26 00:00:00+01:00,CS.PA,38.025299072265625,3874175
2025-03-27 00:00:00+01:00,CS.PA,38.063262939453125,3150779
2025-03-28 00:00:00+01:00,CS.PA,37.95885467529297,3970615
2025-03-31 00:00:00+02:00,CS.PA,37.39882278442383,5793431
2025-04-01 00:00:00+02:00,CS.PA,37.968345642089844,4170784
2025-04-02 00:00:00+02:00,CS.PA,38.34803009033203,4393967
2025-04-03 00:00:00+02:00,CS.PA,37.712059020996094,6099999
2025-04-04 00:00:00+02:00,CS.PA,35.661766052246094,11487544
2025-04-07 00:00:00+02:00,CS.PA,33.40264892578125,14286567
2025-04-08 00:00:00+02:00,CS.PA,34.57966995239258,7448766
2025-04-09 00:00:00+02:00,CS.PA,33.58300018310547,8001399
2025-04-10 00:00:00+02:00,CS.PA,35.31056213378906,10295205
2025-04-11 00:00:00+02:00,CS.PA,35.244117736816406,5053470
2025-04-14 00:00:00+02:00,CS.PA,36.16484832763672,4392251
2025-04-15 00:00:00+02:00,CS.PA,36.90523147583008,4570114
2025-04-16 00:00:00+02:00,CS.PA,37.1710090637207,3372340
2025-04-17 00:00:00+02:00,CS.PA,37.503231048583984,4451871
2025-04-22 00:00:00+02:00,CS.PA,38.00631332397461,4270855
2025-04-23 00:00:00+02:00,CS.PA,38.281585693359375,4566456
2025-04-24 00:00:00+02:00,CS.PA,38.18666076660156,2882578
2025-04-25 00:00:00+02:00,CS.PA,38.50939178466797,3620980
2025-04-28 00:00:00+02:00,CS.PA,38.860599517822266,5191875
2025-04-29 00:00:00+02:00,CS.PA,39.22129821777344,5554208
2025-04-30 00:00:00+02:00,CS.PA,39.45860290527344,6450839
2025-05-02 00:00:00+02:00,CS.PA,40.18000411987305,6272433
2025-05-05 00:00:00+02:00,CS.PA,41.130001068115234,4474155
2025-05-06 00:00:00+02:00,CS.PA,40.93000030517578,3736743
2025-05-07 00:00:00+02:00,CS.PA,40.650001525878906,5361396
2025-05-08 00:00:00+02:00,CS.PA,41.119998931884766,4680456
2025-05-09 00:00:00+02:00,CS.PA,41.66999816894531,5492973
2025-05-12 00:00:00+02:00,CS.PA,40.689998626708984,5303399
2025-05-13 00:00:00+02:00,CS.PA,40.47999954223633,3402474
2025-05-14 00:00:00+02:00,CS.PA,40.65999984741211,3528605
2025-05-15 00:00:00+02:00,CS.PA,40.7599983215332,3434989
2025-05-16 00:00:00+02:00,CS.PA,41.25,4775896
2025-05-19 00:00:00+02:00,CS.PA,41.66999816894531,3232536
2025-05-20 00:00:00+02:00,CS.PA,41.61000061035156,3011957
2025-05-21 00:00:00+02:00,CS.PA,41.689998626708984,3742470
2025-05-22 00:00:00+02:00,CS.PA,41.56999969482422,3117720
2025-05-23 00:00:00+02:00,CS.PA,40.970001220703125,4677385
2025-05-26 00:00:00+02:00,CS.PA,41.29999923706055,2319749
2025-05-27 00:00:00+02:00,CS.PA,41.31999969482422,1844295
2025-05-28 00:00:00+02:00,CS.PA,41.06999969482422,3042388
2025-05-29 00:00:00+02:00,CS.PA,41.459999084472656,2661118
2025-05-30 00:00:00+02:00,CS.PA,41.5099983215332,7792446
2025-06-02 00:00:00+02:00,CS.PA,41.88999938964844,3631046
2025-06-03 00:00:00+02:00,CS.PA,42.130001068115234,5559337
2025-06-04 00:00:00+02:00,CS.PA,42.349998474121094,4168078
2025-06-05 00:00:00+02:00,CS.PA,42.5,3902365
2025-06-06 00:00:00+02:00,CS.PA,42.709999084472656,3639226
2025-06-09 00:00:00+02:00,CS.PA,42.38999938964844,4615818
2025-06-10 00:00:00+02:00,CS.PA,42.20000076293945,4568819
2025-06-11 00:00:00+02:00,CS.PA,42.099998474121094,3688459
2025-06-12 00:00:00+02:00,CS.PA,41.880001068115234,3055468
2025-06-13 00:00:00+02:00,CS.PA,41.619998931884766,5468693
2025-06-16 00:00:00+02:00,CS.PA,42.0,4013288
2025-06-17 00:00:00+02:00,CS.PA,41.630001068115234,3133348
2025-06-18 00:00:00+02:00,CS.PA,41.7599983215332,4049712
2025-06-19 00:00:00+02:00,CS.PA,41.58000183105469,3588136
2025-06-20 00:00:00+02:00,CS.PA,42.599998474121094,14426469
2025-06-23 00:00:00+02:00,CS.PA,41.72999954223633,3791649
2025-06-24 00:00:00+02:00,CS.PA,41.880001068115234,4491035
2025-06-25 00:00:00+02:00,CS.PA,41.7599983215332,3614956
2025-06-26 00:00:00+02:00,CS.PA,41.59000015258789,3156256
2025-06-27 00:00:00+02:00,CS.PA,41.959999084472656,3597918
2025-06-30 00:00:00+02:00,CS.PA,41.66999816894531,3922881
2025-07-01 00:00:00+02:00,CS.PA,41.060001373291016,3417371
2025-07-02 00:00:00+02:00,CS.PA,40.63999938964844,4796809
2025-07-03 00:00:00+02:00,CS.PA,41.400001525878906,3463535
2025-07-04 00:00:00+02:00,CS.PA,41.0,2069327
2025-07-07 00:00:00+02:00,CS.PA,41.529998779296875,2894674
2025-07-08 00:00:00+02:00,CS.PA,41.45000076293945,3372055
2025-07-09 00:00:00+02:00,CS.PA,42.04999923706055,3182937
2025-07-10 00:00:00+02:00,CS.PA,41.63999938964844,2330381
2025-07-11 00:00:00+02:00,CS.PA,41.689998626708984,2899928
2025-07-14 00:00:00+02:00,CS.PA,41.77000045776367,1554459
2025-07-15 00:00:00+02:00,CS.PA,41.41999816894531,2663833
2025-07-16 00:00:00+02:00,CS.PA,41.34000015258789,3700202
2025-07-17 00:00:00+02:00,CS.PA,41.59000015258789,2560801
2025-07-18 00:00:00+02:00,CS.PA,41.88999938964844,2346685
2025-07-21 00:00:00+02:00,CS.PA,42.0,1845916
2025-07-22 00:00:00+02:00,CS.PA,41.5099983215332,1929427
2025-07-23 00:00:00+02:00,CS.PA,41.9900016784668,4136159
2025-07-24 00:00:00+02:00,CS.PA,42.20000076293945,2996314
2025-07-25 00:00:00+02:00,CS.PA,42.27000045776367,3608108
2025-07-28 00:00:00+02:00,CS.PA,42.150001525878906,2564753
2025-07-29 00:00:00+02:00,CS.PA,42.459999084472656,2567240
2025-07-30 00:00:00+02:00,CS.PA,42.61000061035156,2516899
2025-07-31 00:00:00+02:00,CS.PA,42.68000030517578,4603877
2025-08-01 00:00:00+02:00,CS.PA,39.33000183105469,9196110
2025-08-04 00:00:00+02:00,CS.PA,39.97999954223633,5144434
2025-08-05 00:00:00+02:00,CS.PA,40.599998474121094,3869887
2025-08-06 00:00:00+02:00,CS.PA,40.7599983215332,2051039
2025-08-07 00:00:00+02:00,CS.PA,41.56999969482422,4154804
2025-08-08 00:00:00+02:00,CS.PA,41.38999938964844,2727218
2025-08-11 00:00:00+02:00,CS.PA,41.619998931884766,2117826
2025-08-12 00:00:00+02:00,CS.PA,42.119998931884766,3474470
2025-08-13 00:00:00+02:00,CS.PA,42.66999816894531,2933035
2025-08-14 00:00:00+02:00,CS.PA,42.88999938964844,2634884
2025-08-15 00:00:00+02:00,CS.PA,43.400001525878906,3794242
2025-08-18 00:00:00+02:00,CS.PA,42.779998779296875,2815282
2025-08-19 00:00:00+02:00,CS.PA,42.93000030517578,2456731
2025-08-20 00:00:00+02:00,CS.PA,43.310001373291016,1815708
2025-08-21 00:00:00+02:00,CS.PA,43.04999923706055,2158760
2025-08-22 00:00:00+02:00,CS.PA,42.59000015258789,3068912
2025-08-25 00:00:00+02:00,CS.PA,40.959999084472656,6420397
2025-08-26 00:00:00+02:00,CS.PA,39.310001373291016,12913585
2025-08-27 00:00:00+02:00,CS.PA,39.91999816894531,5478206
2025-08-28 00:00:00+02:00,CS.PA,39.900001525878906,3105171
2025-08-29 00:00:00+02:00,CS.PA,39.790000915527344,2839423
2025-09-01 00:00:00+02:00,CS.PA,39.779998779296875,2055391
2025-09-02 00:00:00+02:00,CS.PA,39.20000076293945,5236746
2025-09-03 00:00:00+02:00,CS.PA,39.33000183105469,3243297
2025-09-04 00:00:00+02:00,CS.PA,39.810001373291016,4295165
2025-09-05 00:00:00+02:00,CS.PA,39.5099983215332,3059792
2025-09-08 00:00:00+02:00,CS.PA,39.7599983215332,2510596
2025-09-09 00:00:00+02:00,CS.PA,39.849998474121094,3844728
2025-09-10 00:00:00+02:00,CS.PA,39.970001220703125,3312432
2025-09-11 00:00:00+02:00,CS.PA,40.25,3309137
2025-09-12 00:00:00+02:00,CS.PA,40.209999084472656,2767009
2025-09-15 00:00:00+02:00,CS.PA,40.400001525878906,3897729
2025-09-16 00:00:00+02:00,CS.PA,39.70000076293945,4241200
2025-09-17 00:00:00+02:00,CS.PA,39.56999969482422,3488736
2025-09-18 00:00:00+02:00,CS.PA,39.58000183105469,3178823
2025-09-19 00:00:00+02:00,CS.PA,39.88999938964844,9576669
2025-09-22 00:00:00+02:00,CS.PA,40.04999923706055,2300807
2025-09-23 00:00:00+02:00,CS.PA,40.02000045776367,2790951
2025-09-24 00:00:00+02:00,CS.PA,39.79999923706055,2895169
2025-09-25 00:00:00+02:00,CS.PA,39.93000030517578,2420408
2025-09-26 00:00:00+02:00,CS.PA,40.65999984741211,2822204
2025-09-29 00:00:00+02:00,CS.PA,40.560001373291016,2091070
2025-09-30 00:00:00+02:00,CS.PA,40.63999938964844,2417349
2025-10-01 00:00:00+02:00,CS.PA,40.63999938964844,2604391
2025-10-02 00:00:00+02:00,CS.PA,40.560001373291016,2302819
2025-10-03 00:00:00+02:00,CS.PA,40.380001068115234,2302912
2025-10-06 00:00:00+02:00,CS.PA,39.439998626708984,7460617
2025-10-07 00:00:00+02:00,CS.PA,39.13999938964844,3916120
2025-10-08 00:00:00+02:00,CS.PA,39.83000183105469,3858392
2025-10-09 00:00:00+02:00,CS.PA,39.79999923706055,3138150
2025-10-10 00:00:00+02:00,CS.PA,39.560001373291016,3734233
2025-10-13 00:00:00+02:00,CS.PA,39.5099983215332,2485602
2025-10-14 00:00:00+02:00,CS.PA,40.18000030517578,3511125
2025-10-15 00:00:00+02:00,CS.PA,40.16999816894531,3204582
2025-10-16 00:00:00+02:00,CS.PA,40.20000076293945,3507264
2025-10-17 00:00:00+02:00,CS.PA,39.40999984741211,4528581
2025-10-20 00:00:00+02:00,CS.PA,39.119998931884766,3501783
2025-10-21 00:00:00+02:00,CS.PA,39.33000183105469,3209206
2025-10-22 00:00:00+02:00,CS.PA,39.34000015258789,2521597
2025-10-23 00:00:00+02:00,CS.PA,39.38999938964844,1783450
2025-10-24 00:00:00+02:00,CS.PA,39.400001525878906,3951705
2025-10-27 00:00:00+01:00,CS.PA,39.61000061035156,2689416
2025-10-28 00:00:00+01:00,CS.PA,39.70000076293945,2104642
2025-10-29 00:00:00+01:00,CS.PA,39.22999954223633,3254723
2025-10-30 00:00:00+01:00,CS.PA,39.34000015258789,4095106
2025-10-31 00:00:00+01:00,CS.PA,37.630001068115234,7673182
2025-11-03 00:00:00+01:00,CS.PA,37.77000045776367,3679150
2025-11-04 00:00:00+01:00,CS.PA,37.869998931884766,3983082
2025-11-05 00:00:00+01:00,CS.PA,38.11000061035156,4082619
2025-11-06 00:00:00+01:00,CS.PA,37.779998779296875,4823198
2025-11-07 00:00:00+01:00,CS.PA,37.5099983215332,6240272
2025-11-10 00:00:00+01:00,CS.PA,37.939998626708984,6394461
2025-11-11 00:00:00+01:00,CS.PA,38.189998626708984,4118506
2025-11-12 00:00:00+01:00,CS.PA,38.540000915527344,4944062
2025-11-13 00:00:00+01:00,CS.PA,38.95000076293945,4350660
2025-11-14 00:00:00+01:00,CS.PA,38.4900016784668,3328665
2025-11-17 00:00:00+01:00,CS.PA,38.2400016784668,2467719
2025-11-18 00:00:00+01:00,CS.PA,37.86000061035156,4491572
2025-11-19 00:00:00+01:00,CS.PA,37.79999923706055,2677887
2025-11-20 00:00:00+01:00,CS.PA,37.779998779296875,4395727
2025-11-21 00:00:00+01:00,CS.PA,38.13999938964844,4077850
2025-11-24 00:00:00+01:00,CS.PA,38.2400016784668,8030483
2025-11-25 00:00:00+01:00,CS.PA,38.29999923706055,4182858
2025-11-26 00:00:00+01:00,CS.PA,38.7400016784668,3024758
2025-11-27 00:00:00+01:00,CS.PA,38.93000030517578,1728611
2025-11-28 00:00:00+01:00,CS.PA,38.900001525878906,2315605
2025-12-01 00:00:00+01:00,CS.PA,38.619998931884766,2609610
2025-12-02 00:00:00+01:00,CS.PA,38.59000015258789,2452130
2025-12-03 00:00:00+01:00,CS.PA,38.189998626708984,2578662
2025-12-04 00:00:00+01:00,CS.PA,38.560001373291016,3386603
2025-12-05 00:00:00+01:00,CS.PA,38.54999923706055,2194608
2025-12-08 00:00:00+01:00,CS.PA,38.81999969482422,2578837
2025-12-09 00:00:00+01:00,CS.PA,39.029998779296875,2761282
2025-12-10 00:00:00+01:00,CS.PA,39.2400016784668,4359505
2025-12-11 00:00:00+01:00,CS.PA,39.90999984741211,3061233
2025-12-12 00:00:00+01:00,CS.PA,40.380001068115234,4786837
2025-12-15 00:00:00+01:00,CS.PA,40.7400016784668,3346397
2025-12-16 00:00:00+01:00,CS.PA,40.54999923706055,3352262
2025-12-17 00:00:00+01:00,CS.PA,40.9900016784668,3682257
2025-12-18 00:00:00+01:00,CS.PA,40.83000183105469,3977386
2025-12-19 00:00:00+01:00,CS.PA,41.20000076293945,9567892
2025-12-22 00:00:00+01:00,CS.PA,41.099998474121094,1674470
2025-12-23 00:00:00+01:00,CS.PA,41.11000061035156,1538431
2025-12-24 00:00:00+01:00,CS.PA,41.13999938964844,355376
2025-12-29 00:00:00+01:00,CS.PA,40.86000061035156,2084501
2025-12-30 00:00:00+01:00,CS.PA,41.13999938964844,2165529
2025-12-31 00:00:00+01:00,CS.PA,40.959999084472656,976313
2026-01-02 00:00:00+01:00,CS.PA,40.95000076293945,2129948
2026-01-05 00:00:00+01:00,CS.PA,40.81999969482422,3769735
2026-01-06 00:00:00+01:00,CS.PA,40.540000915527344,3604271
2026-01-07 00:00:00+01:00,CS.PA,40.29999923706055,3096377
2026-01-08 00:00:00+01:00,CS.PA,40.439998626708984,2594408
2026-01-09 00:00:00+01:00,CS.PA,39.9900016784668,4296369
2026-01-12 00:00:00+01:00,CS.PA,39.75,2703613
2026-01-13 00:00:00+01:00,CS.PA,39.0,3743038
2026-01-14 00:00:00+01:00,CS.PA,39.09000015258789,4151416
2026-01-15 00:00:00+01:00,CS.PA,39.36000061035156,2891844
2026-01-16 00:00:00+01:00,CS.PA,39.27000045776367,3971942
2026-01-19 00:00:00+01:00,CS.PA,39.369998931884766,3763965
2026-01-20 00:00:00+01:00,CS.PA,38.880001068115234,4349958
2026-01-21 00:00:00+01:00,CS.PA,38.0,4062475
2026-01-22 00:00:00+01:00,CS.PA,38.290000915527344,3384886
2026-01-23 00:00:00+01:00,CS.PA,37.709999084472656,3862697
2026-01-26 00:00:00+01:00,CS.PA,37.90999984741211,3058831
2026-01-27 00:00:00+01:00,CS.PA,37.7599983215332,2963608
2026-01-28 00:00:00+01:00,CS.PA,38.060001373291016,2995988
2026-01-29 00:00:00+01:00,CS.PA,38.119998931884766,2570669
2026-01-30 00:00:00+01:00,CS.PA,38.43000030517578,3343196
2026-02-02 00:00:00+01:00,CS.PA,38.93000030517578,2843716
2026-02-03 00:00:00+01:00,CS.PA,39.310001373291016,3149196
2026-02-04 00:00:00+01:00,CS.PA,40.130001068115234,4236588
2026-02-05 00:00:00+01:00,CS.PA,39.459999084472656,3747988
2026-02-06 00:00:00+01:00,CS.PA,39.65999984741211,2708984
2026-02-09 00:00:00+01:00,CS.PA,39.540000915527344,2400349
2026-02-10 00:00:00+01:00,CS.PA,38.459999084472656,4699710
2026-02-11 00:00:00+01:00,CS.PA,37.790000915527344,3435709
2026-02-12 00:00:00+01:00,CS.PA,37.91999816894531,2563837
2026-02-13 00:00:00+01:00,CS.PA,37.459999084472656,4520490
2021-02-15 00:00:00+01:00,BNP.PA,33.611881256103516,4440763
2021-02-16 00:00:00+01:00,BNP.PA,33.654293060302734,3006568
2021-02-17 00:00:00+01:00,BNP.PA,33.68256759643555,4450435
2021-02-18 00:00:00+01:00,BNP.PA,33.27611541748047,3548418
2021-02-19 00:00:00+01:00,BNP.PA,34.15971755981445,4444116
2021-02-22 00:00:00+01:00,BNP.PA,34.848915100097656,5069036
2021-02-23 00:00:00+01:00,BNP.PA,34.95494842529297,4441385
2021-02-24 00:00:00+01:00,BNP.PA,35.463890075683594,3788958
2021-02-25 00:00:00+01:00,BNP.PA,35.56285858154297,4243255
2021-02-26 00:00:00+01:00,BNP.PA,34.83124542236328,6149959
2021-03-01 00:00:00+01:00,BNP.PA,34.732276916503906,3659140
2021-03-02 00:00:00+01:00,BNP.PA,35.66182327270508,4269987
2021-03-03 00:00:00+01:00,BNP.PA,36.55955123901367,3921783
2021-03-04 00:00:00+01:00,BNP.PA,36.510074615478516,4089114
2021-03-05 00:00:00+01:00,BNP.PA,36.467655181884766,3983070
2021-03-08 00:00:00+01:00,BNP.PA,37.64106369018555,5231612
2021-03-09 00:00:00+01:00,BNP.PA,37.17453384399414,4990331
2021-03-10 00:00:00+01:00,BNP.PA,37.294700622558594,3782058
2021-03-11 00:00:00+01:00,BNP.PA,36.990745544433594,4068223
2021-03-12 00:00:00+01:00,BNP.PA,37.520904541015625,3674350
2021-03-15 00:00:00+01:00,BNP.PA,36.637306213378906,3517252
2021-03-16 00:00:00+01:00,BNP.PA,36.18490982055664,4684324
2021-03-17 00:00:00+01:00,BNP.PA,36.531272888183594,4296573
2021-03-18 00:00:00+01:00,BNP.PA,37.386592864990234,4194017
2021-03-19 00:00:00+01:00,BNP.PA,36.15663528442383,7982627
2021-03-22 00:00:00+01:00,BNP.PA,35.84560775756836,2998334
2021-03-23 00:00:00+01:00,BNP.PA,35.59819793701172,2889131
2021-03-24 00:00:00+01:00,BNP.PA,36.13542556762695,2771440
2021-03-25 00:00:00+01:00,BNP.PA,35.9304313659668,2736694
2021-03-26 00:00:00+01:00,BNP.PA,36.52420425415039,3104897
2021-03-29 00:00:00+02:00,BNP.PA,35.81732940673828,3462888
2021-03-30 00:00:00+02:00,BNP.PA,37.19573974609375,3299916
2021-03-31 00:00:00+02:00,BNP.PA,36.67265319824219,3197484
2021-04-01 00:00:00+02:00,BNP.PA,36.86351013183594,2303620
2021-04-06 00:00:00+02:00,BNP.PA,36.722129821777344,2729433
2021-04-07 00:00:00+02:00,BNP.PA,36.962467193603516,2275896
2021-04-08 00:00:00+02:00,BNP.PA,36.757476806640625,2845763
2021-04-09 00:00:00+02:00,BNP.PA,36.375762939453125,2616756
2021-04-12 00:00:00+02:00,BNP.PA,36.34748840332031,2450579
2021-04-13 00:00:00+02:00,BNP.PA,36.50299835205078,3223540
2021-04-14 00:00:00+02:00,BNP.PA,36.74333190917969,2361859
2021-04-15 00:00:00+02:00,BNP.PA,36.58782196044922,2963729
2021-04-16 00:00:00+02:00,BNP.PA,37.3936653137207,3535949
2021-04-19 00:00:00+02:00,BNP.PA,37.6976203918457,2646037
2021-04-20 00:00:00+02:00,BNP.PA,35.9304313659668,4635906
2021-04-21 00:00:00+02:00,BNP.PA,35.59819793701172,3159906
2021-04-22 00:00:00+02:00,BNP.PA,35.824398040771484,2491478
2021-04-23 00:00:00+02:00,BNP.PA,35.70423126220703,3081649
2021-04-26 00:00:00+02:00,BNP.PA,36.69385528564453,3706330
2021-04-27 00:00:00+02:00,BNP.PA,36.65851593017578,3380571
2021-04-28 00:00:00+02:00,BNP.PA,37.80364990234375,3992277
2021-04-29 00:00:00+02:00,BNP.PA,38.051055908203125,4288493
2021-04-30 00:00:00+02:00,BNP.PA,37.740028381347656,4036309
2021-05-03 00:00:00+02:00,BNP.PA,37.789512634277344,2051674
2021-05-04 00:00:00+02:00,BNP.PA,37.49969482421875,3830276
2021-05-05 00:00:00+02:00,BNP.PA,38.807411193847656,3959259
2021-05-06 00:00:00+02:00,BNP.PA,38.81447982788086,4336530
2021-05-07 00:00:00+02:00,BNP.PA,38.72258377075195,3801996
2021-05-10 00:00:00+02:00,BNP.PA,39.45773696899414,3907318
2021-05-11 00:00:00+02:00,BNP.PA,39.443599700927734,4554417
2021-05-12 00:00:00+02:00,BNP.PA,40.009098052978516,4855858
2021-05-13 00:00:00+02:00,BNP.PA,39.62739181518555,3446779
2021-05-14 00:00:00+02:00,BNP.PA,40.320125579833984,3307523
2021-05-17 00:00:00+02:00,BNP.PA,40.2777099609375,2510944
2021-05-18 00:00:00+02:00,BNP.PA,40.34132766723633,2884081
2021-05-19 00:00:00+02:00,BNP.PA,39.542564392089844,4155798
2021-05-20 00:00:00+02:00,BNP.PA,39.73341751098633,2960089
2021-05-21 00:00:00+02:00,BNP.PA,39.75462341308594,4109887
2021-05-24 00:00:00+02:00,BNP.PA,40.093544006347656,1631472
2021-05-25 00:00:00+02:00,BNP.PA,39.94932174682617,2588828
2021-05-26 00:00:00+02:00,BNP.PA,39.40848922729492,3854734
2021-05-27 00:00:00+02:00,BNP.PA,40.663211822509766,7218484
2021-05-28 00:00:00+02:00,BNP.PA,40.72811508178711,3420514
2021-05-31 00:00:00+02:00,BNP.PA,40.27381896972656,1717674
2021-06-01 00:00:00+02:00,BNP.PA,40.89397048950195,2710254
2021-06-02 00:00:00+02:00,BNP.PA,41.103092193603516,2305482
2021-06-03 00:00:00+02:00,BNP.PA,41.420379638671875,2414284
2021-06-04 00:00:00+02:00,BNP.PA,41.18241882324219,2409136
2021-06-07 00:00:00+02:00,BNP.PA,41.514122009277344,2163689
2021-06-08 00:00:00+02:00,BNP.PA,40.87234115600586,2485687
2021-06-09 00:00:00+02:00,BNP.PA,40.54783630371094,2536834
2021-06-10 00:00:00+02:00,BNP.PA,40.4468879699707,2583272
2021-06-11 00:00:00+02:00,BNP.PA,40.61273956298828,2244936
2021-06-14 00:00:00+02:00,BNP.PA,40.706485748291016,2240963
2021-06-15 00:00:00+02:00,BNP.PA,40.72091293334961,2236093
2021-06-16 00:00:00+02:00,BNP.PA,40.19449996948242,2751994
2021-06-17 00:00:00+02:00,BNP.PA,40.605533599853516,4255710
2021-06-18 00:00:00+02:00,BNP.PA,38.75228500366211,9157129
2021-06-21 00:00:00+02:00,BNP.PA,38.83881759643555,3740121
2021-06-22 00:00:00+02:00,BNP.PA,38.925350189208984,2541207
2021-06-23 00:00:00+02:00,BNP.PA,38.564796447753906,2078825
2021-06-24 00:00:00+02:00,BNP.PA,39.01188659667969,2231311
2021-06-25 00:00:00+02:00,BNP.PA,39.271480560302734,1968328
2021-06-28 00:00:00+02:00,BNP.PA,38.36288833618164,2180758
2021-06-29 00:00:00+02:00,BNP.PA,38.629695892333984,1881577
2021-06-30 00:00:00+02:00,BNP.PA,38.124916076660156,3382152
2021-07-01 00:00:00+02:00,BNP.PA,38.564796447753906,2221551
2021-07-02 00:00:00+02:00,BNP.PA,37.836483001708984,2515438
2021-07-05 00:00:00+02:00,BNP.PA,38.6729621887207,2512932
2021-07-06 00:00:00+02:00,BNP.PA,37.43986511230469,3888630
2021-07-07 00:00:00+02:00,BNP.PA,36.90625,4501859
2021-07-08 00:00:00+02:00,BNP.PA,35.84982681274414,5747985
2021-07-09 00:00:00+02:00,BNP.PA,36.725975036621094,4085902
2021-07-12 00:00:00+02:00,BNP.PA,36.805294036865234,2984435
2021-07-13 00:00:00+02:00,BNP.PA,36.653865814208984,3446871
2021-07-14 00:00:00+02:00,BNP.PA,36.87740707397461,2325622
2021-07-15 00:00:00+02:00,BNP.PA,36.57454299926758,2379431
2021-07-16 00:00:00+02:00,BNP.PA,35.968814849853516,3241591
2021-07-19 00:00:00+02:00,BNP.PA,34.46170425415039,5356223
2021-07-20 00:00:00+02:00,BNP.PA,35.11429977416992,3413038
2021-07-21 00:00:00+02:00,BNP.PA,36.22119903564453,3378416
2021-07-22 00:00:00+02:00,BNP.PA,36.04092025756836,2795497
2021-07-23 00:00:00+02:00,BNP.PA,36.466373443603516,2172496
2021-07-26 00:00:00+02:00,BNP.PA,37.28843688964844,2908078
2021-07-27 00:00:00+02:00,BNP.PA,36.94951629638672,2848419
2021-07-28 00:00:00+02:00,BNP.PA,36.89182662963867,2060979
2021-07-29 00:00:00+02:00,BNP.PA,37.54803466796875,2685256
2021-07-30 00:00:00+02:00,BNP.PA,37.1009521484375,4458532
2021-08-02 00:00:00+02:00,BNP.PA,36.740394592285156,2599987
2021-08-03 00:00:00+02:00,BNP.PA,37.06489562988281,2875971
2021-08-04 00:00:00+02:00,BNP.PA,37.50476837158203,2506064
2021-08-05 00:00:00+02:00,BNP.PA,37.793212890625,2298270
2021-08-06 00:00:00+02:00,BNP.PA,38.93977355957031,3701453
2021-08-09 00:00:00+02:00,BNP.PA,39.09120178222656,1974824
2021-08-10 00:00:00+02:00,BNP.PA,38.954193115234375,1890728
2021-08-11 00:00:00+02:00,BNP.PA,39.495025634765625,2531344
2021-08-12 00:00:00+02:00,BNP.PA,39.17052459716797,2278648
2021-08-13 00:00:00+02:00,BNP.PA,39.21379470825195,1742758
2021-08-16 00:00:00+02:00,BNP.PA,38.83160400390625,2128681
2021-08-17 00:00:00+02:00,BNP.PA,38.11771011352539,2849085
2021-08-18 00:00:00+02:00,BNP.PA,38.46384048461914,2115489
2021-08-19 00:00:00+02:00,BNP.PA,37.43265914916992,3477745
2021-08-20 00:00:00+02:00,BNP.PA,37.569671630859375,2451722
2021-08-23 00:00:00+02:00,BNP.PA,38.009544372558594,2377260
2021-08-24 00:00:00+02:00,BNP.PA,38.26914596557617,2017813
2021-08-25 00:00:00+02:00,BNP.PA,39.04793930053711,2308781
2021-08-26 00:00:00+02:00,BNP.PA,38.701805114746094,2032561
2021-08-27 00:00:00+02:00,BNP.PA,38.550376892089844,1772273
2021-08-30 00:00:00+02:00,BNP.PA,38.21866226196289,1632868
2021-08-31 00:00:00+02:00,BNP.PA,38.74507522583008,3752715
2021-09-01 00:00:00+02:00,BNP.PA,39.51665496826172,3468246
2021-09-02 00:00:00+02:00,BNP.PA,39.51665496826172,2563213
2021-09-03 00:00:00+02:00,BNP.PA,38.84602737426758,2247047
2021-09-06 00:00:00+02:00,BNP.PA,39.02630615234375,1415624
2021-09-07 00:00:00+02:00,BNP.PA,39.177734375,2128400
2021-09-08 00:00:00+02:00,BNP.PA,38.579219818115234,2849163
2021-09-09 00:00:00+02:00,BNP.PA,38.75228500366211,2585889
2021-09-10 00:00:00+02:00,BNP.PA,38.0888671875,2921666
2021-09-13 00:00:00+02:00,BNP.PA,38.954193115234375,2742693
2021-09-14 00:00:00+02:00,BNP.PA,38.49989700317383,2609909
2021-09-15 00:00:00+02:00,BNP.PA,38.6729621887207,3737528
2021-09-16 00:00:00+02:00,BNP.PA,39.05514907836914,2654428
2021-09-17 00:00:00+02:00,BNP.PA,38.608062744140625,7193199
2021-09-20 00:00:00+02:00,BNP.PA,36.884620666503906,6340308
2021-09-21 00:00:00+02:00,BNP.PA,37.036048889160156,3559610
2021-09-22 00:00:00+02:00,BNP.PA,38.334041595458984,3130687
2021-09-23 00:00:00+02:00,BNP.PA,39.19936752319336,3271987
2021-09-24 00:00:00+02:00,BNP.PA,39.51665496826172,2790943
2021-09-27 00:00:00+02:00,BNP.PA,40.7425422668457,4142484
2021-09-28 00:00:00+02:00,BNP.PA,40.66097640991211,6204607
2021-09-29 00:00:00+02:00,BNP.PA,40.97238540649414,3008697
2021-09-30 00:00:00+02:00,BNP.PA,41.1058464050293,4578672
2021-10-01 00:00:00+02:00,BNP.PA,40.69805145263672,3262085
2021-10-04 00:00:00+02:00,BNP.PA,40.3125,2174187
2021-10-05 00:00:00+02:00,BNP.PA,42.17353439331055,3433936
2021-10-06 00:00:00+02:00,BNP.PA,41.66934585571289,3120919
2021-10-07 00:00:00+02:00,BNP.PA,42.32923889160156,4022752
2021-10-08 00:00:00+02:00,BNP.PA,42.26250457763672,2512322
2021-10-11 00:00:00+02:00,BNP.PA,42.50718688964844,2173487
2021-10-12 00:00:00+02:00,BNP.PA,42.403377532958984,1991495
2021-10-13 00:00:00+02:00,BNP.PA,41.78798294067383,2570059
2021-10-14 00:00:00+02:00,BNP.PA,41.9881706237793,2301934
2021-10-15 00:00:00+02:00,BNP.PA,42.8185920715332,3628158
2021-10-18 00:00:00+02:00,BNP.PA,43.01136779785156,2531950
2021-10-19 00:00:00+02:00,BNP.PA,43.07809829711914,1632341
2021-10-20 00:00:00+02:00,BNP.PA,43.13741683959961,1695609
2021-10-21 00:00:00+02:00,BNP.PA,42.69995880126953,1632139
2021-10-22 00:00:00+02:00,BNP.PA,42.7889404296875,1472117
2021-10-25 00:00:00+02:00,BNP.PA,43.1596565246582,1791042
2021-10-26 00:00:00+02:00,BNP.PA,43.13741683959961,1776944
2021-10-27 00:00:00+02:00,BNP.PA,42.87049102783203,1814428
2021-10-28 00:00:00+02:00,BNP.PA,42.60357666015625,2673923
2021-10-29 00:00:00+02:00,BNP.PA,42.9298095703125,3305280
2021-11-01 00:00:00+01:00,BNP.PA,44.24216842651367,2958593
2021-11-02 00:00:00+01:00,BNP.PA,44.06422424316406,2436253
2021-11-03 00:00:00+01:00,BNP.PA,44.39787673950195,2451496
2021-11-04 00:00:00+01:00,BNP.PA,43.804718017578125,3309849
2021-11-05 00:00:00+01:00,BNP.PA,44.123538970947266,2996444
2021-11-08 00:00:00+01:00,BNP.PA,44.034568786621094,2197950
2021-11-09 00:00:00+01:00,BNP.PA,43.64901351928711,3114717
2021-11-10 00:00:00+01:00,BNP.PA,43.89369201660156,2432574
2021-11-11 00:00:00+01:00,BNP.PA,44.10129165649414,1924097
2021-11-12 00:00:00+01:00,BNP.PA,43.94559097290039,1781191
2021-11-15 00:00:00+01:00,BNP.PA,45.391414642333984,4036684
2021-11-16 00:00:00+01:00,BNP.PA,44.657379150390625,2863609
2021-11-17 00:00:00+01:00,BNP.PA,44.62030792236328,2305448
2021-11-18 00:00:00+01:00,BNP.PA,44.13095474243164,2823381
2021-11-19 00:00:00+01:00,BNP.PA,42.796348571777344,6061153
2021-11-22 00:00:00+01:00,BNP.PA,43.478477478027344,3210613
2021-11-23 00:00:00+01:00,BNP.PA,43.663841247558594,3422449
2021-11-24 00:00:00+01:00,BNP.PA,43.404335021972656,2890182
2021-11-25 00:00:00+01:00,BNP.PA,43.54520797729492,2252988
2021-11-26 00:00:00+01:00,BNP.PA,40.994632720947266,6938262
2021-11-29 00:00:00+01:00,BNP.PA,41.061363220214844,4279493
2021-11-30 00:00:00+01:00,BNP.PA,40.838932037353516,6784665
2021-12-01 00:00:00+01:00,BNP.PA,41.95851516723633,3981614
2021-12-02 00:00:00+01:00,BNP.PA,41.854713439941406,3616387
2021-12-03 00:00:00+01:00,BNP.PA,41.64710235595703,3232309
2021-12-06 00:00:00+01:00,BNP.PA,42.51460266113281,3317500
2021-12-07 00:00:00+01:00,BNP.PA,43.19672775268555,3616051
2021-12-08 00:00:00+01:00,BNP.PA,43.100341796875,3158275
2021-12-09 00:00:00+01:00,BNP.PA,42.57391357421875,2108997
2021-12-10 00:00:00+01:00,BNP.PA,42.0474853515625,2229668
2021-12-13 00:00:00+01:00,BNP.PA,41.521060943603516,1999697
2021-12-14 00:00:00+01:00,BNP.PA,41.587791442871094,2791044
2021-12-15 00:00:00+01:00,BNP.PA,41.43950271606445,2114058
2021-12-16 00:00:00+01:00,BNP.PA,42.23284912109375,3846669
2021-12-17 00:00:00+01:00,BNP.PA,41.64710235595703,6650342
2021-12-20 00:00:00+01:00,BNP.PA,41.83246612548828,3470703
2021-12-21 00:00:00+01:00,BNP.PA,43.641597747802734,3520999
2021-12-22 00:00:00+01:00,BNP.PA,44.00490951538086,2012595
2021-12-23 00:00:00+01:00,BNP.PA,44.486846923828125,2387034
2021-12-24 00:00:00+01:00,BNP.PA,44.30148696899414,450529
2021-12-27 00:00:00+01:00,BNP.PA,44.76860427856445,1149917
2021-12-28 00:00:00+01:00,BNP.PA,45.09483337402344,1517534
2021-12-29 00:00:00+01:00,BNP.PA,45.01327896118164,1411777
2021-12-30 00:00:00+01:00,BNP.PA,44.983619689941406,1538504
2021-12-31 00:00:00+01:00,BNP.PA,45.05776596069336,407780
2022-01-03 00:00:00+01:00,BNP.PA,45.3765869140625,2177649
2022-01-04 00:00:00+01:00,BNP.PA,46.89655303955078,3614427
2022-01-05 00:00:00+01:00,BNP.PA,46.955867767333984,3910434
2022-01-06 00:00:00+01:00,BNP.PA,47.5935173034668,3645405
2022-01-07 00:00:00+01:00,BNP.PA,47.823360443115234,3446590
2022-01-10 00:00:00+01:00,BNP.PA,47.452640533447266,3137609
2022-01-11 00:00:00+01:00,BNP.PA,47.71955871582031,2376607
2022-01-12 00:00:00+01:00,BNP.PA,48.43876647949219,3191797
2022-01-13 00:00:00+01:00,BNP.PA,49.64732360839844,3697141
2022-01-14 00:00:00+01:00,BNP.PA,49.15797424316406,3351548
2022-01-17 00:00:00+01:00,BNP.PA,48.97261047363281,2175118
2022-01-18 00:00:00+01:00,BNP.PA,48.942955017089844,2583320
2022-01-19 00:00:00+01:00,BNP.PA,48.49066925048828,3220620
2022-01-20 00:00:00+01:00,BNP.PA,47.53419876098633,3365869
2022-01-21 00:00:00+01:00,BNP.PA,46.295982360839844,4637406
2022-01-24 00:00:00+01:00,BNP.PA,44.56099319458008,4598614
2022-01-25 00:00:00+01:00,BNP.PA,46.01423263549805,3903495
2022-01-26 00:00:00+01:00,BNP.PA,47.41556930541992,3592168
2022-01-27 00:00:00+01:00,BNP.PA,47.823360443115234,4330710
2022-01-28 00:00:00+01:00,BNP.PA,46.548072814941406,4386592
2022-01-31 00:00:00+01:00,BNP.PA,46.71118927001953,3259697
2022-02-01 00:00:00+01:00,BNP.PA,47.615753173828125,2627765
2022-02-02 00:00:00+01:00,BNP.PA,47.059669494628906,4933764
2022-02-03 00:00:00+01:00,BNP.PA,47.18571853637695,4685476
2022-02-04 00:00:00+01:00,BNP.PA,47.67507553100586,5753921
2022-02-07 00:00:00+01:00,BNP.PA,48.7056884765625,4012413
2022-02-08 00:00:00+01:00,BNP.PA,48.93553161621094,5928287
2022-02-09 00:00:00+01:00,BNP.PA,49.46196365356445,4639837
2022-02-10 00:00:00+01:00,BNP.PA,49.35074234008789,4697568
2022-02-11 00:00:00+01:00,BNP.PA,48.11994171142578,5486958
2022-02-14 00:00:00+01:00,BNP.PA,45.784385681152344,5870770
2022-02-15 00:00:00+01:00,BNP.PA,47.10416030883789,5033747
2022-02-16 00:00:00+01:00,BNP.PA,46.52583312988281,3417509
2022-02-17 00:00:00+01:00,BNP.PA,45.98457717895508,3056110
2022-02-18 00:00:00+01:00,BNP.PA,45.910423278808594,3610563
2022-02-21 00:00:00+01:00,BNP.PA,45.27278518676758,3342508
2022-02-22 00:00:00+01:00,BNP.PA,44.983619689941406,5123430
2022-02-23 00:00:00+01:00,BNP.PA,44.1531982421875,3938029
2022-02-24 00:00:00+01:00,BNP.PA,40.846343994140625,10862668
2022-02-25 00:00:00+01:00,BNP.PA,42.077144622802734,8334214
2022-02-28 00:00:00+01:00,BNP.PA,38.933406829833984,9992267
2022-03-01 00:00:00+01:00,BNP.PA,36.28273010253906,9078086
2022-03-02 00:00:00+01:00,BNP.PA,37.04642105102539,8546584
2022-03-03 00:00:00+01:00,BNP.PA,37.63587188720703,6764882
2022-03-04 00:00:00+01:00,BNP.PA,34.99261474609375,9905718
2022-03-07 00:00:00+01:00,BNP.PA,33.58757019042969,11232668
2022-03-08 00:00:00+01:00,BNP.PA,34.67379379272461,9239001
2022-03-09 00:00:00+01:00,BNP.PA,38.12522888183594,8940185
2022-03-10 00:00:00+01:00,BNP.PA,36.586727142333984,6489280
2022-03-11 00:00:00+01:00,BNP.PA,36.35316848754883,6630303
2022-03-14 00:00:00+01:00,BNP.PA,37.82123565673828,4571552
2022-03-15 00:00:00+01:00,BNP.PA,38.02884292602539,5034069
2022-03-16 00:00:00+01:00,BNP.PA,40.297672271728516,7170956
2022-03-17 00:00:00+01:00,BNP.PA,39.33378982543945,4871296
2022-03-18 00:00:00+01:00,BNP.PA,39.55622100830078,8395483
2022-03-21 00:00:00+01:00,BNP.PA,39.081695556640625,2714810
2022-03-22 00:00:00+01:00,BNP.PA,39.741580963134766,2800581
2022-03-23 00:00:00+01:00,BNP.PA,38.72580337524414,3538842
2022-03-24 00:00:00+01:00,BNP.PA,37.88796615600586,4128576
2022-03-25 00:00:00+01:00,BNP.PA,37.0723762512207,5119946
2022-03-28 00:00:00+02:00,BNP.PA,37.86572265625,3252575
2022-03-29 00:00:00+02:00,BNP.PA,40.29025650024414,5435672
2022-03-30 00:00:00+02:00,BNP.PA,39.35603713989258,3173862
2022-03-31 00:00:00+02:00,BNP.PA,38.50336837768555,3219374
2022-04-01 00:00:00+02:00,BNP.PA,38.32542037963867,3136950
2022-04-04 00:00:00+02:00,BNP.PA,38.065914154052734,2910334
2022-04-05 00:00:00+02:00,BNP.PA,36.33092498779297,5970046
2022-04-06 00:00:00+02:00,BNP.PA,35.06675338745117,7066223
2022-04-07 00:00:00+02:00,BNP.PA,34.521793365478516,5211726
2022-04-08 00:00:00+02:00,BNP.PA,35.47455978393555,4548373
2022-04-11 00:00:00+02:00,BNP.PA,36.14185333251953,3231849
2022-04-12 00:00:00+02:00,BNP.PA,36.11590576171875,4048410
2022-04-13 00:00:00+02:00,BNP.PA,36.27531814575195,2732176
2022-04-14 00:00:00+02:00,BNP.PA,36.70535659790039,3045221
2022-04-19 00:00:00+02:00,BNP.PA,36.88330841064453,3412914
2022-04-20 00:00:00+02:00,BNP.PA,37.984352111816406,4927145
2022-04-21 00:00:00+02:00,BNP.PA,38.85184860229492,3948277
2022-04-22 00:00:00+02:00,BNP.PA,38.355079650878906,3333002
2022-04-25 00:00:00+02:00,BNP.PA,37.702606201171875,3460198
2022-04-26 00:00:00+02:00,BNP.PA,37.39860916137695,3419503
2022-04-27 00:00:00+02:00,BNP.PA,36.88330841064453,5309178
2022-04-28 00:00:00+02:00,BNP.PA,36.671993255615234,3204739
2022-04-29 00:00:00+02:00,BNP.PA,36.8536491394043,3437157
2022-05-02 00:00:00+02:00,BNP.PA,36.18634796142578,3142553
2022-05-03 00:00:00+02:00,BNP.PA,38.051082611083984,3913067
2022-05-04 00:00:00+02:00,BNP.PA,37.82123565673828,3222145
2022-05-05 00:00:00+02:00,BNP.PA,37.59138870239258,3557168
2022-05-06 00:00:00+02:00,BNP.PA,37.509830474853516,3133331
2022-05-09 00:00:00+02:00,BNP.PA,36.961158752441406,2879032
2022-05-10 00:00:00+02:00,BNP.PA,37.7545051574707,4506868
2022-05-11 00:00:00+02:00,BNP.PA,38.66648864746094,4616314
2022-05-12 00:00:00+02:00,BNP.PA,38.11781311035156,3926995
2022-05-13 00:00:00+02:00,BNP.PA,38.83702087402344,2968459
2022-05-16 00:00:00+02:00,BNP.PA,38.785118103027344,2924645
2022-05-17 00:00:00+02:00,BNP.PA,39.667442321777344,3029523
2022-05-18 00:00:00+02:00,BNP.PA,39.54880905151367,3012460
2022-05-19 00:00:00+02:00,BNP.PA,39.43758773803711,3457011
2022-05-20 00:00:00+02:00,BNP.PA,39.823143005371094,4626704
2022-05-23 00:00:00+02:00,BNP.PA,41.47846221923828,5302162
2022-05-24 00:00:00+02:00,BNP.PA,41.12830352783203,3369613
2022-05-25 00:00:00+02:00,BNP.PA,41.27950668334961,3151779
2022-05-26 00:00:00+02:00,BNP.PA,41.940040588378906,2108082
2022-05-27 00:00:00+02:00,BNP.PA,42.61649703979492,2563006
2022-05-30 00:00:00+02:00,BNP.PA,43.21336364746094,2559104
2022-05-31 00:00:00+02:00,BNP.PA,42.26633071899414,5405021
2022-06-01 00:00:00+02:00,BNP.PA,42.05146026611328,3000173
2022-06-02 00:00:00+02:00,BNP.PA,41.940040588378906,1999794
2022-06-03 00:00:00+02:00,BNP.PA,41.8286247253418,2198101
2022-06-06 00:00:00+02:00,BNP.PA,42.4016227722168,2336664
2022-06-07 00:00:00+02:00,BNP.PA,41.7410888671875,2277614
2022-06-08 00:00:00+02:00,BNP.PA,41.446632385253906,3029462
2022-06-09 00:00:00+02:00,BNP.PA,40.738346099853516,2837990
2022-06-10 00:00:00+02:00,BNP.PA,38.677154541015625,4828542
2022-06-13 00:00:00+02:00,BNP.PA,37.141204833984375,5468632
2022-06-14 00:00:00+02:00,BNP.PA,37.670433044433594,3826672
2022-06-15 00:00:00+02:00,BNP.PA,38.42647171020508,3914498
2022-06-16 00:00:00+02:00,BNP.PA,37.817665100097656,2977303
2022-06-17 00:00:00+02:00,BNP.PA,37.99274444580078,6469429
2022-06-20 00:00:00+02:00,BNP.PA,38.474220275878906,2739853
2022-06-21 00:00:00+02:00,BNP.PA,39.27799987792969,2737509
2022-06-22 00:00:00+02:00,BNP.PA,39.027320861816406,2549010
2022-06-23 00:00:00+02:00,BNP.PA,37.19691848754883,4410938
2022-06-24 00:00:00+02:00,BNP.PA,38.14793395996094,3206957
2022-06-27 00:00:00+02:00,BNP.PA,38.04447555541992,2131109
2022-06-28 00:00:00+02:00,BNP.PA,38.12803649902344,2000150
2022-06-29 00:00:00+02:00,BNP.PA,37.46750259399414,2391623
2022-06-30 00:00:00+02:00,BNP.PA,36.102657318115234,6778136
2022-07-01 00:00:00+02:00,BNP.PA,36.05888748168945,2923835
2022-07-04 00:00:00+02:00,BNP.PA,36.035011291503906,1926639
2022-07-05 00:00:00+02:00,BNP.PA,34.94075012207031,4253514
2022-07-06 00:00:00+02:00,BNP.PA,34.56671142578125,3260699
2022-07-07 00:00:00+02:00,BNP.PA,35.45405960083008,3469291
2022-07-08 00:00:00+02:00,BNP.PA,36.17825698852539,2940913
2022-07-11 00:00:00+02:00,BNP.PA,34.9964599609375,3271985
2022-07-12 00:00:00+02:00,BNP.PA,34.86912536621094,4051308
2022-07-13 00:00:00+02:00,BNP.PA,34.005653381347656,4133839
2022-07-14 00:00:00+02:00,BNP.PA,32.71243667602539,4301820
2022-07-15 00:00:00+02:00,BNP.PA,33.08647537231445,4158222
2022-07-18 00:00:00+02:00,BNP.PA,33.7828254699707,3976686
2022-07-19 00:00:00+02:00,BNP.PA,34.936771392822266,3729350
2022-07-20 00:00:00+02:00,BNP.PA,35.434165954589844,4481824
2022-07-21 00:00:00+02:00,BNP.PA,35.438140869140625,4486269
2022-07-22 00:00:00+02:00,BNP.PA,34.86912536621094,3028163
2022-07-25 00:00:00+02:00,BNP.PA,35.59332275390625,2731324
2022-07-26 00:00:00+02:00,BNP.PA,35.26704025268555,2306753
2022-07-27 00:00:00+02:00,BNP.PA,35.306827545166016,2571387
2022-07-28 00:00:00+02:00,BNP.PA,35.57343292236328,3569601
2022-07-29 00:00:00+02:00,BNP.PA,36.60800552368164,4012824
2022-08-01 00:00:00+02:00,BNP.PA,36.49658966064453,2458967
2022-08-02 00:00:00+02:00,BNP.PA,36.92634201049805,3021875
2022-08-03 00:00:00+02:00,BNP.PA,37.610748291015625,3426642
2022-08-04 00:00:00+02:00,BNP.PA,38.462284088134766,3631979
2022-08-05 00:00:00+02:00,BNP.PA,38.86815643310547,3142565
2022-08-08 00:00:00+02:00,BNP.PA,38.60155487060547,2072528
2022-08-09 00:00:00+02:00,BNP.PA,38.60155487060547,1721651
2022-08-10 00:00:00+02:00,BNP.PA,39.18250274658203,2458219
2022-08-11 00:00:00+02:00,BNP.PA,39.43716812133789,2161150
2022-08-12 00:00:00+02:00,BNP.PA,40.13351821899414,3221801
2022-08-15 00:00:00+02:00,BNP.PA,39.85498046875,1767850
2022-08-16 00:00:00+02:00,BNP.PA,39.89476776123047,1976129
2022-08-17 00:00:00+02:00,BNP.PA,39.37350082397461,2222740
2022-08-18 00:00:00+02:00,BNP.PA,39.01935958862305,2011446
2022-08-19 00:00:00+02:00,BNP.PA,37.9290771484375,3502588
2022-08-22 00:00:00+02:00,BNP.PA,36.99000549316406,3432582
2022-08-23 00:00:00+02:00,BNP.PA,37.10539627075195,2330432
2022-08-24 00:00:00+02:00,BNP.PA,37.13325500488281,1488730
2022-08-25 00:00:00+02:00,BNP.PA,37.11335372924805,1575288
2022-08-26 00:00:00+02:00,BNP.PA,36.4886360168457,2273072
2022-08-29 00:00:00+02:00,BNP.PA,36.4170036315918,2105680
2022-08-30 00:00:00+02:00,BNP.PA,36.91837692260742,3238470
2022-08-31 00:00:00+02:00,BNP.PA,36.99398422241211,3797421
2022-09-01 00:00:00+02:00,BNP.PA,36.59209060668945,2158502
2022-09-02 00:00:00+02:00,BNP.PA,37.78582763671875,2718913
2022-09-05 00:00:00+02:00,BNP.PA,36.97408676147461,2335144
2022-09-06 00:00:00+02:00,BNP.PA,37.05366897583008,1843576
2022-09-07 00:00:00+02:00,BNP.PA,37.01785659790039,2197475
2022-09-08 00:00:00+02:00,BNP.PA,37.753997802734375,3900572
2022-09-09 00:00:00+02:00,BNP.PA,38.740821838378906,3859842
2022-09-12 00:00:00+02:00,BNP.PA,40.23697280883789,3984384
2022-09-13 00:00:00+02:00,BNP.PA,40.02210235595703,2999069
2022-09-14 00:00:00+02:00,BNP.PA,39.99026870727539,2742837
2022-09-15 00:00:00+02:00,BNP.PA,40.07780838012695,4252554
2022-09-16 00:00:00+02:00,BNP.PA,39.254127502441406,5528043
2022-09-19 00:00:00+02:00,BNP.PA,39.27799987792969,1461626
2022-09-20 00:00:00+02:00,BNP.PA,38.54981994628906,3029883
2022-09-21 00:00:00+02:00,BNP.PA,38.17180252075195,2577821
2022-09-22 00:00:00+02:00,BNP.PA,38.37474060058594,2696429
2022-09-23 00:00:00+02:00,BNP.PA,37.32823181152344,3892872
2022-09-26 00:00:00+02:00,BNP.PA,36.77513122558594,2675534
2022-09-27 00:00:00+02:00,BNP.PA,35.899723052978516,3415273
2022-09-28 00:00:00+02:00,BNP.PA,34.49906921386719,5605309
2022-09-29 00:00:00+02:00,BNP.PA,33.85047149658203,3692206
2022-09-30 00:00:00+02:00,BNP.PA,34.702003479003906,3760558
2022-10-03 00:00:00+02:00,BNP.PA,34.92085647583008,3177201
2022-10-04 00:00:00+02:00,BNP.PA,36.1901969909668,4372071
2022-10-05 00:00:00+02:00,BNP.PA,35.10787582397461,2810487
2022-10-06 00:00:00+02:00,BNP.PA,34.72587585449219,2506012
2022-10-07 00:00:00+02:00,BNP.PA,34.709964752197266,2734191
2022-10-10 00:00:00+02:00,BNP.PA,34.845252990722656,2617328
2022-10-11 00:00:00+02:00,BNP.PA,34.033512115478516,2782908
2022-10-12 00:00:00+02:00,BNP.PA,33.69926452636719,2914797
2022-10-13 00:00:00+02:00,BNP.PA,34.57069396972656,4126814
2022-10-14 00:00:00+02:00,BNP.PA,35.06410217285156,3511718
2022-10-17 00:00:00+02:00,BNP.PA,36.11459732055664,2828882
2022-10-18 00:00:00+02:00,BNP.PA,36.7432975769043,3058586
2022-10-19 00:00:00+02:00,BNP.PA,36.54036331176758,2237308
2022-10-20 00:00:00+02:00,BNP.PA,36.92235565185547,2184488
2022-10-21 00:00:00+02:00,BNP.PA,36.91041946411133,2530135
2022-10-24 00:00:00+02:00,BNP.PA,37.375980377197266,2552287
2022-10-25 00:00:00+02:00,BNP.PA,37.670433044433594,2209328
2022-10-26 00:00:00+02:00,BNP.PA,37.58687210083008,2184367
2022-10-27 00:00:00+02:00,BNP.PA,37.722164154052734,3169911
2022-10-28 00:00:00+02:00,BNP.PA,37.630645751953125,2262537
2022-10-31 00:00:00+01:00,BNP.PA,37.79776382446289,1832430
2022-11-01 00:00:00+01:00,BNP.PA,38.07232666015625,2333452
2022-11-02 00:00:00+01:00,BNP.PA,38.10416030883789,2352678
2022-11-03 00:00:00+01:00,BNP.PA,39.3018798828125,3910416
2022-11-04 00:00:00+01:00,BNP.PA,40.29268264770508,4682120
2022-11-07 00:00:00+01:00,BNP.PA,40.340431213378906,2305872
2022-11-08 00:00:00+01:00,BNP.PA,40.340431213378906,1674044
2022-11-09 00:00:00+01:00,BNP.PA,39.998226165771484,1815729
2022-11-10 00:00:00+01:00,BNP.PA,40.46776580810547,3325677
2022-11-11 00:00:00+01:00,BNP.PA,41.19196701049805,3406809
2022-11-14 00:00:00+01:00,BNP.PA,41.526214599609375,2326226
2022-11-15 00:00:00+01:00,BNP.PA,41.75700378417969,2472530
2022-11-16 00:00:00+01:00,BNP.PA,41.454586029052734,2392345
2022-11-17 00:00:00+01:00,BNP.PA,41.78883361816406,2014820
2022-11-18 00:00:00+01:00,BNP.PA,42.425498962402344,3488225
2022-11-21 00:00:00+01:00,BNP.PA,41.876373291015625,2304354
2022-11-22 00:00:00+01:00,BNP.PA,41.733123779296875,2193598
2022-11-23 00:00:00+01:00,BNP.PA,41.97187805175781,1838265
2022-11-24 00:00:00+01:00,BNP.PA,42.3618278503418,1940313
2022-11-25 00:00:00+01:00,BNP.PA,42.4414176940918,1853140
2022-11-28 00:00:00+01:00,BNP.PA,42.019622802734375,2326623
2022-11-29 00:00:00+01:00,BNP.PA,42.63241195678711,2007813
2022-11-30 00:00:00+01:00,BNP.PA,42.52099609375,3479986
2022-12-01 00:00:00+01:00,BNP.PA,41.884334564208984,3118973
2022-12-02 00:00:00+01:00,BNP.PA,41.979835510253906,3186583
2022-12-05 00:00:00+01:00,BNP.PA,41.63762664794922,1915379
2022-12-06 00:00:00+01:00,BNP.PA,41.74904251098633,1969471
2022-12-07 00:00:00+01:00,BNP.PA,41.38296890258789,2131657
2022-12-08 00:00:00+01:00,BNP.PA,41.38296890258789,1764207
2022-12-09 00:00:00+01:00,BNP.PA,42.09124755859375,2243527
2022-12-12 00:00:00+01:00,BNP.PA,41.92412567138672,1756729
2022-12-13 00:00:00+01:00,BNP.PA,42.68016052246094,3030839
2022-12-14 00:00:00+01:00,BNP.PA,42.58466339111328,2177111
2022-12-15 00:00:00+01:00,BNP.PA,41.12034225463867,4148176
2022-12-16 00:00:00+01:00,BNP.PA,41.812713623046875,7100962
2022-12-19 00:00:00+01:00,BNP.PA,41.54212951660156,2071760
2022-12-20 00:00:00+01:00,BNP.PA,42.131038665771484,3012487
2022-12-21 00:00:00+01:00,BNP.PA,42.99053192138672,2745649
2022-12-22 00:00:00+01:00,BNP.PA,42.82341384887695,2009654
2022-12-23 00:00:00+01:00,BNP.PA,42.815452575683594,1163360
2022-12-27 00:00:00+01:00,BNP.PA,42.9746208190918,965885
2022-12-28 00:00:00+01:00,BNP.PA,42.624454498291016,1272926
2022-12-29 00:00:00+01:00,BNP.PA,42.902992248535156,1373142
2022-12-30 00:00:00+01:00,BNP.PA,42.37774658203125,1445544
2023-01-02 00:00:00+01:00,BNP.PA,43.71473693847656,1815541
2023-01-03 00:00:00+01:00,BNP.PA,44.57422637939453,2816969
2023-01-04 00:00:00+01:00,BNP.PA,46.404632568359375,4045737
2023-01-05 00:00:00+01:00,BNP.PA,46.64337921142578,2872672
2023-01-06 00:00:00+01:00,BNP.PA,47.041290283203125,2907109
2023-01-09 00:00:00+01:00,BNP.PA,46.969661712646484,2782877
2023-01-10 00:00:00+01:00,BNP.PA,46.436458587646484,2572775
2023-01-11 00:00:00+01:00,BNP.PA,46.63541793823242,2443551
2023-01-12 00:00:00+01:00,BNP.PA,47.49490737915039,2719523
2023-01-13 00:00:00+01:00,BNP.PA,47.638160705566406,2728685
2023-01-16 00:00:00+01:00,BNP.PA,47.399410247802734,1702088
2023-01-17 00:00:00+01:00,BNP.PA,47.34370040893555,2486995
2023-01-18 00:00:00+01:00,BNP.PA,47.463077545166016,3025726
2023-01-19 00:00:00+01:00,BNP.PA,46.874168395996094,3488537
2023-01-20 00:00:00+01:00,BNP.PA,47.471038818359375,2382700
2023-01-23 00:00:00+01:00,BNP.PA,47.90874481201172,1784574
2023-01-24 00:00:00+01:00,BNP.PA,48.3464469909668,1841156
2023-01-25 00:00:00+01:00,BNP.PA,48.537445068359375,2128499
2023-01-26 00:00:00+01:00,BNP.PA,49.1263542175293,2841249
2023-01-27 00:00:00+01:00,BNP.PA,49.3651008605957,2429677
2023-01-30 00:00:00+01:00,BNP.PA,49.428768157958984,1793454
2023-01-31 00:00:00+01:00,BNP.PA,50.057472229003906,3056957
2023-02-01 00:00:00+01:00,BNP.PA,50.28825759887695,2744729
2023-02-02 00:00:00+01:00,BNP.PA,49.02289581298828,4348984
2023-02-03 00:00:00+01:00,BNP.PA,49.1183967590332,3156908
2023-02-06 00:00:00+01:00,BNP.PA,48.3464469909668,2881745
2023-02-07 00:00:00+01:00,BNP.PA,49.61180877685547,3829578
2023-02-08 00:00:00+01:00,BNP.PA,50.81350326538086,3805555
2023-02-09 00:00:00+01:00,BNP.PA,51.25917053222656,3342155
2023-02-10 00:00:00+01:00,BNP.PA,50.606590270996094,2799846
2023-02-13 00:00:00+01:00,BNP.PA,50.39171600341797,2157758
2023-02-14 00:00:00+01:00,BNP.PA,51.23529052734375,2298323
2023-02-15 00:00:00+01:00,BNP.PA,51.092044830322266,1899481
2023-02-16 00:00:00+01:00,BNP.PA,52.36537170410156,3307863
2023-02-17 00:00:00+01:00,BNP.PA,52.07090759277344,2752714
2023-02-20 00:00:00+01:00,BNP.PA,52.126617431640625,1462503
2023-02-21 00:00:00+01:00,BNP.PA,52.04703903198242,2041804
2023-02-22 00:00:00+01:00,BNP.PA,50.90104675292969,3352806
2023-02-23 00:00:00+01:00,BNP.PA,51.561580657958984,2452406
2023-02-24 00:00:00+01:00,BNP.PA,50.845340728759766,3831674
2023-02-27 00:00:00+01:00,BNP.PA,52.094783782958984,2439951
2023-02-28 00:00:00+01:00,BNP.PA,52.6439094543457,3849072
2023-03-01 00:00:00+01:00,BNP.PA,50.45538330078125,4959378
2023-03-02 00:00:00+01:00,BNP.PA,50.4315071105957,3652068
2023-03-03 00:00:00+01:00,BNP.PA,51.13979721069336,3249357
2023-03-06 00:00:00+01:00,BNP.PA,51.68095779418945,3164372
2023-03-07 00:00:00+01:00,BNP.PA,50.86921310424805,3295274
2023-03-08 00:00:00+01:00,BNP.PA,50.93288040161133,1940506
2023-03-09 00:00:00+01:00,BNP.PA,49.850555419921875,2765650
2023-03-10 00:00:00+01:00,BNP.PA,47.94853210449219,6856373
2023-03-13 00:00:00+01:00,BNP.PA,44.68564224243164,10002668
2023-03-14 00:00:00+01:00,BNP.PA,46.06242370605469,7140995
2023-03-15 00:00:00+01:00,BNP.PA,41.406837463378906,13047147
2023-03-16 00:00:00+01:00,BNP.PA,41.948001861572266,8644803
2023-03-17 00:00:00+01:00,BNP.PA,41.12830352783203,12469201
2023-03-20 00:00:00+01:00,BNP.PA,41.8286247253418,10905686
2023-03-21 00:00:00+01:00,BNP.PA,43.56352996826172,6659062
2023-03-22 00:00:00+01:00,BNP.PA,43.348655700683594,4711648
2023-03-23 00:00:00+01:00,BNP.PA,42.4016227722168,3873255
2023-03-24 00:00:00+01:00,BNP.PA,40.16535186767578,10854004
2023-03-27 00:00:00+02:00,BNP.PA,41.21583938598633,4539832
2023-03-28 00:00:00+02:00,BNP.PA,41.359092712402344,5222051
2023-03-29 00:00:00+02:00,BNP.PA,42.473243713378906,3732322
2023-03-30 00:00:00+02:00,BNP.PA,43.39640426635742,4314925
2023-03-31 00:00:00+02:00,BNP.PA,43.93756866455078,5196347
2023-04-03 00:00:00+02:00,BNP.PA,44.4071044921875,4194961
2023-04-04 00:00:00+02:00,BNP.PA,44.83685302734375,3970103
2023-04-05 00:00:00+02:00,BNP.PA,44.43098068237305,3415146
2023-04-06 00:00:00+02:00,BNP.PA,45.545135498046875,3534417
2023-04-11 00:00:00+02:00,BNP.PA,45.29842758178711,3216583
2023-04-12 00:00:00+02:00,BNP.PA,45.41780471801758,2922765
2023-04-13 00:00:00+02:00,BNP.PA,45.79184341430664,2548133
2023-04-14 00:00:00+02:00,BNP.PA,47.264122009277344,4096092
2023-04-17 00:00:00+02:00,BNP.PA,46.30912780761719,3324472
2023-04-18 00:00:00+02:00,BNP.PA,47.2800407409668,3174581
2023-04-19 00:00:00+02:00,BNP.PA,47.431243896484375,3029795
2023-04-20 00:00:00+02:00,BNP.PA,46.83436965942383,2922620
2023-04-21 00:00:00+02:00,BNP.PA,46.68316650390625,3385239
2023-04-24 00:00:00+02:00,BNP.PA,47.065162658691406,2206738
2023-04-25 00:00:00+02:00,BNP.PA,45.94304656982422,3051349
2023-04-26 00:00:00+02:00,BNP.PA,45.84754943847656,4370114
2023-04-27 00:00:00+02:00,BNP.PA,46.7468376159668,3348552
2023-04-28 00:00:00+02:00,BNP.PA,46.62745666503906,3943712
2023-05-02 00:00:00+02:00,BNP.PA,45.330265045166016,4337766
2023-05-03 00:00:00+02:00,BNP.PA,44.797061920166016,3463053
2023-05-04 00:00:00+02:00,BNP.PA,44.51852035522461,3964184
2023-05-05 00:00:00+02:00,BNP.PA,46.07038116455078,3500140
2023-05-08 00:00:00+02:00,BNP.PA,46.38871383666992,2212553
2023-05-09 00:00:00+02:00,BNP.PA,46.492164611816406,3284317
2023-05-10 00:00:00+02:00,BNP.PA,46.0942497253418,3164316
2023-05-11 00:00:00+02:00,BNP.PA,45.64063262939453,3124670
2023-05-12 00:00:00+02:00,BNP.PA,46.54787826538086,3047458
2023-05-15 00:00:00+02:00,BNP.PA,46.66725158691406,2098800
2023-05-16 00:00:00+02:00,BNP.PA,46.50012969970703,2817527
2023-05-17 00:00:00+02:00,BNP.PA,46.65929412841797,3034253
2023-05-18 00:00:00+02:00,BNP.PA,47.463077545166016,3280289
2023-05-19 00:00:00+02:00,BNP.PA,47.63019561767578,4601652
2023-05-22 00:00:00+02:00,BNP.PA,48.787967681884766,5860566
2023-05-23 00:00:00+02:00,BNP.PA,48.59217071533203,2969892
2023-05-24 00:00:00+02:00,BNP.PA,47.706817626953125,3744865
2023-05-25 00:00:00+02:00,BNP.PA,47.82600021362305,3172646
2023-05-26 00:00:00+02:00,BNP.PA,47.93667221069336,2544293
2023-05-29 00:00:00+02:00,BNP.PA,47.75789260864258,1989836
2023-05-30 00:00:00+02:00,BNP.PA,47.06834030151367,3961516
2023-05-31 00:00:00+02:00,BNP.PA,45.97867965698242,5349242
2023-06-01 00:00:00+02:00,BNP.PA,46.370277404785156,2737440
2023-06-02 00:00:00+02:00,BNP.PA,48.081390380859375,3325828
2023-06-05 00:00:00+02:00,BNP.PA,47.60465621948242,2820715
2023-06-06 00:00:00+02:00,BNP.PA,48.0728759765625,2602283
2023-06-07 00:00:00+02:00,BNP.PA,48.31974792480469,2621472
2023-06-08 00:00:00+02:00,BNP.PA,48.53257751464844,2574474
2023-06-09 00:00:00+02:00,BNP.PA,47.732357025146484,2612630
2023-06-12 00:00:00+02:00,BNP.PA,48.03882598876953,2954193
2023-06-13 00:00:00+02:00,BNP.PA,48.251651763916016,2974169
2023-06-14 00:00:00+02:00,BNP.PA,48.966739654541016,3298383
2023-06-15 00:00:00+02:00,BNP.PA,47.91964340209961,2937664
2023-06-16 00:00:00+02:00,BNP.PA,48.15800476074219,8271686
2023-06-19 00:00:00+02:00,BNP.PA,48.36231994628906,2390814
2023-06-20 00:00:00+02:00,BNP.PA,48.294212341308594,2289036
2023-06-21 00:00:00+02:00,BNP.PA,48.55812072753906,2554634
2023-06-22 00:00:00+02:00,BNP.PA,47.43439865112305,3122823
2023-06-23 00:00:00+02:00,BNP.PA,46.69376754760742,3075836
2023-06-26 00:00:00+02:00,BNP.PA,47.01726150512695,2892775
2023-06-27 00:00:00+02:00,BNP.PA,47.3918342590332,3308505
2023-06-28 00:00:00+02:00,BNP.PA,47.55358123779297,3213637
2023-06-29 00:00:00+02:00,BNP.PA,48.34529113769531,3651226
2023-06-30 00:00:00+02:00,BNP.PA,49.13699722290039,5687909
2023-07-03 00:00:00+02:00,BNP.PA,49.741424560546875,2386997
2023-07-04 00:00:00+02:00,BNP.PA,49.28171920776367,1270228
2023-07-05 00:00:00+02:00,BNP.PA,48.813507080078125,2797200
2023-07-06 00:00:00+02:00,BNP.PA,46.617149353027344,6672168
2023-07-07 00:00:00+02:00,BNP.PA,46.92361831665039,3310169
2023-07-10 00:00:00+02:00,BNP.PA,47.11941909790039,2493724
2023-07-11 00:00:00+02:00,BNP.PA,47.8089714050293,2535717
2023-07-12 00:00:00+02:00,BNP.PA,48.268672943115234,4296194
2023-07-13 00:00:00+02:00,BNP.PA,48.53257751464844,2670516
2023-07-14 00:00:00+02:00,BNP.PA,48.22610855102539,2209915
2023-07-17 00:00:00+02:00,BNP.PA,48.27718734741211,1677982
2023-07-18 00:00:00+02:00,BNP.PA,49.043357849121094,1910941
2023-07-19 00:00:00+02:00,BNP.PA,49.34130859375,1892365
2023-07-20 00:00:00+02:00,BNP.PA,49.41792678833008,2028378
2023-07-21 00:00:00+02:00,BNP.PA,49.38387680053711,3090044
2023-07-24 00:00:00+02:00,BNP.PA,49.690345764160156,1838833
2023-07-25 00:00:00+02:00,BNP.PA,49.877628326416016,1388311
2023-07-26 00:00:00+02:00,BNP.PA,49.47751998901367,2636487
2023-07-27 00:00:00+02:00,BNP.PA,50.95026397705078,5221786
2023-07-28 00:00:00+02:00,BNP.PA,51.23119354248047,3477639
2023-07-31 00:00:00+02:00,BNP.PA,51.09498977661133,2410299
2023-08-01 00:00:00+02:00,BNP.PA,50.141536712646484,2469141
2023-08-02 00:00:00+02:00,BNP.PA,49.043357849121094,3537471
2023-08-03 00:00:00+02:00,BNP.PA,49.62224197387695,2629468
2023-08-04 00:00:00+02:00,BNP.PA,50.473541259765625,2588979
2023-08-07 00:00:00+02:00,BNP.PA,50.69487380981445,1710037
2023-08-08 00:00:00+02:00,BNP.PA,49.171051025390625,4102500
2023-08-09 00:00:00+02:00,BNP.PA,49.84357833862305,2608353
2023-08-10 00:00:00+02:00,BNP.PA,51.333351135253906,3238523
2023-08-11 00:00:00+02:00,BNP.PA,50.69487380981445,2591264
2023-08-14 00:00:00+02:00,BNP.PA,50.805545806884766,1960447
2023-08-15 00:00:00+02:00,BNP.PA,50.03937530517578,1999256
2023-08-16 00:00:00+02:00,BNP.PA,49.78398895263672,1853675
2023-08-17 00:00:00+02:00,BNP.PA,49.903167724609375,2241534
2023-08-18 00:00:00+02:00,BNP.PA,49.56264877319336,2779188
2023-08-21 00:00:00+02:00,BNP.PA,49.6648063659668,1862482
2023-08-22 00:00:00+02:00,BNP.PA,49.84357833862305,2034228
2023-08-23 00:00:00+02:00,BNP.PA,49.80952453613281,2103839
2023-08-24 00:00:00+02:00,BNP.PA,49.749935150146484,2343960
2023-08-25 00:00:00+02:00,BNP.PA,49.6392707824707,1851658
2023-08-28 00:00:00+02:00,BNP.PA,50.652313232421875,2279296
2023-08-29 00:00:00+02:00,BNP.PA,50.99283218383789,2141387
2023-08-30 00:00:00+02:00,BNP.PA,50.975807189941406,2336342
2023-08-31 00:00:00+02:00,BNP.PA,50.83108901977539,7896015
2023-09-01 00:00:00+02:00,BNP.PA,50.72893142700195,2127581
2023-09-04 00:00:00+02:00,BNP.PA,50.601234436035156,1659669
2023-09-05 00:00:00+02:00,BNP.PA,50.55867004394531,2000571
2023-09-06 00:00:00+02:00,BNP.PA,49.88614273071289,2923414
2023-09-07 00:00:00+02:00,BNP.PA,49.86060333251953,2284877
2023-09-08 00:00:00+02:00,BNP.PA,49.741424560546875,2162431
2023-09-11 00:00:00+02:00,BNP.PA,50.66082763671875,3147534
2023-09-12 00:00:00+02:00,BNP.PA,50.96729278564453,2550025
2023-09-13 00:00:00+02:00,BNP.PA,50.984317779541016,2191422
2023-09-14 00:00:00+02:00,BNP.PA,52.18465042114258,3850193
2023-09-15 00:00:00+02:00,BNP.PA,52.320858001708984,8094602
2023-09-18 00:00:00+02:00,BNP.PA,51.171607971191406,3667191
2023-09-19 00:00:00+02:00,BNP.PA,52.02290725708008,2620758
2023-09-20 00:00:00+02:00,BNP.PA,52.840152740478516,3583372
2023-09-21 00:00:00+02:00,BNP.PA,52.482608795166016,2590604
2023-09-22 00:00:00+02:00,BNP.PA,51.70792770385742,2669268
2023-09-25 00:00:00+02:00,BNP.PA,51.43550491333008,2766032
2023-09-26 00:00:00+02:00,BNP.PA,51.27376174926758,2252126
2023-09-27 00:00:00+02:00,BNP.PA,51.171607971191406,2797880
2023-09-28 00:00:00+02:00,BNP.PA,51.47807312011719,2239087
2023-09-29 00:00:00+02:00,BNP.PA,51.44402313232422,2830079
2023-10-02 00:00:00+02:00,BNP.PA,50.814056396484375,2061569
2023-10-03 00:00:00+02:00,BNP.PA,50.05640411376953,2670595
2023-10-04 00:00:00+02:00,BNP.PA,49.920196533203125,2668329
2023-10-05 00:00:00+02:00,BNP.PA,50.39692306518555,2472235
2023-10-06 00:00:00+02:00,BNP.PA,51.060935974121094,1990871
2023-10-09 00:00:00+02:00,BNP.PA,50.252201080322266,1872289
2023-10-10 00:00:00+02:00,BNP.PA,50.93324661254883,3160128
2023-10-11 00:00:00+02:00,BNP.PA,51.28227615356445,2218506
2023-10-12 00:00:00+02:00,BNP.PA,50.601234436035156,2667375
2023-10-13 00:00:00+02:00,BNP.PA,49.06889724731445,4694932
2023-10-16 00:00:00+02:00,BNP.PA,49.23064422607422,2702406
2023-10-17 00:00:00+02:00,BNP.PA,49.10294723510742,2171922
2023-10-18 00:00:00+02:00,BNP.PA,48.787967681884766,2468130
2023-10-19 00:00:00+02:00,BNP.PA,48.27718734741211,3220816
2023-10-20 00:00:00+02:00,BNP.PA,47.298194885253906,3689118
2023-10-23 00:00:00+02:00,BNP.PA,47.7834358215332,2807822
2023-10-24 00:00:00+02:00,BNP.PA,47.59614944458008,2569012
2023-10-25 00:00:00+02:00,BNP.PA,47.82600021362305,2730173
2023-10-26 00:00:00+02:00,BNP.PA,46.58310317993164,5750038
2023-10-27 00:00:00+02:00,BNP.PA,46.5405387878418,3093023
2023-10-30 00:00:00+01:00,BNP.PA,45.7318000793457,3759647
2023-10-31 00:00:00+01:00,BNP.PA,46.217044830322266,3247176
2023-11-01 00:00:00+01:00,BNP.PA,46.31068801879883,2717312
2023-11-02 00:00:00+01:00,BNP.PA,47.298194885253906,3304816
2023-11-03 00:00:00+01:00,BNP.PA,48.21759796142578,3397647
2023-11-06 00:00:00+01:00,BNP.PA,48.36231994628906,2526854
2023-11-07 00:00:00+01:00,BNP.PA,47.63019943237305,2976344
2023-11-08 00:00:00+01:00,BNP.PA,47.75789260864258,2226445
2023-11-09 00:00:00+01:00,BNP.PA,47.74938201904297,2075065
2023-11-10 00:00:00+01:00,BNP.PA,47.34075927734375,2489497
2023-11-13 00:00:00+01:00,BNP.PA,47.49399185180664,1629208
2023-11-14 00:00:00+01:00,BNP.PA,47.681278228759766,3144007
2023-11-15 00:00:00+01:00,BNP.PA,47.98774719238281,1773206
2023-11-16 00:00:00+01:00,BNP.PA,47.74938201904297,1746207
2023-11-17 00:00:00+01:00,BNP.PA,48.294212341308594,2600953
2023-11-20 00:00:00+01:00,BNP.PA,48.35380554199219,1565294
2023-11-21 00:00:00+01:00,BNP.PA,48.064361572265625,1393885
2023-11-22 00:00:00+01:00,BNP.PA,48.16651916503906,976809
2023-11-23 00:00:00+01:00,BNP.PA,48.43893814086914,1119936
2023-11-24 00:00:00+01:00,BNP.PA,48.54960250854492,1275412
2023-11-27 00:00:00+01:00,BNP.PA,48.03030776977539,1421699
2023-11-28 00:00:00+01:00,BNP.PA,48.081390380859375,1237697
2023-11-29 00:00:00+01:00,BNP.PA,48.45595932006836,1440565
2023-11-30 00:00:00+01:00,BNP.PA,49.179569244384766,3361523
2023-12-01 00:00:00+01:00,BNP.PA,49.20510482788086,1337401
2023-12-04 00:00:00+01:00,BNP.PA,49.775474548339844,1595873
2023-12-05 00:00:00+01:00,BNP.PA,50.87364959716797,3181718
2023-12-06 00:00:00+01:00,BNP.PA,51.63982009887695,2813151
2023-12-07 00:00:00+01:00,BNP.PA,52.02290725708008,2523276
2023-12-08 00:00:00+01:00,BNP.PA,52.652862548828125,2699114
2023-12-11 00:00:00+01:00,BNP.PA,52.08249282836914,2198940
2023-12-12 00:00:00+01:00,BNP.PA,51.776023864746094,1848851
2023-12-13 00:00:00+01:00,BNP.PA,51.34186935424805,2044571
2023-12-14 00:00:00+01:00,BNP.PA,53.529701232910156,4771017
2023-12-15 00:00:00+01:00,BNP.PA,53.70847702026367,9283183
2023-12-18 00:00:00+01:00,BNP.PA,53.11256790161133,1563237
2023-12-19 00:00:00+01:00,BNP.PA,53.02743911743164,1836408
2023-12-20 00:00:00+01:00,BNP.PA,53.51268005371094,2125843
2023-12-21 00:00:00+01:00,BNP.PA,53.529701232910156,1458810
2023-12-22 00:00:00+01:00,BNP.PA,53.64037322998047,1279974
2023-12-27 00:00:00+01:00,BNP.PA,53.62335205078125,1184940
2023-12-28 00:00:00+01:00,BNP.PA,53.16364669799805,856379
2023-12-29 00:00:00+01:00,BNP.PA,53.2828254699707,764511
2024-01-02 00:00:00+01:00,BNP.PA,53.938331604003906,1453297
2024-01-03 00:00:00+01:00,BNP.PA,52.499629974365234,2161179
2024-01-04 00:00:00+01:00,BNP.PA,53.55524444580078,2020844
2024-01-05 00:00:00+01:00,BNP.PA,53.631858825683594,1708603
2024-01-08 00:00:00+01:00,BNP.PA,53.751041412353516,1121894
2024-01-09 00:00:00+01:00,BNP.PA,53.3168830871582,1334945
2024-01-10 00:00:00+01:00,BNP.PA,53.14662170410156,1448019
2024-01-11 00:00:00+01:00,BNP.PA,51.759002685546875,2383953
2024-01-12 00:00:00+01:00,BNP.PA,51.784542083740234,1827811
2024-01-15 00:00:00+01:00,BNP.PA,52.03141403198242,1328875
2024-01-16 00:00:00+01:00,BNP.PA,51.71643829345703,1726074
2024-01-17 00:00:00+01:00,BNP.PA,51.28227615356445,1829354
2024-01-18 00:00:00+01:00,BNP.PA,51.63982009887695,1662660
2024-01-19 00:00:00+01:00,BNP.PA,51.597259521484375,1550707
2024-01-22 00:00:00+01:00,BNP.PA,52.38045120239258,1657658
2024-01-23 00:00:00+01:00,BNP.PA,52.07398223876953,1379736
2024-01-24 00:00:00+01:00,BNP.PA,52.77204895019531,2228528
2024-01-25 00:00:00+01:00,BNP.PA,52.51665496826172,1315686
2024-01-26 00:00:00+01:00,BNP.PA,53.248775482177734,2078747
2024-01-29 00:00:00+01:00,BNP.PA,52.814613342285156,1483122
2024-01-30 00:00:00+01:00,BNP.PA,52.95082473754883,1746594
2024-01-31 00:00:00+01:00,BNP.PA,53.248775482177734,2628768
2024-02-01 00:00:00+01:00,BNP.PA,48.34529113769531,9865002
2024-02-02 00:00:00+01:00,BNP.PA,47.723846435546875,5384986
2024-02-05 00:00:00+01:00,BNP.PA,47.75789260864258,3623657
2024-02-06 00:00:00+01:00,BNP.PA,46.88957214355469,3989882
2024-02-07 00:00:00+01:00,BNP.PA,46.651206970214844,3496049
2024-02-08 00:00:00+01:00,BNP.PA,46.42987060546875,2920886
2024-02-09 00:00:00+01:00,BNP.PA,45.493438720703125,4901434
2024-02-12 00:00:00+01:00,BNP.PA,46.11488723754883,3202069
2024-02-13 00:00:00+01:00,BNP.PA,45.825443267822266,2452307
2024-02-14 00:00:00+01:00,BNP.PA,45.90205764770508,2374115
2024-02-15 00:00:00+01:00,BNP.PA,45.97867965698242,2517763
2024-02-16 00:00:00+01:00,BNP.PA,46.293663024902344,2901560
2024-02-19 00:00:00+01:00,BNP.PA,46.625667572021484,2292612
2024-02-20 00:00:00+01:00,BNP.PA,47.24711608886719,3168091
2024-02-21 00:00:00+01:00,BNP.PA,47.5876350402832,2638341
2024-02-22 00:00:00+01:00,BNP.PA,47.860050201416016,2618808
2024-02-23 00:00:00+01:00,BNP.PA,48.00476837158203,2247149
2024-02-26 00:00:00+01:00,BNP.PA,47.11090850830078,2763767
2024-02-27 00:00:00+01:00,BNP.PA,47.33224105834961,2130501
2024-02-28 00:00:00+01:00,BNP.PA,47.204551696777344,2386211
2024-02-29 00:00:00+01:00,BNP.PA,47.144962310791016,3837416
2024-03-01 00:00:00+01:00,BNP.PA,47.80045700073242,2517235
2024-03-04 00:00:00+01:00,BNP.PA,48.7539176940918,3111764
2024-03-05 00:00:00+01:00,BNP.PA,48.72837829589844,1968996
2024-03-06 00:00:00+01:00,BNP.PA,48.7539176940918,2614268
2024-03-07 00:00:00+01:00,BNP.PA,49.707366943359375,3758442
2024-03-08 00:00:00+01:00,BNP.PA,50.16707229614258,2857525
2024-03-11 00:00:00+01:00,BNP.PA,50.26922607421875,2759877
2024-03-12 00:00:00+01:00,BNP.PA,50.83108901977539,4012391
2024-03-13 00:00:00+01:00,BNP.PA,51.886695861816406,4745114
2024-03-14 00:00:00+01:00,BNP.PA,51.29078674316406,3209386
2024-03-15 00:00:00+01:00,BNP.PA,52.108036041259766,8949165
2024-03-18 00:00:00+01:00,BNP.PA,52.2357292175293,2282031
2024-03-19 00:00:00+01:00,BNP.PA,52.78056335449219,2947725
2024-03-20 00:00:00+01:00,BNP.PA,52.720970153808594,2885055
2024-03-21 00:00:00+01:00,BNP.PA,53.32539367675781,3666581
2024-03-22 00:00:00+01:00,BNP.PA,53.46160125732422,2715480
2024-03-25 00:00:00+01:00,BNP.PA,53.19770050048828,2176630
2024-03-26 00:00:00+01:00,BNP.PA,54.74706268310547,3717066
2024-03-27 00:00:00+01:00,BNP.PA,55.053531646728516,2891033
2024-03-28 00:00:00+01:00,BNP.PA,56.06657791137695,3467964
2024-04-02 00:00:00+02:00,BNP.PA,55.6920051574707,2995647
2024-04-03 00:00:00+02:00,BNP.PA,56.63694381713867,3081188
2024-04-04 00:00:00+02:00,BNP.PA,57.17327117919922,2583051
2024-04-05 00:00:00+02:00,BNP.PA,56.65397644042969,2913205
2024-04-08 00:00:00+02:00,BNP.PA,57.02854537963867,1847356
2024-04-09 00:00:00+02:00,BNP.PA,56.7305908203125,2233616
2024-04-10 00:00:00+02:00,BNP.PA,56.807212829589844,2452350
2024-04-11 00:00:00+02:00,BNP.PA,55.76862335205078,3214765
2024-04-12 00:00:00+02:00,BNP.PA,55.64093017578125,2351756
2024-04-15 00:00:00+02:00,BNP.PA,55.989959716796875,2592068
2024-04-16 00:00:00+02:00,BNP.PA,54.338443756103516,3485230
2024-04-17 00:00:00+02:00,BNP.PA,54.61085891723633,2277500
2024-04-18 00:00:00+02:00,BNP.PA,55.72605514526367,2716710
2024-04-19 00:00:00+02:00,BNP.PA,55.70051574707031,2722009
2024-04-22 00:00:00+02:00,BNP.PA,56.713565826416016,2691459
2024-04-23 00:00:00+02:00,BNP.PA,57.93092346191406,3112172
2024-04-24 00:00:00+02:00,BNP.PA,57.658512115478516,3367663
2024-04-25 00:00:00+02:00,BNP.PA,58.19482421875,3638561
2024-04-26 00:00:00+02:00,BNP.PA,57.045570373535156,3211049
2024-04-29 00:00:00+02:00,BNP.PA,57.649993896484375,2454535
2024-04-30 00:00:00+02:00,BNP.PA,57.55635070800781,2349914
2024-05-02 00:00:00+02:00,BNP.PA,57.42013931274414,1771056
2024-05-03 00:00:00+02:00,BNP.PA,57.58189010620117,1775234
2024-05-06 00:00:00+02:00,BNP.PA,58.08415985107422,1067014
2024-05-07 00:00:00+02:00,BNP.PA,59.25043869018555,2449417
2024-05-08 00:00:00+02:00,BNP.PA,59.539878845214844,2043377
2024-05-09 00:00:00+02:00,BNP.PA,60.110252380371094,1688075
2024-05-10 00:00:00+02:00,BNP.PA,60.61251449584961,2520057
2024-05-13 00:00:00+02:00,BNP.PA,60.97856903076172,1870517
2024-05-14 00:00:00+02:00,BNP.PA,60.88492965698242,1763827
2024-05-15 00:00:00+02:00,BNP.PA,61.080726623535156,1803259
2024-05-16 00:00:00+02:00,BNP.PA,60.9615478515625,1340519
2024-05-17 00:00:00+02:00,BNP.PA,61.55746078491211,2796769
2024-05-20 00:00:00+02:00,BNP.PA,62.059730529785156,2085075
2024-05-21 00:00:00+02:00,BNP.PA,62.096065521240234,4197847
2024-05-22 00:00:00+02:00,BNP.PA,61.35098648071289,1611847
2024-05-23 00:00:00+02:00,BNP.PA,60.96027374267578,1593552
2024-05-24 00:00:00+02:00,BNP.PA,61.069313049316406,1333372
2024-05-27 00:00:00+02:00,BNP.PA,60.93301773071289,962501
2024-05-28 00:00:00+02:00,BNP.PA,61.5963249206543,1390311
2024-05-29 00:00:00+02:00,BNP.PA,60.81489944458008,1873775
2024-05-30 00:00:00+02:00,BNP.PA,61.5963249206543,1654206
2024-05-31 00:00:00+02:00,BNP.PA,61.51454162597656,3289110
2024-06-03 00:00:00+02:00,BNP.PA,61.841651916503906,1415332
2024-06-04 00:00:00+02:00,BNP.PA,60.72403335571289,2450741
2024-06-05 00:00:00+02:00,BNP.PA,60.178855895996094,1613978
2024-06-06 00:00:00+02:00,BNP.PA,60.74220275878906,2181388
2024-06-07 00:00:00+02:00,BNP.PA,60.30606460571289,2120025
2024-06-10 00:00:00+02:00,BNP.PA,57.434776306152344,7509856
2024-06-11 00:00:00+02:00,BNP.PA,55.19953918457031,6746748
2024-06-12 00:00:00+02:00,BNP.PA,56.171775817871094,4627597
2024-06-13 00:00:00+02:00,BNP.PA,54.518062591552734,5973973
2024-06-14 00:00:00+02:00,BNP.PA,53.073333740234375,8617206
2024-06-17 00:00:00+02:00,BNP.PA,53.73663330078125,4341390
2024-06-18 00:00:00+02:00,BNP.PA,54.02739715576172,2718136
2024-06-19 00:00:00+02:00,BNP.PA,53.34592056274414,2947548
2024-06-20 00:00:00+02:00,BNP.PA,54.618011474609375,2735541
2024-06-21 00:00:00+02:00,BNP.PA,53.909278869628906,6377244
2024-06-24 00:00:00+02:00,BNP.PA,55.672027587890625,3799351
2024-06-25 00:00:00+02:00,BNP.PA,55.02689743041992,3411239
2024-06-26 00:00:00+02:00,BNP.PA,54.74522018432617,3252961
2024-06-27 00:00:00+02:00,BNP.PA,54.53623580932617,3437993
2024-06-28 00:00:00+02:00,BNP.PA,54.09100341796875,4476230
2024-07-01 00:00:00+02:00,BNP.PA,56.03547668457031,4655869
2024-07-02 00:00:00+02:00,BNP.PA,55.63568115234375,2578874
2024-07-03 00:00:00+02:00,BNP.PA,56.998634338378906,3555561
2024-07-04 00:00:00+02:00,BNP.PA,58.07990646362305,2798016
2024-07-05 00:00:00+02:00,BNP.PA,57.84366226196289,2358461
2024-07-08 00:00:00+02:00,BNP.PA,56.825992584228516,3007412
2024-07-09 00:00:00+02:00,BNP.PA,55.490299224853516,3863035
2024-07-10 00:00:00+02:00,BNP.PA,55.990047454833984,1924593
2024-07-11 00:00:00+02:00,BNP.PA,56.3535041809082,1692308
2024-07-12 00:00:00+02:00,BNP.PA,56.735130310058594,1800462
2024-07-15 00:00:00+02:00,BNP.PA,57.007720947265625,1580214
2024-07-16 00:00:00+02:00,BNP.PA,56.85325241088867,1353639
2024-07-17 00:00:00+02:00,BNP.PA,57.27122116088867,1890688
2024-07-18 00:00:00+02:00,BNP.PA,57.83457946777344,2131235
2024-07-19 00:00:00+02:00,BNP.PA,57.28939437866211,2758555
2024-07-22 00:00:00+02:00,BNP.PA,58.63417053222656,2579090
2024-07-23 00:00:00+02:00,BNP.PA,58.77956008911133,2555763
2024-07-24 00:00:00+02:00,BNP.PA,58.22529220581055,2674629
2024-07-25 00:00:00+02:00,BNP.PA,58.66143035888672,2229646
2024-07-26 00:00:00+02:00,BNP.PA,58.5705680847168,1721058
2024-07-29 00:00:00+02:00,BNP.PA,58.07081985473633,1857337
2024-07-30 00:00:00+02:00,BNP.PA,58.37066650390625,1455532
2024-07-31 00:00:00+02:00,BNP.PA,57.66193389892578,2630196
2024-08-01 00:00:00+02:00,BNP.PA,55.84466552734375,3792758
2024-08-02 00:00:00+02:00,BNP.PA,54.20912170410156,4648756
2024-08-05 00:00:00+02:00,BNP.PA,53.2459716796875,4847967
2024-08-06 00:00:00+02:00,BNP.PA,52.54632568359375,3470163
2024-08-07 00:00:00+02:00,BNP.PA,54.02739715576172,3846128
2024-08-08 00:00:00+02:00,BNP.PA,53.991050720214844,1704485
2024-08-09 00:00:00+02:00,BNP.PA,53.836585998535156,1725418
2024-08-12 00:00:00+02:00,BNP.PA,53.836585998535156,1361369
2024-08-13 00:00:00+02:00,BNP.PA,53.854759216308594,1408935
2024-08-14 00:00:00+02:00,BNP.PA,54.29090118408203,1798601
2024-08-15 00:00:00+02:00,BNP.PA,54.94511795043945,1901263
2024-08-16 00:00:00+02:00,BNP.PA,55.535728454589844,1845643
2024-08-19 00:00:00+02:00,BNP.PA,55.75380325317383,1402256
2024-08-20 00:00:00+02:00,BNP.PA,55.34491729736328,1388031
2024-08-21 00:00:00+02:00,BNP.PA,55.590248107910156,1415680
2024-08-22 00:00:00+02:00,BNP.PA,55.499385833740234,1219696
2024-08-23 00:00:00+02:00,BNP.PA,55.80832290649414,1539381
2024-08-26 00:00:00+02:00,BNP.PA,55.8355827331543,824515
2024-08-27 00:00:00+02:00,BNP.PA,56.32624435424805,1394488
2024-08-28 00:00:00+02:00,BNP.PA,56.226295471191406,1194154
2024-08-29 00:00:00+02:00,BNP.PA,56.435279846191406,1482081
2024-08-30 00:00:00+02:00,BNP.PA,56.86233901977539,2283144
2024-09-02 00:00:00+02:00,BNP.PA,56.726043701171875,868046
2024-09-03 00:00:00+02:00,BNP.PA,56.0445671081543,2131707
2024-09-04 00:00:00+02:00,BNP.PA,56.26263427734375,1702441
2024-09-05 00:00:00+02:00,BNP.PA,57.7982292175293,2748287
2024-09-06 00:00:00+02:00,BNP.PA,56.49888229370117,2823213
2024-09-09 00:00:00+02:00,BNP.PA,56.85325241088867,1689491
2024-09-10 00:00:00+02:00,BNP.PA,56.49888229370117,1531845
2024-09-11 00:00:00+02:00,BNP.PA,56.88959884643555,1731219
2024-09-12 00:00:00+02:00,BNP.PA,57.671024322509766,2425097
2024-09-13 00:00:00+02:00,BNP.PA,57.58015441894531,1562486
2024-09-16 00:00:00+02:00,BNP.PA,57.507469177246094,1078696
2024-09-17 00:00:00+02:00,BNP.PA,58.56148147583008,2197849
2024-09-18 00:00:00+02:00,BNP.PA,58.28889846801758,1495272
2024-09-19 00:00:00+02:00,BNP.PA,59.2156982421875,2272187
2024-09-20 00:00:00+02:00,BNP.PA,58.861331939697266,4555256
2024-09-23 00:00:00+02:00,BNP.PA,56.70787048339844,3820413
2024-09-24 00:00:00+02:00,BNP.PA,57.080406188964844,1969233
2024-09-25 00:00:00+02:00,BNP.PA,56.617008209228516,1645527
2024-09-26 00:00:00+02:00,BNP.PA,57.4620361328125,2172542
2024-09-27 00:00:00+02:00,BNP.PA,57.51655578613281,2468619
2024-09-30 00:00:00+02:00,BNP.PA,55.92644119262695,3401241
2024-10-01 00:00:00+02:00,BNP.PA,55.55390167236328,3016067
2024-10-02 00:00:00+02:00,BNP.PA,55.390350341796875,1856508
2024-10-03 00:00:00+02:00,BNP.PA,54.59983825683594,2721746
2024-10-04 00:00:00+02:00,BNP.PA,55.29948806762695,3156894
2024-10-07 00:00:00+02:00,BNP.PA,56.162689208984375,2118029
2024-10-08 00:00:00+02:00,BNP.PA,56.244468688964844,1697615
2024-10-09 00:00:00+02:00,BNP.PA,56.42618942260742,1933761
2024-10-10 00:00:00+02:00,BNP.PA,56.26263427734375,1495515
2024-10-11 00:00:00+02:00,BNP.PA,56.480709075927734,1447840
2024-10-14 00:00:00+02:00,BNP.PA,57.17127227783203,1498110
2024-10-15 00:00:00+02:00,BNP.PA,57.889095306396484,2926156
2024-10-16 00:00:00+02:00,BNP.PA,58.5887451171875,2547930
2024-10-17 00:00:00+02:00,BNP.PA,59.61549758911133,3538311
2024-10-18 00:00:00+02:00,BNP.PA,60.21519470214844,3181758
2024-10-21 00:00:00+02:00,BNP.PA,59.788143157958984,1753455
2024-10-22 00:00:00+02:00,BNP.PA,59.69727325439453,1314922
2024-10-23 00:00:00+02:00,BNP.PA,59.27022171020508,1702979
2024-10-24 00:00:00+02:00,BNP.PA,59.361083984375,1747989
2024-10-25 00:00:00+02:00,BNP.PA,59.361083984375,1462627
2024-10-28 00:00:00+01:00,BNP.PA,59.988037109375,1879445
2024-10-29 00:00:00+01:00,BNP.PA,59.91535186767578,2294320
2024-10-30 00:00:00+01:00,BNP.PA,59.51554870605469,2065998
2024-10-31 00:00:00+01:00,BNP.PA,57.016807556152344,7008244
2024-11-01 00:00:00+01:00,BNP.PA,57.280311584472656,3008056
2024-11-04 00:00:00+01:00,BNP.PA,57.1258430480957,1950835
2024-11-05 00:00:00+01:00,BNP.PA,57.007720947265625,2153744
2024-11-06 00:00:00+01:00,BNP.PA,55.490299224853516,5045283
2024-11-07 00:00:00+01:00,BNP.PA,53.65485763549805,5322315
2024-11-08 00:00:00+01:00,BNP.PA,54.29998779296875,4731196
2024-11-11 00:00:00+01:00,BNP.PA,55.37217330932617,3062744
2024-11-12 00:00:00+01:00,BNP.PA,53.954708099365234,3871602
2024-11-13 00:00:00+01:00,BNP.PA,53.71846008300781,2782805
2024-11-14 00:00:00+01:00,BNP.PA,54.0364875793457,2110841
2024-11-15 00:00:00+01:00,BNP.PA,54.618011474609375,2304077
2024-11-18 00:00:00+01:00,BNP.PA,54.89968490600586,1536817
2024-11-19 00:00:00+01:00,BNP.PA,53.8911018371582,3298668
2024-11-20 00:00:00+01:00,BNP.PA,53.146026611328125,3040698
2024-11-21 00:00:00+01:00,BNP.PA,52.900691986083984,3475100
2024-11-22 00:00:00+01:00,BNP.PA,51.71946716308594,5607002
2024-11-25 00:00:00+01:00,BNP.PA,51.77398681640625,4787044
2024-11-26 00:00:00+01:00,BNP.PA,51.15611267089844,2952549
2024-11-27 00:00:00+01:00,BNP.PA,50.54732894897461,4618436
2024-11-28 00:00:00+01:00,BNP.PA,51.0107307434082,2383392
2024-11-29 00:00:00+01:00,BNP.PA,51.465049743652344,3399190
2024-12-02 00:00:00+01:00,BNP.PA,50.82900619506836,4192383
2024-12-03 00:00:00+01:00,BNP.PA,50.68362045288086,3632470
2024-12-04 00:00:00+01:00,BNP.PA,51.33784103393555,2626120
2024-12-05 00:00:00+01:00,BNP.PA,52.67353439331055,3646351
2024-12-06 00:00:00+01:00,BNP.PA,53.218711853027344,3758878
2024-12-09 00:00:00+01:00,BNP.PA,54.57258224487305,3643529
2024-12-10 00:00:00+01:00,BNP.PA,54.2454719543457,3017820
2024-12-11 00:00:00+01:00,BNP.PA,54.14552307128906,1806949
2024-12-12 00:00:00+01:00,BNP.PA,53.53673553466797,3064965
2024-12-13 00:00:00+01:00,BNP.PA,53.55490493774414,2159456
2024-12-16 00:00:00+01:00,BNP.PA,53.44586944580078,1775368
2024-12-17 00:00:00+01:00,BNP.PA,52.92795181274414,3075365
2024-12-18 00:00:00+01:00,BNP.PA,53.273231506347656,2891991
2024-12-19 00:00:00+01:00,BNP.PA,52.52815246582031,2800740
2024-12-20 00:00:00+01:00,BNP.PA,52.228302001953125,4839471
2024-12-23 00:00:00+01:00,BNP.PA,52.19195556640625,1395481
2024-12-24 00:00:00+01:00,BNP.PA,52.28282165527344,479686
2024-12-27 00:00:00+01:00,BNP.PA,53.19145584106445,2338135
2024-12-30 00:00:00+01:00,BNP.PA,53.36409378051758,1667203
2024-12-31 00:00:00+01:00,BNP.PA,53.809329986572266,796685
2025-01-02 00:00:00+01:00,BNP.PA,53.836585998535156,1571471
2025-01-03 00:00:00+01:00,BNP.PA,53.146026611328125,2635522
2025-01-06 00:00:00+01:00,BNP.PA,54.545318603515625,3444327
2025-01-07 00:00:00+01:00,BNP.PA,54.88151550292969,3010929
2025-01-08 00:00:00+01:00,BNP.PA,54.64527130126953,2534021
2025-01-09 00:00:00+01:00,BNP.PA,54.47262954711914,1759110
2025-01-10 00:00:00+01:00,BNP.PA,53.92744827270508,3177621
2025-01-13 00:00:00+01:00,BNP.PA,54.19095230102539,2249295
2025-01-14 00:00:00+01:00,BNP.PA,55.254058837890625,3608506
2025-01-15 00:00:00+01:00,BNP.PA,56.408023834228516,4240049
2025-01-16 00:00:00+01:00,BNP.PA,56.52613830566406,2413140
2025-01-17 00:00:00+01:00,BNP.PA,56.553401947021484,3346287
2025-01-20 00:00:00+01:00,BNP.PA,57.19853210449219,2581551
2025-01-21 00:00:00+01:00,BNP.PA,57.34391403198242,1841077
2025-01-22 00:00:00+01:00,BNP.PA,56.617008209228516,2831825
2025-01-23 00:00:00+01:00,BNP.PA,57.5892448425293,2412811
2025-01-24 00:00:00+01:00,BNP.PA,57.7982292175293,1858272
2025-01-27 00:00:00+01:00,BNP.PA,58.36158752441406,3000292
2025-01-28 00:00:00+01:00,BNP.PA,58.67960739135742,2440646
2025-01-29 00:00:00+01:00,BNP.PA,58.761383056640625,2128766
2025-01-30 00:00:00+01:00,BNP.PA,59.66093444824219,2838071
2025-01-31 00:00:00+01:00,BNP.PA,59.715450286865234,2930668
2025-02-03 00:00:00+01:00,BNP.PA,58.443363189697266,4014970
2025-02-04 00:00:00+01:00,BNP.PA,60.92393493652344,5238937
2025-02-05 00:00:00+01:00,BNP.PA,60.33332061767578,3172600
2025-02-06 00:00:00+01:00,BNP.PA,62.02338409423828,4195725
2025-02-07 00:00:00+01:00,BNP.PA,63.104652404785156,4583335
2025-02-10 00:00:00+01:00,BNP.PA,63.14099884033203,3623884
2025-02-11 00:00:00+01:00,BNP.PA,63.72252655029297,2409379
2025-02-12 00:00:00+01:00,BNP.PA,64.45852661132812,2772529
2025-02-13 00:00:00+01:00,BNP.PA,63.69526672363281,3067525
2025-02-14 00:00:00+01:00,BNP.PA,63.5589714050293,2784882
2025-02-17 00:00:00+01:00,BNP.PA,63.4499397277832,1505907
2025-02-18 00:00:00+01:00,BNP.PA,64.59481811523438,2644716
2025-02-19 00:00:00+01:00,BNP.PA,63.87699508666992,2497449
2025-02-20 00:00:00+01:00,BNP.PA,64.39491271972656,3309235
2025-02-21 00:00:00+01:00,BNP.PA,64.62207794189453,2525080
2025-02-24 00:00:00+01:00,BNP.PA,64.58573150634766,1770629
2025-02-25 00:00:00+01:00,BNP.PA,65.52162170410156,2874998
2025-02-26 00:00:00+01:00,BNP.PA,66.07588958740234,2369568
2025-02-27 00:00:00+01:00,BNP.PA,65.97593688964844,2299727
2025-02-28 00:00:00+01:00,BNP.PA,66.2031021118164,4812789
2025-03-03 00:00:00+01:00,BNP.PA,67.25711822509766,3282247
2025-03-04 00:00:00+01:00,BNP.PA,65.13999938964844,3943060
2025-03-05 00:00:00+01:00,BNP.PA,67.8386459350586,5127533
2025-03-06 00:00:00+01:00,BNP.PA,70.11931610107422,4960960
2025-03-07 00:00:00+01:00,BNP.PA,69.57412719726562,3555933
2025-03-10 00:00:00+01:00,BNP.PA,67.63874053955078,3997676
2025-03-11 00:00:00+01:00,BNP.PA,66.29396057128906,4200358
2025-03-12 00:00:00+01:00,BNP.PA,66.95726776123047,3137680
2025-03-13 00:00:00+01:00,BNP.PA,66.8300552368164,2891928
2025-03-14 00:00:00+01:00,BNP.PA,68.80178833007812,3843234
2025-03-17 00:00:00+01:00,BNP.PA,70.79170227050781,3644074
2025-03-18 00:00:00+01:00,BNP.PA,72.88156127929688,5488254
2025-03-19 00:00:00+01:00,BNP.PA,73.47217559814453,3170970
2025-03-20 00:00:00+01:00,BNP.PA,71.82754516601562,3094729
2025-03-21 00:00:00+01:00,BNP.PA,72.43633270263672,7614235
2025-03-24 00:00:00+01:00,BNP.PA,72.1728286743164,2433226
2025-03-25 00:00:00+01:00,BNP.PA,74.12638854980469,3139788
2025-03-26 00:00:00+01:00,BNP.PA,73.05420684814453,2745755
2025-03-27 00:00:00+01:00,BNP.PA,72.39089965820312,2585313
2025-03-28 00:00:00+01:00,BNP.PA,71.37322998046875,3530438
2025-03-31 00:00:00+02:00,BNP.PA,69.88307189941406,4346990
2025-04-01 00:00:00+02:00,BNP.PA,71.31871032714844,3214861
2025-04-02 00:00:00+02:00,BNP.PA,70.64632415771484,3709465
2025-04-03 00:00:00+02:00,BNP.PA,66.96634674072266,5866719
2025-04-04 00:00:00+02:00,BNP.PA,62.39592361450195,10424235
2025-04-07 00:00:00+02:00,BNP.PA,60.060726165771484,10054532
2025-04-08 00:00:00+02:00,BNP.PA,60.14250946044922,5756388
2025-04-09 00:00:00+02:00,BNP.PA,57.95269775390625,6059025
2025-04-10 00:00:00+02:00,BNP.PA,61.08749008178711,7709559
2025-04-11 00:00:00+02:00,BNP.PA,59.61549758911133,5435045
2025-04-14 00:00:00+02:00,BNP.PA,62.241455078125,4086459
2025-04-15 00:00:00+02:00,BNP.PA,64.13141632080078,3565333
2025-04-16 00:00:00+02:00,BNP.PA,65.04005432128906,3171170
2025-04-17 00:00:00+02:00,BNP.PA,64.27679443359375,2922984
2025-04-22 00:00:00+02:00,BNP.PA,65.0763931274414,2644851
2025-04-23 00:00:00+02:00,BNP.PA,67.07538604736328,4756299
2025-04-24 00:00:00+02:00,BNP.PA,65.63066101074219,3705193
2025-04-25 00:00:00+02:00,BNP.PA,66.15766143798828,2764070
2025-04-28 00:00:00+02:00,BNP.PA,67.32980346679688,2642379
2025-04-29 00:00:00+02:00,BNP.PA,67.96585083007812,2497609
2025-04-30 00:00:00+02:00,BNP.PA,67.50244140625,4196187
2025-05-02 00:00:00+02:00,BNP.PA,69.38331604003906,3468875
2025-05-05 00:00:00+02:00,BNP.PA,69.38331604003906,1620728
2025-05-06 00:00:00+02:00,BNP.PA,69.05620574951172,2001007
2025-05-07 00:00:00+02:00,BNP.PA,69.07437896728516,2265470
2025-05-08 00:00:00+02:00,BNP.PA,69.96484375,2070844
2025-05-09 00:00:00+02:00,BNP.PA,70.4191665649414,2295628
2025-05-12 00:00:00+02:00,BNP.PA,71.82754516601562,3834741
2025-05-13 00:00:00+02:00,BNP.PA,71.85480499267578,2186571
2025-05-14 00:00:00+02:00,BNP.PA,72.61805725097656,2561125
2025-05-15 00:00:00+02:00,BNP.PA,72.3272933959961,2256067
2025-05-16 00:00:00+02:00,BNP.PA,72.136474609375,3672767
2025-05-19 00:00:00+02:00,BNP.PA,74.6022720336914,5096061
2025-05-20 00:00:00+02:00,BNP.PA,75.07608795166016,2975979
2025-05-21 00:00:00+02:00,BNP.PA,75.3661880493164,2780363
2025-05-22 00:00:00+02:00,BNP.PA,74.94071197509766,3162888
2025-05-23 00:00:00+02:00,BNP.PA,73.33552551269531,4076993
2025-05-26 00:00:00+02:00,BNP.PA,74.66996002197266,2931682
2025-05-27 00:00:00+02:00,BNP.PA,74.86334991455078,2167272
2025-05-28 00:00:00+02:00,BNP.PA,74.05109405517578,3133556
2025-05-29 00:00:00+02:00,BNP.PA,74.29283905029297,1870054
2025-05-30 00:00:00+02:00,BNP.PA,74.59259796142578,4022585
2025-06-02 00:00:00+02:00,BNP.PA,74.17680358886719,2724245
2025-06-03 00:00:00+02:00,BNP.PA,74.66996002197266,2766585
2025-06-04 00:00:00+02:00,BNP.PA,74.10911560058594,3045846
2025-06-05 00:00:00+02:00,BNP.PA,74.94071197509766,2986549
2025-06-06 00:00:00+02:00,BNP.PA,75.55957794189453,2413794
2025-06-09 00:00:00+02:00,BNP.PA,75.89801788330078,2143681
2025-06-10 00:00:00+02:00,BNP.PA,73.77066802978516,2760639
2025-06-11 00:00:00+02:00,BNP.PA,73.7029800415039,2853957
2025-06-12 00:00:00+02:00,BNP.PA,73.95439910888672,2283451
2025-06-13 00:00:00+02:00,BNP.PA,72.79402160644531,3175580
2025-06-16 00:00:00+02:00,BNP.PA,74.94071197509766,2674401
2025-06-17 00:00:00+02:00,BNP.PA,73.46124267578125,2378298
2025-06-18 00:00:00+02:00,BNP.PA,74.04142761230469,1998538
2025-06-19 00:00:00+02:00,BNP.PA,72.17515563964844,2486125
2025-06-20 00:00:00+02:00,BNP.PA,71.84638977050781,6445923
2025-06-23 00:00:00+02:00,BNP.PA,70.66667938232422,2307376
2025-06-24 00:00:00+02:00,BNP.PA,72.89071655273438,2810546
2025-06-25 00:00:00+02:00,BNP.PA,72.72633361816406,1893621
2025-06-26 00:00:00+02:00,BNP.PA,72.78434753417969,2188805
2025-06-27 00:00:00+02:00,BNP.PA,74.36052703857422,2723252
2025-06-30 00:00:00+02:00,BNP.PA,73.7996826171875,2989700
2025-07-01 00:00:00+02:00,BNP.PA,72.71665954589844,1980122
2025-07-02 00:00:00+02:00,BNP.PA,74.09944152832031,1874526
2025-07-03 00:00:00+02:00,BNP.PA,74.05109405517578,1355567
2025-07-04 00:00:00+02:00,BNP.PA,72.40723419189453,1917871
2025-07-07 00:00:00+02:00,BNP.PA,73.4322280883789,1672266
2025-07-08 00:00:00+02:00,BNP.PA,73.88671112060547,2042039
2025-07-09 00:00:00+02:00,BNP.PA,76.26547241210938,2796494
2025-07-10 00:00:00+02:00,BNP.PA,75.33717346191406,1650212
2025-07-11 00:00:00+02:00,BNP.PA,74.0704345703125,2517311
2025-07-14 00:00:00+02:00,BNP.PA,74.14778900146484,1152671
2025-07-15 00:00:00+02:00,BNP.PA,73.71265411376953,1385854
2025-07-16 00:00:00+02:00,BNP.PA,73.5676040649414,1859385
2025-07-17 00:00:00+02:00,BNP.PA,74.6022720336914,1945017
2025-07-18 00:00:00+02:00,BNP.PA,75.26947784423828,2275262
2025-07-21 00:00:00+02:00,BNP.PA,75.17278289794922,2046652
2025-07-22 00:00:00+02:00,BNP.PA,74.53458404541016,1872782
2025-07-23 00:00:00+02:00,BNP.PA,75.88835144042969,2504092
2025-07-24 00:00:00+02:00,BNP.PA,76.1881103515625,3344023
2025-07-25 00:00:00+02:00,BNP.PA,76.26547241210938,1786751
2025-07-28 00:00:00+02:00,BNP.PA,74.82467651367188,2408876
2025-07-29 00:00:00+02:00,BNP.PA,75.88835144042969,2005100
2025-07-30 00:00:00+02:00,BNP.PA,76.45886993408203,1846735
2025-07-31 00:00:00+02:00,BNP.PA,77.41616821289062,3766634
2025-08-01 00:00:00+02:00,BNP.PA,74.00274658203125,4220952
2025-08-04 00:00:00+02:00,BNP.PA,75.9076919555664,2302451
2025-08-05 00:00:00+02:00,BNP.PA,75.7916488647461,1604332
2025-08-06 00:00:00+02:00,BNP.PA,76.6812744140625,1703408
2025-08-07 00:00:00+02:00,BNP.PA,76.87466430664062,2244475
2025-08-08 00:00:00+02:00,BNP.PA,78.80862426757812,2361635
2025-08-11 00:00:00+02:00,BNP.PA,78.85697174072266,1897384
2025-08-12 00:00:00+02:00,BNP.PA,79.05036163330078,1564728
2025-08-13 00:00:00+02:00,BNP.PA,80.2010726928711,2356352
2025-08-14 00:00:00+02:00,BNP.PA,81.16804504394531,1807921
2025-08-15 00:00:00+02:00,BNP.PA,80.93596649169922,1635719
2025-08-18 00:00:00+02:00,BNP.PA,79.5725326538086,1581378
2025-08-19 00:00:00+02:00,BNP.PA,80.12371063232422,1300079
2025-08-20 00:00:00+02:00,BNP.PA,80.55884552001953,1211752
2025-08-21 00:00:00+02:00,BNP.PA,79.98833465576172,1265804
2025-08-22 00:00:00+02:00,BNP.PA,80.62653350830078,1233531
2025-08-25 00:00:00+02:00,BNP.PA,77.77395629882812,2581332
2025-08-26 00:00:00+02:00,BNP.PA,74.4862289428711,7613260
2025-08-27 00:00:00+02:00,BNP.PA,74.00274658203125,2336368
2025-08-28 00:00:00+02:00,BNP.PA,74.36052703857422,1862419
2025-08-29 00:00:00+02:00,BNP.PA,74.29283905029297,2247764
2025-09-01 00:00:00+02:00,BNP.PA,74.50557708740234,1059034
2025-09-02 00:00:00+02:00,BNP.PA,73.4322280883789,2582440
2025-09-03 00:00:00+02:00,BNP.PA,73.6739730834961,2341664
2025-09-04 00:00:00+02:00,BNP.PA,74.99872589111328,2919021
2025-09-05 00:00:00+02:00,BNP.PA,73.99307250976562,1909320
2025-09-08 00:00:00+02:00,BNP.PA,74.16712951660156,1766240
2025-09-09 00:00:00+02:00,BNP.PA,75.29850006103516,1938234
2025-09-10 00:00:00+02:00,BNP.PA,75.57891845703125,1840483
2025-09-11 00:00:00+02:00,BNP.PA,76.78764343261719,2343944
2025-09-12 00:00:00+02:00,BNP.PA,76.6812744140625,1409867
2025-09-15 00:00:00+02:00,BNP.PA,77.67726135253906,1719663
2025-09-16 00:00:00+02:00,BNP.PA,76.5555648803711,2393805
2025-09-17 00:00:00+02:00,BNP.PA,75.10509490966797,2515175
2025-09-18 00:00:00+02:00,BNP.PA,75.80132293701172,1948956
2025-09-19 00:00:00+02:00,BNP.PA,76.97135925292969,3492262
2025-09-22 00:00:00+02:00,BNP.PA,76.08174896240234,1604751
2025-09-23 00:00:00+02:00,BNP.PA,76.32349395751953,1741098
2025-09-24 00:00:00+02:00,BNP.PA,75.6369400024414,2068144
2025-09-25 00:00:00+02:00,BNP.PA,75.84000396728516,1829519
2025-09-26 00:00:00+02:00,BNP.PA,77.54000091552734,2121040
2025-09-29 00:00:00+02:00,BNP.PA,77.44999694824219,1784329
2025-09-30 00:00:00+02:00,BNP.PA,77.33000183105469,1999582
2025-10-01 00:00:00+02:00,BNP.PA,78.33999633789062,2153316
2025-10-02 00:00:00+02:00,BNP.PA,77.52999877929688,1954767
2025-10-03 00:00:00+02:00,BNP.PA,78.0,1792351
2025-10-06 00:00:00+02:00,BNP.PA,75.5,3901585
2025-10-07 00:00:00+02:00,BNP.PA,74.62999725341797,2571730
2025-10-08 00:00:00+02:00,BNP.PA,75.19999694824219,2875560
2025-10-09 00:00:00+02:00,BNP.PA,75.54000091552734,1638496
2025-10-10 00:00:00+02:00,BNP.PA,75.5,2481923
2025-10-13 00:00:00+02:00,BNP.PA,75.44000244140625,1638579
2025-10-14 00:00:00+02:00,BNP.PA,75.75,2825363
2025-10-15 00:00:00+02:00,BNP.PA,76.83000183105469,2720061
2025-10-16 00:00:00+02:00,BNP.PA,77.9800033569336,2101921
2025-10-17 00:00:00+02:00,BNP.PA,74.88999938964844,3930791
2025-10-20 00:00:00+02:00,BNP.PA,69.0999984741211,13072979
2025-10-21 00:00:00+02:00,BNP.PA,67.93000030517578,8255408
2025-10-22 00:00:00+02:00,BNP.PA,68.37000274658203,4939853
2025-10-23 00:00:00+02:00,BNP.PA,68.72000122070312,2585062
2025-10-24 00:00:00+02:00,BNP.PA,68.4800033569336,3571036
2025-10-27 00:00:00+01:00,BNP.PA,69.19000244140625,3334281
2025-10-28 00:00:00+01:00,BNP.PA,66.73999786376953,5873124
2025-10-29 00:00:00+01:00,BNP.PA,66.94000244140625,3258597
2025-10-30 00:00:00+01:00,BNP.PA,66.47000122070312,3524572
2025-10-31 00:00:00+01:00,BNP.PA,67.05999755859375,2472901
2025-11-03 00:00:00+01:00,BNP.PA,66.0,3618749
2025-11-04 00:00:00+01:00,BNP.PA,66.0,2903321
2025-11-05 00:00:00+01:00,BNP.PA,65.9800033569336,1892765
2025-11-06 00:00:00+01:00,BNP.PA,65.33999633789062,3823499
2025-11-07 00:00:00+01:00,BNP.PA,65.48999786376953,1814972
2025-11-10 00:00:00+01:00,BNP.PA,67.0,2722131
2025-11-11 00:00:00+01:00,BNP.PA,67.55000305175781,1931233
2025-11-12 00:00:00+01:00,BNP.PA,69.29000091552734,3265461
2025-11-13 00:00:00+01:00,BNP.PA,69.58999633789062,2319791
2025-11-14 00:00:00+01:00,BNP.PA,68.83000183105469,2190683
2025-11-17 00:00:00+01:00,BNP.PA,68.30000305175781,2167821
2025-11-18 00:00:00+01:00,BNP.PA,66.69000244140625,3245412
2025-11-19 00:00:00+01:00,BNP.PA,67.06999969482422,2342031
2025-11-20 00:00:00+01:00,BNP.PA,70.0199966430664,5282670
2025-11-21 00:00:00+01:00,BNP.PA,70.47000122070312,3303109
2025-11-24 00:00:00+01:00,BNP.PA,70.41999816894531,3883575
2025-11-25 00:00:00+01:00,BNP.PA,71.7699966430664,3335567
2025-11-26 00:00:00+01:00,BNP.PA,72.33999633789062,2653974
2025-11-27 00:00:00+01:00,BNP.PA,73.38999938964844,2130568
2025-11-28 00:00:00+01:00,BNP.PA,73.69000244140625,2643969
2025-12-01 00:00:00+01:00,BNP.PA,73.44000244140625,2626864
2025-12-02 00:00:00+01:00,BNP.PA,75.08000183105469,3159346
2025-12-03 00:00:00+01:00,BNP.PA,74.25,2835770
2025-12-04 00:00:00+01:00,BNP.PA,75.69000244140625,3038154
2025-12-05 00:00:00+01:00,BNP.PA,75.38999938964844,2167322
2025-12-08 00:00:00+01:00,BNP.PA,76.41999816894531,2442558
2025-12-09 00:00:00+01:00,BNP.PA,77.54000091552734,3069994
2025-12-10 00:00:00+01:00,BNP.PA,77.01000213623047,2511250
2025-12-11 00:00:00+01:00,BNP.PA,78.66999816894531,3579181
2025-12-12 00:00:00+01:00,BNP.PA,78.08999633789062,2804777
2025-12-15 00:00:00+01:00,BNP.PA,79.08000183105469,2338526
2025-12-16 00:00:00+01:00,BNP.PA,78.86000061035156,2830574
2025-12-17 00:00:00+01:00,BNP.PA,80.08000183105469,2628188
2025-12-18 00:00:00+01:00,BNP.PA,80.23999786376953,3186321
2025-12-19 00:00:00+01:00,BNP.PA,80.5999984741211,6202498
2025-12-22 00:00:00+01:00,BNP.PA,80.25,1314995
2025-12-23 00:00:00+01:00,BNP.PA,80.61000061035156,1609457
2025-12-24 00:00:00+01:00,BNP.PA,80.5199966430664,308092
2025-12-29 00:00:00+01:00,BNP.PA,80.22000122070312,1514671
2025-12-30 00:00:00+01:00,BNP.PA,81.0999984741211,1464283
2025-12-31 00:00:00+01:00,BNP.PA,80.79000091552734,544818
2026-01-02 00:00:00+01:00,BNP.PA,81.91999816894531,1682436
2026-01-05 00:00:00+01:00,BNP.PA,81.87000274658203,1649193
2026-01-06 00:00:00+01:00,BNP.PA,80.56999969482422,2245560
2026-01-07 00:00:00+01:00,BNP.PA,79.69999694824219,2025327
2026-01-08 00:00:00+01:00,BNP.PA,82.5,2827587
2026-01-09 00:00:00+01:00,BNP.PA,87.19999694824219,7020926
2026-01-12 00:00:00+01:00,BNP.PA,86.9800033569336,2824644
2026-01-13 00:00:00+01:00,BNP.PA,86.9000015258789,2020882
2026-01-14 00:00:00+01:00,BNP.PA,87.0,2111508
2026-01-15 00:00:00+01:00,BNP.PA,87.37999725341797,1876145
2026-01-16 00:00:00+01:00,BNP.PA,87.20999908447266,2694899
2026-01-19 00:00:00+01:00,BNP.PA,86.8499984741211,2089247
2026-01-20 00:00:00+01:00,BNP.PA,86.41999816894531,2450661
2026-01-21 00:00:00+01:00,BNP.PA,85.76000213623047,2233765
2026-01-22 00:00:00+01:00,BNP.PA,88.3499984741211,2575597
2026-01-23 00:00:00+01:00,BNP.PA,88.13999938964844,1940045
2026-01-26 00:00:00+01:00,BNP.PA,88.54000091552734,1679082
2026-01-27 00:00:00+01:00,BNP.PA,90.1500015258789,2415190
2026-01-28 00:00:00+01:00,BNP.PA,90.38999938964844,2398166
2026-01-29 00:00:00+01:00,BNP.PA,90.04000091552734,2573739
2026-01-30 00:00:00+01:00,BNP.PA,91.19999694824219,2624728
2026-02-02 00:00:00+01:00,BNP.PA,92.37999725341797,1862043
2026-02-03 00:00:00+01:00,BNP.PA,91.91999816894531,2307349
2026-02-04 00:00:00+01:00,BNP.PA,90.93000030517578,2873951
2026-02-05 00:00:00+01:00,BNP.PA,91.9800033569336,4560294
2026-02-06 00:00:00+01:00,BNP.PA,93.18000030517578,2447477
2026-02-09 00:00:00+01:00,BNP.PA,94.38999938964844,2006427
2026-02-10 00:00:00+01:00,BNP.PA,93.02999877929688,2012757
2026-02-11 00:00:00+01:00,BNP.PA,92.69999694824219,2538430
2026-02-12 00:00:00+01:00,BNP.PA,91.58999633789062,2447724
2026-02-13 00:00:00+01:00,BNP.PA,89.4000015258789,3943675
2021-02-15 00:00:00+01:00,GLE.PA,15.026174545288086,9335120
2021-02-16 00:00:00+01:00,GLE.PA,15.0309419631958,3651411
2021-02-17 00:00:00+01:00,GLE.PA,15.137359619140625,5900344
2021-02-18 00:00:00+01:00,GLE.PA,15.156421661376953,4501083
2021-02-19 00:00:00+01:00,GLE.PA,15.729832649230957,6272126
2021-02-22 00:00:00+01:00,GLE.PA,16.003034591674805,4705056
2021-02-23 00:00:00+01:00,GLE.PA,15.979209899902344,4383473
2021-02-24 00:00:00+01:00,GLE.PA,16.185697555541992,3838485
2021-02-25 00:00:00+01:00,GLE.PA,16.61456871032715,7031354
2021-02-26 00:00:00+01:00,GLE.PA,16.308799743652344,6917625
2021-03-01 00:00:00+01:00,GLE.PA,16.503379821777344,3566016
2021-03-02 00:00:00+01:00,GLE.PA,16.463666915893555,3315825
2021-03-03 00:00:00+01:00,GLE.PA,17.05931282043457,4538812
2021-03-04 00:00:00+01:00,GLE.PA,16.848852157592773,4621158
2021-03-05 00:00:00+01:00,GLE.PA,16.944156646728516,4721510
2021-03-08 00:00:00+01:00,GLE.PA,17.73834991455078,5996152
2021-03-09 00:00:00+01:00,GLE.PA,17.317428588867188,5511495
2021-03-10 00:00:00+01:00,GLE.PA,17.37699317932129,2979213
2021-03-11 00:00:00+01:00,GLE.PA,16.983867645263672,5273856
2021-03-12 00:00:00+01:00,GLE.PA,17.285659790039062,2960473
2021-03-15 00:00:00+01:00,GLE.PA,17.373022079467773,4226759
2021-03-16 00:00:00+01:00,GLE.PA,17.21021270751953,4293434
2021-03-17 00:00:00+01:00,GLE.PA,17.440528869628906,4096398
2021-03-18 00:00:00+01:00,GLE.PA,18.1155948638916,6987203
2021-03-19 00:00:00+01:00,GLE.PA,17.60730743408203,8360190
2021-03-22 00:00:00+01:00,GLE.PA,17.599367141723633,3389973
2021-03-23 00:00:00+01:00,GLE.PA,17.492151260375977,3140341
2021-03-24 00:00:00+01:00,GLE.PA,17.55965805053711,2971946
2021-03-25 00:00:00+01:00,GLE.PA,17.34919548034668,3724935
2021-03-26 00:00:00+01:00,GLE.PA,17.66290283203125,2961487
2021-03-29 00:00:00+02:00,GLE.PA,17.238006591796875,2900125
2021-03-30 00:00:00+02:00,GLE.PA,17.921018600463867,3914821
2021-03-31 00:00:00+02:00,GLE.PA,17.722469329833984,3439892
2021-04-01 00:00:00+02:00,GLE.PA,18.01235008239746,3209119
2021-04-06 00:00:00+02:00,GLE.PA,17.988521575927734,3840944
2021-04-07 00:00:00+02:00,GLE.PA,18.000438690185547,2820605
2021-04-08 00:00:00+02:00,GLE.PA,17.67084503173828,3461243
2021-04-09 00:00:00+02:00,GLE.PA,17.38890838623047,4221749
2021-04-12 00:00:00+02:00,GLE.PA,17.53980255126953,2596172
2021-04-13 00:00:00+02:00,GLE.PA,17.531862258911133,2559395
2021-04-14 00:00:00+02:00,GLE.PA,17.722469329833984,2373120
2021-04-15 00:00:00+02:00,GLE.PA,17.55965805053711,2892548
2021-04-16 00:00:00+02:00,GLE.PA,17.782032012939453,2428478
2021-04-19 00:00:00+02:00,GLE.PA,17.905132293701172,1983268
2021-04-20 00:00:00+02:00,GLE.PA,17.08711051940918,4401871
2021-04-21 00:00:00+02:00,GLE.PA,16.93224334716797,3978555
2021-04-22 00:00:00+02:00,GLE.PA,16.995777130126953,2640811
2021-04-23 00:00:00+02:00,GLE.PA,17.035490036010742,2521502
2021-04-26 00:00:00+02:00,GLE.PA,17.722469329833984,4234296
2021-04-27 00:00:00+02:00,GLE.PA,18.103681564331055,3723127
2021-04-28 00:00:00+02:00,GLE.PA,18.754920959472656,5306760
2021-04-29 00:00:00+02:00,GLE.PA,18.921703338623047,3929468
2021-04-30 00:00:00+02:00,GLE.PA,18.79860496520996,3313414
2021-05-03 00:00:00+02:00,GLE.PA,18.846254348754883,2009545
2021-05-04 00:00:00+02:00,GLE.PA,18.425331115722656,3906991
2021-05-05 00:00:00+02:00,GLE.PA,18.77080726623535,3520209
2021-05-06 00:00:00+02:00,GLE.PA,19.795318603515625,8788900
2021-05-07 00:00:00+02:00,GLE.PA,19.783403396606445,4763737
2021-05-10 00:00:00+02:00,GLE.PA,20.359195709228516,6014701
2021-05-11 00:00:00+02:00,GLE.PA,20.05343246459961,5190422
2021-05-12 00:00:00+02:00,GLE.PA,20.470380783081055,4296619
2021-05-13 00:00:00+02:00,GLE.PA,20.41082000732422,2766744
2021-05-14 00:00:00+02:00,GLE.PA,20.728498458862305,3884527
2021-05-17 00:00:00+02:00,GLE.PA,20.803945541381836,2435736
2021-05-18 00:00:00+02:00,GLE.PA,20.77614974975586,3397330
2021-05-19 00:00:00+02:00,GLE.PA,20.641136169433594,5098682
2021-05-20 00:00:00+02:00,GLE.PA,20.74040985107422,3381802
2021-05-21 00:00:00+02:00,GLE.PA,20.839683532714844,3564853
2021-05-24 00:00:00+02:00,GLE.PA,20.80791664123535,1870609
2021-05-25 00:00:00+02:00,GLE.PA,21.051284790039062,3566629
2021-05-26 00:00:00+02:00,GLE.PA,20.6051082611084,3663777
2021-05-27 00:00:00+02:00,GLE.PA,21.21758460998535,6931027
2021-05-28 00:00:00+02:00,GLE.PA,21.29465103149414,2783010
2021-05-31 00:00:00+02:00,GLE.PA,21.258146286010742,2040067
2021-06-01 00:00:00+02:00,GLE.PA,21.52179527282715,3114836
2021-06-02 00:00:00+02:00,GLE.PA,21.594804763793945,2067688
2021-06-03 00:00:00+02:00,GLE.PA,21.70026206970215,2491310
2021-06-04 00:00:00+02:00,GLE.PA,21.513683319091797,2182390
2021-06-07 00:00:00+02:00,GLE.PA,21.688095092773438,2564834
2021-06-08 00:00:00+02:00,GLE.PA,21.343324661254883,3228201
2021-06-09 00:00:00+02:00,GLE.PA,21.233808517456055,2275705
2021-06-10 00:00:00+02:00,GLE.PA,21.416336059570312,4049137
2021-06-11 00:00:00+02:00,GLE.PA,21.400110244750977,2938708
2021-06-14 00:00:00+02:00,GLE.PA,21.400110244750977,2480933
2021-06-15 00:00:00+02:00,GLE.PA,21.306819915771484,2495109
2021-06-16 00:00:00+02:00,GLE.PA,20.795745849609375,3888234
2021-06-17 00:00:00+02:00,GLE.PA,21.002609252929688,4716544
2021-06-18 00:00:00+02:00,GLE.PA,20.288732528686523,9938393
2021-06-21 00:00:00+02:00,GLE.PA,20.146766662597656,5838259
2021-06-22 00:00:00+02:00,GLE.PA,19.931793212890625,4197610
2021-06-23 00:00:00+02:00,GLE.PA,20.004804611206055,2478746
2021-06-24 00:00:00+02:00,GLE.PA,20.633501052856445,4312364
2021-06-25 00:00:00+02:00,GLE.PA,20.6051082611084,2853207
2021-06-28 00:00:00+02:00,GLE.PA,20.098094940185547,2633615
2021-06-29 00:00:00+02:00,GLE.PA,20.353628158569336,2528160
2021-06-30 00:00:00+02:00,GLE.PA,20.167049407958984,3678706
2021-07-01 00:00:00+02:00,GLE.PA,20.848478317260742,3759580
2021-07-02 00:00:00+02:00,GLE.PA,20.337404251098633,2892266
2021-07-05 00:00:00+02:00,GLE.PA,20.8363094329834,2314417
2021-07-06 00:00:00+02:00,GLE.PA,20.19544219970703,3474918
2021-07-07 00:00:00+02:00,GLE.PA,20.02508544921875,4347338
2021-07-08 00:00:00+02:00,GLE.PA,19.400442123413086,5823178
2021-07-09 00:00:00+02:00,GLE.PA,20.098094940185547,4194031
2021-07-12 00:00:00+02:00,GLE.PA,20.11837387084961,2563961
2021-07-13 00:00:00+02:00,GLE.PA,19.923681259155273,2766000
2021-07-14 00:00:00+02:00,GLE.PA,20.012914657592773,2460911
2021-07-15 00:00:00+02:00,GLE.PA,20.081871032714844,2393333
2021-07-16 00:00:00+02:00,GLE.PA,19.58702278137207,4227530
2021-07-19 00:00:00+02:00,GLE.PA,18.69061851501465,5768320
2021-07-20 00:00:00+02:00,GLE.PA,18.95832633972168,3563729
2021-07-21 00:00:00+02:00,GLE.PA,19.582963943481445,3611539
2021-07-22 00:00:00+02:00,GLE.PA,19.493732452392578,2783795
2021-07-23 00:00:00+02:00,GLE.PA,19.850669860839844,2131199
2021-07-26 00:00:00+02:00,GLE.PA,20.203554153442383,2786875
2021-07-27 00:00:00+02:00,GLE.PA,20.004804611206055,2528063
2021-07-28 00:00:00+02:00,GLE.PA,19.923681259155273,2032557
2021-07-29 00:00:00+02:00,GLE.PA,20.23194694519043,2774590
2021-07-30 00:00:00+02:00,GLE.PA,20.05753517150879,2873915
2021-08-02 00:00:00+02:00,GLE.PA,20.17110252380371,2751660
2021-08-03 00:00:00+02:00,GLE.PA,21.456897735595703,7667430
2021-08-04 00:00:00+02:00,GLE.PA,22.069372177124023,4560765
2021-08-05 00:00:00+02:00,GLE.PA,22.012584686279297,2527031
2021-08-06 00:00:00+02:00,GLE.PA,22.337074279785156,3905992
2021-08-09 00:00:00+02:00,GLE.PA,22.381690979003906,2207019
2021-08-10 00:00:00+02:00,GLE.PA,22.239728927612305,1826076
2021-08-11 00:00:00+02:00,GLE.PA,22.414140701293945,2239450
2021-08-12 00:00:00+02:00,GLE.PA,22.280288696289062,1661212
2021-08-13 00:00:00+02:00,GLE.PA,22.272174835205078,1730345
2021-08-16 00:00:00+02:00,GLE.PA,21.890899658203125,2266096
2021-08-17 00:00:00+02:00,GLE.PA,21.416336059570312,3258053
2021-08-18 00:00:00+02:00,GLE.PA,21.542076110839844,1608752
2021-08-19 00:00:00+02:00,GLE.PA,20.889036178588867,3549340
2021-08-20 00:00:00+02:00,GLE.PA,20.89309310913086,2616505
2021-08-23 00:00:00+02:00,GLE.PA,21.136463165283203,1752481
2021-08-24 00:00:00+02:00,GLE.PA,21.2622013092041,1916781
2021-08-25 00:00:00+02:00,GLE.PA,21.78138542175293,2529421
2021-08-26 00:00:00+02:00,GLE.PA,21.57452392578125,1692979
2021-08-27 00:00:00+02:00,GLE.PA,21.643476486206055,1611499
2021-08-30 00:00:00+02:00,GLE.PA,21.2987060546875,2161009
2021-08-31 00:00:00+02:00,GLE.PA,21.619138717651367,3592146
2021-09-01 00:00:00+02:00,GLE.PA,21.911182403564453,3113000
2021-09-02 00:00:00+02:00,GLE.PA,21.886844635009766,1635773
2021-09-03 00:00:00+02:00,GLE.PA,21.550188064575195,2655364
2021-09-06 00:00:00+02:00,GLE.PA,21.635364532470703,1234440
2021-09-07 00:00:00+02:00,GLE.PA,21.769214630126953,1623318
2021-09-08 00:00:00+02:00,GLE.PA,21.310874938964844,2865307
2021-09-09 00:00:00+02:00,GLE.PA,21.432559967041016,2763338
2021-09-10 00:00:00+02:00,GLE.PA,21.448781967163086,2040422
2021-09-13 00:00:00+02:00,GLE.PA,21.70026206970215,2067504
2021-09-14 00:00:00+02:00,GLE.PA,21.302764892578125,2468690
2021-09-15 00:00:00+02:00,GLE.PA,21.266258239746094,2432013
2021-09-16 00:00:00+02:00,GLE.PA,21.37171745300293,2403391
2021-09-17 00:00:00+02:00,GLE.PA,21.132404327392578,7132726
2021-09-20 00:00:00+02:00,GLE.PA,19.927736282348633,7063133
2021-09-21 00:00:00+02:00,GLE.PA,19.862838745117188,2879675
2021-09-22 00:00:00+02:00,GLE.PA,20.596996307373047,2800993
2021-09-23 00:00:00+02:00,GLE.PA,21.12834930419922,2884462
2021-09-24 00:00:00+02:00,GLE.PA,21.363605499267578,3026663
2021-09-27 00:00:00+02:00,GLE.PA,22.040977478027344,4024867
2021-09-28 00:00:00+02:00,GLE.PA,21.525848388671875,4003159
2021-09-29 00:00:00+02:00,GLE.PA,21.996360778808594,4123083
2021-09-30 00:00:00+02:00,GLE.PA,22.06125831604004,4083163
2021-10-01 00:00:00+02:00,GLE.PA,21.87061882019043,3293555
2021-10-04 00:00:00+02:00,GLE.PA,21.692150115966797,2512449
2021-10-05 00:00:00+02:00,GLE.PA,22.63317108154297,4446443
2021-10-06 00:00:00+02:00,GLE.PA,22.446590423583984,3497029
2021-10-07 00:00:00+02:00,GLE.PA,22.896820068359375,4553331
2021-10-08 00:00:00+02:00,GLE.PA,22.921154022216797,2766019
2021-10-11 00:00:00+02:00,GLE.PA,22.990110397338867,2461688
2021-10-12 00:00:00+02:00,GLE.PA,22.949548721313477,2603098
2021-10-13 00:00:00+02:00,GLE.PA,22.67778968811035,3489900
2021-10-14 00:00:00+02:00,GLE.PA,22.949548721313477,2469534
2021-10-15 00:00:00+02:00,GLE.PA,23.35516357421875,4003673
2021-10-18 00:00:00+02:00,GLE.PA,23.257816314697266,2090980
2021-10-19 00:00:00+02:00,GLE.PA,23.28215217590332,1852551
2021-10-20 00:00:00+02:00,GLE.PA,23.213197708129883,1981484
2021-10-21 00:00:00+02:00,GLE.PA,22.994165420532227,2266724
2021-10-22 00:00:00+02:00,GLE.PA,23.11990737915039,1755619
2021-10-25 00:00:00+02:00,GLE.PA,23.290264129638672,1882736
2021-10-26 00:00:00+02:00,GLE.PA,23.298376083374023,1962995
2021-10-27 00:00:00+02:00,GLE.PA,23.1685791015625,2852610
2021-10-28 00:00:00+02:00,GLE.PA,22.986055374145508,4338046
2021-10-29 00:00:00+02:00,GLE.PA,23.391666412353516,4482517
2021-11-01 00:00:00+01:00,GLE.PA,23.874343872070312,2964274
2021-11-02 00:00:00+01:00,GLE.PA,23.81350326538086,2513404
2021-11-03 00:00:00+01:00,GLE.PA,23.8621768951416,2224359
2021-11-04 00:00:00+01:00,GLE.PA,24.105545043945312,6734581
2021-11-05 00:00:00+01:00,GLE.PA,24.332687377929688,4260814
2021-11-08 00:00:00+01:00,GLE.PA,24.17855453491211,2746617
2021-11-09 00:00:00+01:00,GLE.PA,23.94329833984375,4263378
2021-11-10 00:00:00+01:00,GLE.PA,23.850006103515625,3392328
2021-11-11 00:00:00+01:00,GLE.PA,23.90679168701172,2393920
2021-11-12 00:00:00+01:00,GLE.PA,23.744550704956055,2335747
2021-11-15 00:00:00+01:00,GLE.PA,24.170442581176758,3053942
2021-11-16 00:00:00+01:00,GLE.PA,24.13799285888672,1994560
2021-11-17 00:00:00+01:00,GLE.PA,24.097431182861328,2081294
2021-11-18 00:00:00+01:00,GLE.PA,24.00414276123047,3615409
2021-11-19 00:00:00+01:00,GLE.PA,23.395723342895508,6165189
2021-11-22 00:00:00+01:00,GLE.PA,23.72832489013672,4126732
2021-11-23 00:00:00+01:00,GLE.PA,23.716157913208008,2875117
2021-11-24 00:00:00+01:00,GLE.PA,23.74049186706543,3138429
2021-11-25 00:00:00+01:00,GLE.PA,23.797279357910156,3319494
2021-11-26 00:00:00+01:00,GLE.PA,22.118043899536133,10055718
2021-11-29 00:00:00+01:00,GLE.PA,22.2965145111084,6672021
2021-11-30 00:00:00+01:00,GLE.PA,22.34518814086914,8594816
2021-12-01 00:00:00+01:00,GLE.PA,23.079345703125,5753910
2021-12-02 00:00:00+01:00,GLE.PA,23.1320743560791,4211782
2021-12-03 00:00:00+01:00,GLE.PA,23.010391235351562,3796398
2021-12-06 00:00:00+01:00,GLE.PA,23.245647430419922,3236197
2021-12-07 00:00:00+01:00,GLE.PA,23.505237579345703,4151502
2021-12-08 00:00:00+01:00,GLE.PA,23.68370819091797,3658543
2021-12-09 00:00:00+01:00,GLE.PA,23.712099075317383,2494820
2021-12-10 00:00:00+01:00,GLE.PA,23.594472885131836,2138344
2021-12-13 00:00:00+01:00,GLE.PA,23.23753547668457,2598788
2021-12-14 00:00:00+01:00,GLE.PA,23.468734741210938,2738035
2021-12-15 00:00:00+01:00,GLE.PA,23.32676887512207,2242195
2021-12-16 00:00:00+01:00,GLE.PA,23.79322052001953,4541840
2021-12-17 00:00:00+01:00,GLE.PA,23.257816314697266,6463944
2021-12-20 00:00:00+01:00,GLE.PA,23.010391235351562,3218739
2021-12-21 00:00:00+01:00,GLE.PA,23.622867584228516,3073988
2021-12-22 00:00:00+01:00,GLE.PA,23.88245964050293,2345461
2021-12-23 00:00:00+01:00,GLE.PA,24.198835372924805,3054106
2021-12-24 00:00:00+01:00,GLE.PA,24.279958724975586,915023
2021-12-27 00:00:00+01:00,GLE.PA,24.328630447387695,1636218
2021-12-28 00:00:00+01:00,GLE.PA,24.454374313354492,1434150
2021-12-29 00:00:00+01:00,GLE.PA,24.559831619262695,1513271
2021-12-30 00:00:00+01:00,GLE.PA,24.53143882751465,1187074
2021-12-31 00:00:00+01:00,GLE.PA,24.5030460357666,762706
2022-01-03 00:00:00+01:00,GLE.PA,24.70585060119629,2377851
2022-01-04 00:00:00+01:00,GLE.PA,25.89834976196289,6168559
2022-01-05 00:00:00+01:00,GLE.PA,26.161998748779297,4672859
2022-01-06 00:00:00+01:00,GLE.PA,26.648731231689453,4761293
2022-01-07 00:00:00+01:00,GLE.PA,26.932666778564453,3868559
2022-01-10 00:00:00+01:00,GLE.PA,26.7825870513916,3900334
2022-01-11 00:00:00+01:00,GLE.PA,26.835315704345703,2684972
2022-01-12 00:00:00+01:00,GLE.PA,27.18819808959961,3610429
2022-01-13 00:00:00+01:00,GLE.PA,27.780393600463867,4573185
2022-01-14 00:00:00+01:00,GLE.PA,27.772281646728516,4830355
2022-01-17 00:00:00+01:00,GLE.PA,27.86962890625,2792465
2022-01-18 00:00:00+01:00,GLE.PA,27.84528923034668,3778438
2022-01-19 00:00:00+01:00,GLE.PA,27.317991256713867,3944996
2022-01-20 00:00:00+01:00,GLE.PA,27.362613677978516,3581350
2022-01-21 00:00:00+01:00,GLE.PA,26.73796844482422,5233259
2022-01-24 00:00:00+01:00,GLE.PA,25.241260528564453,6684766
2022-01-25 00:00:00+01:00,GLE.PA,25.991641998291016,4594503
2022-01-26 00:00:00+01:00,GLE.PA,26.835315704345703,5024497
2022-01-27 00:00:00+01:00,GLE.PA,26.920495986938477,4947711
2022-01-28 00:00:00+01:00,GLE.PA,26.644678115844727,3931675
2022-01-31 00:00:00+01:00,GLE.PA,26.514883041381836,2828681
2022-02-01 00:00:00+01:00,GLE.PA,27.038122177124023,2622517
2022-02-02 00:00:00+01:00,GLE.PA,27.313934326171875,3303829
2022-02-03 00:00:00+01:00,GLE.PA,27.78850555419922,4036097
2022-02-04 00:00:00+01:00,GLE.PA,27.610036849975586,4088116
2022-02-07 00:00:00+01:00,GLE.PA,27.979145050048828,3527469
2022-02-08 00:00:00+01:00,GLE.PA,28.469934463500977,4222668
2022-02-09 00:00:00+01:00,GLE.PA,28.89988136291504,3489622
2022-02-10 00:00:00+01:00,GLE.PA,29.83684730529785,7117123
2022-02-11 00:00:00+01:00,GLE.PA,29.179758071899414,4582847
2022-02-14 00:00:00+01:00,GLE.PA,27.415340423583984,7992151
2022-02-15 00:00:00+01:00,GLE.PA,27.987255096435547,4746711
2022-02-16 00:00:00+01:00,GLE.PA,27.49241065979004,4026863
2022-02-17 00:00:00+01:00,GLE.PA,26.762306213378906,4499815
2022-02-18 00:00:00+01:00,GLE.PA,26.25934410095215,5102160
2022-02-21 00:00:00+01:00,GLE.PA,25.75638771057129,4985416
2022-02-22 00:00:00+01:00,GLE.PA,25.492740631103516,5606390
2022-02-23 00:00:00+01:00,GLE.PA,25.208810806274414,4270128
2022-02-24 00:00:00+01:00,GLE.PA,22.14643669128418,14606824
2022-02-25 00:00:00+01:00,GLE.PA,23.083398818969727,11147697
2022-02-28 00:00:00+01:00,GLE.PA,20.799802780151367,14467256
2022-03-01 00:00:00+01:00,GLE.PA,18.85286521911621,13495247
2022-03-02 00:00:00+01:00,GLE.PA,18.90153694152832,11787620
2022-03-03 00:00:00+01:00,GLE.PA,18.759571075439453,8958814
2022-03-04 00:00:00+01:00,GLE.PA,16.877532958984375,11918525
2022-03-07 00:00:00+01:00,GLE.PA,16.167709350585938,15107835
2022-03-08 00:00:00+01:00,GLE.PA,17.092506408691406,11099521
2022-03-09 00:00:00+01:00,GLE.PA,19.063783645629883,12539685
2022-03-10 00:00:00+01:00,GLE.PA,17.980796813964844,7770554
2022-03-11 00:00:00+01:00,GLE.PA,18.013246536254883,7104284
2022-03-14 00:00:00+01:00,GLE.PA,18.719013214111328,6499963
2022-03-15 00:00:00+01:00,GLE.PA,18.698732376098633,4687520
2022-03-16 00:00:00+01:00,GLE.PA,20.40635871887207,10951069
2022-03-17 00:00:00+01:00,GLE.PA,20.211668014526367,5640988
2022-03-18 00:00:00+01:00,GLE.PA,19.8750057220459,9130390
2022-03-21 00:00:00+01:00,GLE.PA,19.858781814575195,3263776
2022-03-22 00:00:00+01:00,GLE.PA,20.13865852355957,3387375
2022-03-23 00:00:00+01:00,GLE.PA,19.769546508789062,3477221
2022-03-24 00:00:00+01:00,GLE.PA,19.54240608215332,2941500
2022-03-25 00:00:00+01:00,GLE.PA,19.278757095336914,3314682
2022-03-28 00:00:00+02:00,GLE.PA,19.477506637573242,3705182
2022-03-29 00:00:00+02:00,GLE.PA,21.099956512451172,7814146
2022-03-30 00:00:00+02:00,GLE.PA,20.57671546936035,4548246
2022-03-31 00:00:00+02:00,GLE.PA,19.842557907104492,5522762
2022-04-01 00:00:00+02:00,GLE.PA,19.79388427734375,3997527
2022-04-04 00:00:00+02:00,GLE.PA,19.46939468383789,3868149
2022-04-05 00:00:00+02:00,GLE.PA,18.382352828979492,8391543
2022-04-06 00:00:00+02:00,GLE.PA,17.773935317993164,7182820
2022-04-07 00:00:00+02:00,GLE.PA,17.421051025390625,5763717
2022-04-08 00:00:00+02:00,GLE.PA,17.7374324798584,5308558
2022-04-11 00:00:00+02:00,GLE.PA,18.61760902404785,9482993
2022-04-12 00:00:00+02:00,GLE.PA,18.272838592529297,5851595
2022-04-13 00:00:00+02:00,GLE.PA,18.431026458740234,3509056
2022-04-14 00:00:00+02:00,GLE.PA,18.544597625732422,4248413
2022-04-19 00:00:00+02:00,GLE.PA,18.796077728271484,3906516
2022-04-20 00:00:00+02:00,GLE.PA,19.412609100341797,5733422
2022-04-21 00:00:00+02:00,GLE.PA,19.71681785583496,5657435
2022-04-22 00:00:00+02:00,GLE.PA,19.505897521972656,4077051
2022-04-25 00:00:00+02:00,GLE.PA,19.035390853881836,3607980
2022-04-26 00:00:00+02:00,GLE.PA,18.812301635742188,4226275
2022-04-27 00:00:00+02:00,GLE.PA,18.674392700195312,3916853
2022-04-28 00:00:00+02:00,GLE.PA,18.633832931518555,3221670
2022-04-29 00:00:00+02:00,GLE.PA,18.796077728271484,3195135
2022-05-02 00:00:00+02:00,GLE.PA,18.40669059753418,4848154
2022-05-03 00:00:00+02:00,GLE.PA,18.986719131469727,4927390
2022-05-04 00:00:00+02:00,GLE.PA,18.674392700195312,3190338
2022-05-05 00:00:00+02:00,GLE.PA,18.195772171020508,5416218
2022-05-06 00:00:00+02:00,GLE.PA,18.305288314819336,4997308
2022-05-09 00:00:00+02:00,GLE.PA,17.846946716308594,3429300
2022-05-10 00:00:00+02:00,GLE.PA,17.851001739501953,5589949
2022-05-11 00:00:00+02:00,GLE.PA,18.353960037231445,5846599
2022-05-12 00:00:00+02:00,GLE.PA,18.621662139892578,4431748
2022-05-13 00:00:00+02:00,GLE.PA,18.933988571166992,3917228
2022-05-16 00:00:00+02:00,GLE.PA,18.828527450561523,3209073
2022-05-17 00:00:00+02:00,GLE.PA,19.50995635986328,5684394
2022-05-18 00:00:00+02:00,GLE.PA,19.453170776367188,3829178
2022-05-19 00:00:00+02:00,GLE.PA,19.854724884033203,5790387
2022-05-20 00:00:00+02:00,GLE.PA,19.87095069885254,4651646
2022-05-23 00:00:00+02:00,GLE.PA,20.714624404907227,5267801
2022-05-24 00:00:00+02:00,GLE.PA,20.6578369140625,5290841
2022-05-25 00:00:00+02:00,GLE.PA,21.572978973388672,6954926
2022-05-26 00:00:00+02:00,GLE.PA,21.60334014892578,3082681
2022-05-27 00:00:00+02:00,GLE.PA,21.58165168762207,3355693
2022-05-30 00:00:00+02:00,GLE.PA,21.954647064208984,3169325
2022-05-31 00:00:00+02:00,GLE.PA,21.690082550048828,5537807
2022-06-01 00:00:00+02:00,GLE.PA,21.73345184326172,4225485
2022-06-02 00:00:00+02:00,GLE.PA,21.655384063720703,2282706
2022-06-03 00:00:00+02:00,GLE.PA,21.668394088745117,2006627
2022-06-06 00:00:00+02:00,GLE.PA,22.24090003967285,3152020
2022-06-07 00:00:00+02:00,GLE.PA,21.859230041503906,2790104
2022-06-08 00:00:00+02:00,GLE.PA,21.711767196655273,2850022
2022-06-09 00:00:00+02:00,GLE.PA,21.58165168762207,2933199
2022-06-10 00:00:00+02:00,GLE.PA,20.254486083984375,6066548
2022-06-13 00:00:00+02:00,GLE.PA,19.304649353027344,6348380
2022-06-14 00:00:00+02:00,GLE.PA,19.443439483642578,3390381
2022-06-15 00:00:00+02:00,GLE.PA,19.998594284057617,4047832
2022-06-16 00:00:00+02:00,GLE.PA,19.590900421142578,3466380
2022-06-17 00:00:00+02:00,GLE.PA,19.89016342163086,9037394
2022-06-20 00:00:00+02:00,GLE.PA,20.3629150390625,2571532
2022-06-21 00:00:00+02:00,GLE.PA,20.5754337310791,2556398
2022-06-22 00:00:00+02:00,GLE.PA,20.467004776000977,3637566
2022-06-23 00:00:00+02:00,GLE.PA,19.339345932006836,4801016
2022-06-24 00:00:00+02:00,GLE.PA,19.77739906311035,3608239
2022-06-27 00:00:00+02:00,GLE.PA,19.64728355407715,2348006
2022-06-28 00:00:00+02:00,GLE.PA,19.803422927856445,2130048
2022-06-29 00:00:00+02:00,GLE.PA,19.335010528564453,2715612
2022-06-30 00:00:00+02:00,GLE.PA,18.120607376098633,7498171
2022-07-01 00:00:00+02:00,GLE.PA,18.046876907348633,3851678
2022-07-04 00:00:00+02:00,GLE.PA,17.882062911987305,2729201
2022-07-05 00:00:00+02:00,GLE.PA,17.08836555480957,5744175
2022-07-06 00:00:00+02:00,GLE.PA,16.979068756103516,4847948
2022-07-07 00:00:00+02:00,GLE.PA,17.643522262573242,4253610
2022-07-08 00:00:00+02:00,GLE.PA,18.064226150512695,3980695
2022-07-11 00:00:00+02:00,GLE.PA,17.595813751220703,2895840
2022-07-12 00:00:00+02:00,GLE.PA,17.656532287597656,3599153
2022-07-13 00:00:00+02:00,GLE.PA,17.265323638916016,3612457
2022-07-14 00:00:00+02:00,GLE.PA,16.63556671142578,4340416
2022-07-15 00:00:00+02:00,GLE.PA,16.918350219726562,4068850
2022-07-18 00:00:00+02:00,GLE.PA,17.49605941772461,3119554
2022-07-19 00:00:00+02:00,GLE.PA,18.190000534057617,4740855
2022-07-20 00:00:00+02:00,GLE.PA,18.16398048400879,3784944
2022-07-21 00:00:00+02:00,GLE.PA,18.003501892089844,4179757
2022-07-22 00:00:00+02:00,GLE.PA,17.730262756347656,3441107
2022-07-25 00:00:00+02:00,GLE.PA,18.07723617553711,3327037
2022-07-26 00:00:00+02:00,GLE.PA,17.93410873413086,2293023
2022-07-27 00:00:00+02:00,GLE.PA,18.19867515563965,2262049
2022-07-28 00:00:00+02:00,GLE.PA,18.32445526123047,3245130
2022-07-29 00:00:00+02:00,GLE.PA,18.940326690673828,4637992
2022-08-01 00:00:00+02:00,GLE.PA,18.766843795776367,2488843
2022-08-02 00:00:00+02:00,GLE.PA,18.77117919921875,2241498
2022-08-03 00:00:00+02:00,GLE.PA,19.348020553588867,5698604
2022-08-04 00:00:00+02:00,GLE.PA,19.74703598022461,3535693
2022-08-05 00:00:00+02:00,GLE.PA,19.75137710571289,3255384
2022-08-08 00:00:00+02:00,GLE.PA,19.842456817626953,2320141
2022-08-09 00:00:00+02:00,GLE.PA,19.786073684692383,2890729
2022-08-10 00:00:00+02:00,GLE.PA,20.18942642211914,3761827
2022-08-11 00:00:00+02:00,GLE.PA,20.254486083984375,2185278
2022-08-12 00:00:00+02:00,GLE.PA,20.566757202148438,2871016
2022-08-15 00:00:00+02:00,GLE.PA,20.462669372558594,1989622
2022-08-16 00:00:00+02:00,GLE.PA,20.497364044189453,1983235
2022-08-17 00:00:00+02:00,GLE.PA,20.20244026184082,2673110
2022-08-18 00:00:00+02:00,GLE.PA,20.115697860717773,2134330
2022-08-19 00:00:00+02:00,GLE.PA,19.538854598999023,4011253
2022-08-22 00:00:00+02:00,GLE.PA,18.94900131225586,5146082
2022-08-23 00:00:00+02:00,GLE.PA,19.035747528076172,3021579
2022-08-24 00:00:00+02:00,GLE.PA,19.027070999145508,2086805
2022-08-25 00:00:00+02:00,GLE.PA,18.940326690673828,2432840
2022-08-26 00:00:00+02:00,GLE.PA,18.732145309448242,3247872
2022-08-29 00:00:00+02:00,GLE.PA,18.883947372436523,2523864
2022-08-30 00:00:00+02:00,GLE.PA,19.13983726501465,3760413
2022-08-31 00:00:00+02:00,GLE.PA,19.152849197387695,3772571
2022-09-01 00:00:00+02:00,GLE.PA,19.13116455078125,3577798
2022-09-02 00:00:00+02:00,GLE.PA,20.028953552246094,4109164
2022-09-05 00:00:00+02:00,GLE.PA,19.551868438720703,3669762
2022-09-06 00:00:00+02:00,GLE.PA,19.65595817565918,2280579
2022-09-07 00:00:00+02:00,GLE.PA,19.499818801879883,3213511
2022-09-08 00:00:00+02:00,GLE.PA,20.01160430908203,4137856
2022-09-09 00:00:00+02:00,GLE.PA,20.588443756103516,5149456
2022-09-12 00:00:00+02:00,GLE.PA,21.091554641723633,4373013
2022-09-13 00:00:00+02:00,GLE.PA,21.02649688720703,4060768
2022-09-14 00:00:00+02:00,GLE.PA,21.013486862182617,3970872
2022-09-15 00:00:00+02:00,GLE.PA,21.260704040527344,3979095
2022-09-16 00:00:00+02:00,GLE.PA,20.81397819519043,6382288
2022-09-19 00:00:00+02:00,GLE.PA,20.774944305419922,2475520
2022-09-20 00:00:00+02:00,GLE.PA,20.336891174316406,4228022
2022-09-21 00:00:00+02:00,GLE.PA,20.072322845458984,3856896
2022-09-22 00:00:00+02:00,GLE.PA,20.393274307250977,3648700
2022-09-23 00:00:00+02:00,GLE.PA,19.590900421142578,5557622
2022-09-26 00:00:00+02:00,GLE.PA,19.17453384399414,4391000
2022-09-27 00:00:00+02:00,GLE.PA,19.040084838867188,4412554
2022-09-28 00:00:00+02:00,GLE.PA,18.211688995361328,8394861
2022-09-29 00:00:00+02:00,GLE.PA,17.45702362060547,6362800
2022-09-30 00:00:00+02:00,GLE.PA,17.70857810974121,5900606
2022-10-03 00:00:00+02:00,GLE.PA,18.007841110229492,6824320
2022-10-04 00:00:00+02:00,GLE.PA,18.727807998657227,5312045
2022-10-05 00:00:00+02:00,GLE.PA,18.337465286254883,4186402
2022-10-06 00:00:00+02:00,GLE.PA,18.315778732299805,4205477
2022-10-07 00:00:00+02:00,GLE.PA,18.480588912963867,3871631
2022-10-10 00:00:00+02:00,GLE.PA,18.69744873046875,3667924
2022-10-11 00:00:00+02:00,GLE.PA,18.532636642456055,4072526
2022-10-12 00:00:00+02:00,GLE.PA,18.41553497314453,4654269
2022-10-13 00:00:00+02:00,GLE.PA,19.13116455078125,4962949
2022-10-14 00:00:00+02:00,GLE.PA,19.26995086669922,3741791
2022-10-17 00:00:00+02:00,GLE.PA,19.517169952392578,2978395
2022-10-18 00:00:00+02:00,GLE.PA,19.729692459106445,3105348
2022-10-19 00:00:00+02:00,GLE.PA,19.547529220581055,2789276
2022-10-20 00:00:00+02:00,GLE.PA,19.712343215942383,2664696
2022-10-21 00:00:00+02:00,GLE.PA,19.625600814819336,3509131
2022-10-24 00:00:00+02:00,GLE.PA,19.959558486938477,3864455
2022-10-25 00:00:00+02:00,GLE.PA,20.185091018676758,2720401
2022-10-26 00:00:00+02:00,GLE.PA,20.18075180053711,2327043
2022-10-27 00:00:00+02:00,GLE.PA,20.18942642211914,3834289
2022-10-28 00:00:00+02:00,GLE.PA,19.885826110839844,2630025
2022-10-31 00:00:00+01:00,GLE.PA,20.146055221557617,2499715
2022-11-01 00:00:00+01:00,GLE.PA,20.34990119934082,2633809
2022-11-02 00:00:00+01:00,GLE.PA,20.258819580078125,2568069
2022-11-03 00:00:00+01:00,GLE.PA,20.384599685668945,3293458
2022-11-04 00:00:00+01:00,GLE.PA,20.905057907104492,9673863
2022-11-07 00:00:00+01:00,GLE.PA,20.462669372558594,4353866
2022-11-08 00:00:00+01:00,GLE.PA,20.657838821411133,2862413
2022-11-09 00:00:00+01:00,GLE.PA,20.2978572845459,3266676
2022-11-10 00:00:00+01:00,GLE.PA,20.449657440185547,4133752
2022-11-11 00:00:00+01:00,GLE.PA,20.75325584411621,3163543
2022-11-14 00:00:00+01:00,GLE.PA,20.957103729248047,2562787
2022-11-15 00:00:00+01:00,GLE.PA,21.16962432861328,2777834
2022-11-16 00:00:00+01:00,GLE.PA,20.714221954345703,3174156
2022-11-17 00:00:00+01:00,GLE.PA,20.88770866394043,2223491
2022-11-18 00:00:00+01:00,GLE.PA,20.844337463378906,2940997
2022-11-21 00:00:00+01:00,GLE.PA,20.748920440673828,2483231
2022-11-22 00:00:00+01:00,GLE.PA,20.657838821411133,2925437
2022-11-23 00:00:00+01:00,GLE.PA,20.883371353149414,2677962
2022-11-24 00:00:00+01:00,GLE.PA,21.134925842285156,2233512
2022-11-25 00:00:00+01:00,GLE.PA,21.074207305908203,1581423
2022-11-28 00:00:00+01:00,GLE.PA,20.826988220214844,2414302
2022-11-29 00:00:00+01:00,GLE.PA,20.883371353149414,2978893
2022-11-30 00:00:00+01:00,GLE.PA,20.80963897705078,4334643
2022-12-01 00:00:00+01:00,GLE.PA,20.26749610900879,4369786
2022-12-02 00:00:00+01:00,GLE.PA,20.28484535217285,3297956
2022-12-05 00:00:00+01:00,GLE.PA,20.05931282043457,2458750
2022-12-06 00:00:00+01:00,GLE.PA,19.734027862548828,3544327
2022-12-07 00:00:00+01:00,GLE.PA,19.512834548950195,2909156
2022-12-08 00:00:00+01:00,GLE.PA,19.352357864379883,2754165
2022-12-09 00:00:00+01:00,GLE.PA,19.629934310913086,3663729
2022-12-12 00:00:00+01:00,GLE.PA,19.465124130249023,2768849
2022-12-13 00:00:00+01:00,GLE.PA,20.024616241455078,4286367
2022-12-14 00:00:00+01:00,GLE.PA,19.70366859436035,2724829
2022-12-15 00:00:00+01:00,GLE.PA,19.191883087158203,5673323
2022-12-16 00:00:00+01:00,GLE.PA,19.434764862060547,7541855
2022-12-19 00:00:00+01:00,GLE.PA,19.421751022338867,2654051
2022-12-20 00:00:00+01:00,GLE.PA,19.859806060791016,3789880
2022-12-21 00:00:00+01:00,GLE.PA,20.42797088623047,3778289
2022-12-22 00:00:00+01:00,GLE.PA,20.27617073059082,1730406
2022-12-23 00:00:00+01:00,GLE.PA,20.44532012939453,1773116
2022-12-27 00:00:00+01:00,GLE.PA,20.497364044189453,1226972
2022-12-28 00:00:00+01:00,GLE.PA,20.401948928833008,1214355
2022-12-29 00:00:00+01:00,GLE.PA,20.488691329956055,1384153
2022-12-30 00:00:00+01:00,GLE.PA,20.36724853515625,1399076
2023-01-02 00:00:00+01:00,GLE.PA,20.978788375854492,2587683
2023-01-03 00:00:00+01:00,GLE.PA,21.312747955322266,3015378
2023-01-04 00:00:00+01:00,GLE.PA,22.09343719482422,5320056
2023-01-05 00:00:00+01:00,GLE.PA,22.067413330078125,3920390
2023-01-06 00:00:00+01:00,GLE.PA,22.12813377380371,2675197
2023-01-09 00:00:00+01:00,GLE.PA,21.746463775634766,3759810
2023-01-10 00:00:00+01:00,GLE.PA,21.295400619506836,3959229
2023-01-11 00:00:00+01:00,GLE.PA,21.039506912231445,3683165
2023-01-12 00:00:00+01:00,GLE.PA,21.546955108642578,4171646
2023-01-13 00:00:00+01:00,GLE.PA,21.42551612854004,3056495
2023-01-16 00:00:00+01:00,GLE.PA,21.503583908081055,1739850
2023-01-17 00:00:00+01:00,GLE.PA,21.308412551879883,3334868
2023-01-18 00:00:00+01:00,GLE.PA,21.455875396728516,2511084
2023-01-19 00:00:00+01:00,GLE.PA,21.004812240600586,3266232
2023-01-20 00:00:00+01:00,GLE.PA,21.23468017578125,2033786
2023-01-23 00:00:00+01:00,GLE.PA,21.421178817749023,1958976
2023-01-24 00:00:00+01:00,GLE.PA,21.768150329589844,2356930
2023-01-25 00:00:00+01:00,GLE.PA,21.6727352142334,1975754
2023-01-26 00:00:00+01:00,GLE.PA,22.084758758544922,3192851
2023-01-27 00:00:00+01:00,GLE.PA,23.073631286621094,5936344
2023-01-30 00:00:00+01:00,GLE.PA,23.08664321899414,3098864
2023-01-31 00:00:00+01:00,GLE.PA,23.663484573364258,4843303
2023-02-01 00:00:00+01:00,GLE.PA,23.74588966369629,3265739
2023-02-02 00:00:00+01:00,GLE.PA,23.854318618774414,4010966
2023-02-03 00:00:00+01:00,GLE.PA,24.144906997680664,3976413
2023-02-06 00:00:00+01:00,GLE.PA,23.902027130126953,3371098
2023-02-07 00:00:00+01:00,GLE.PA,24.30971908569336,4701048
2023-02-08 00:00:00+01:00,GLE.PA,23.08664321899414,10557888
2023-02-09 00:00:00+01:00,GLE.PA,23.025922775268555,5887154
2023-02-10 00:00:00+01:00,GLE.PA,22.77003288269043,4972915
2023-02-13 00:00:00+01:00,GLE.PA,22.943517684936523,2836924
2023-02-14 00:00:00+01:00,GLE.PA,22.995563507080078,2793743
2023-02-15 00:00:00+01:00,GLE.PA,23.247116088867188,4458988
2023-02-16 00:00:00+01:00,GLE.PA,24.28803253173828,7044063
2023-02-17 00:00:00+01:00,GLE.PA,24.166593551635742,5025531
2023-02-20 00:00:00+01:00,GLE.PA,24.049489974975586,2905981
2023-02-21 00:00:00+01:00,GLE.PA,23.663484573364258,3816205
2023-02-22 00:00:00+01:00,GLE.PA,23.203744888305664,5891932
2023-02-23 00:00:00+01:00,GLE.PA,23.25579071044922,3134708
2023-02-24 00:00:00+01:00,GLE.PA,22.89147186279297,3075667
2023-02-27 00:00:00+01:00,GLE.PA,23.234106063842773,2595117
2023-02-28 00:00:00+01:00,GLE.PA,23.69818115234375,5184863
2023-03-01 00:00:00+01:00,GLE.PA,23.0389347076416,4056702
2023-03-02 00:00:00+01:00,GLE.PA,22.973878860473633,3305761
2023-03-03 00:00:00+01:00,GLE.PA,23.355546951293945,2279042
2023-03-06 00:00:00+01:00,GLE.PA,23.797935485839844,4217103
2023-03-07 00:00:00+01:00,GLE.PA,23.542043685913086,4449052
2023-03-08 00:00:00+01:00,GLE.PA,23.5463809967041,2549829
2023-03-09 00:00:00+01:00,GLE.PA,23.18206214904785,2951590
2023-03-10 00:00:00+01:00,GLE.PA,22.141145706176758,8566663
2023-03-13 00:00:00+01:00,GLE.PA,20.761930465698242,8997856
2023-03-14 00:00:00+01:00,GLE.PA,21.2303409576416,7945910
2023-03-15 00:00:00+01:00,GLE.PA,18.645402908325195,18101400
2023-03-16 00:00:00+01:00,GLE.PA,18.419872283935547,13777006
2023-03-17 00:00:00+01:00,GLE.PA,18.389511108398438,14655165
2023-03-20 00:00:00+01:00,GLE.PA,18.23771095275879,11100880
2023-03-21 00:00:00+01:00,GLE.PA,19.022733688354492,6999160
2023-03-22 00:00:00+01:00,GLE.PA,18.82756233215332,5098647
2023-03-23 00:00:00+01:00,GLE.PA,18.389511108398438,4942952
2023-03-24 00:00:00+01:00,GLE.PA,17.261850357055664,11357732
2023-03-27 00:00:00+02:00,GLE.PA,17.31563377380371,7476532
2023-03-28 00:00:00+02:00,GLE.PA,17.130002975463867,7978184
2023-03-29 00:00:00+02:00,GLE.PA,17.46135902404785,5181801
2023-03-30 00:00:00+02:00,GLE.PA,18.02085304260254,5329301
2023-03-31 00:00:00+02:00,GLE.PA,18.02952766418457,5047876
2023-04-03 00:00:00+02:00,GLE.PA,18.476253509521484,4909126
2023-04-04 00:00:00+02:00,GLE.PA,18.354812622070312,3756461
2023-04-05 00:00:00+02:00,GLE.PA,18.259395599365234,4162567
2023-04-06 00:00:00+02:00,GLE.PA,18.5543212890625,3003454
2023-04-11 00:00:00+02:00,GLE.PA,18.69744873046875,3724544
2023-04-12 00:00:00+02:00,GLE.PA,18.77985382080078,3377995
2023-04-13 00:00:00+02:00,GLE.PA,18.749492645263672,2270363
2023-04-14 00:00:00+02:00,GLE.PA,19.4304256439209,5477122
2023-04-17 00:00:00+02:00,GLE.PA,19.027070999145508,4460021
2023-04-18 00:00:00+02:00,GLE.PA,19.4304256439209,3579502
2023-04-19 00:00:00+02:00,GLE.PA,19.61258888244629,3675772
2023-04-20 00:00:00+02:00,GLE.PA,19.369705200195312,3643755
2023-04-21 00:00:00+02:00,GLE.PA,19.28730010986328,3522035
2023-04-24 00:00:00+02:00,GLE.PA,19.35669708251953,2213908
2023-04-25 00:00:00+02:00,GLE.PA,18.727807998657227,5675802
2023-04-26 00:00:00+02:00,GLE.PA,18.836238861083984,3824494
2023-04-27 00:00:00+02:00,GLE.PA,19.048755645751953,3035070
2023-04-28 00:00:00+02:00,GLE.PA,19.105140686035156,4886182
2023-05-02 00:00:00+02:00,GLE.PA,18.76250457763672,3157615
2023-05-03 00:00:00+02:00,GLE.PA,18.59335708618164,2409781
2023-05-04 00:00:00+02:00,GLE.PA,18.211688995361328,4227604
2023-05-05 00:00:00+02:00,GLE.PA,18.75383186340332,3473459
2023-05-08 00:00:00+02:00,GLE.PA,18.75383186340332,1796376
2023-05-09 00:00:00+02:00,GLE.PA,18.788528442382812,2795725
2023-05-10 00:00:00+02:00,GLE.PA,19.001049041748047,4237999
2023-05-11 00:00:00+02:00,GLE.PA,18.909969329833984,3374144
2023-05-12 00:00:00+02:00,GLE.PA,19.135499954223633,4734712
2023-05-15 00:00:00+02:00,GLE.PA,19.321996688842773,2544349
2023-05-16 00:00:00+02:00,GLE.PA,19.152849197387695,2916189
2023-05-17 00:00:00+02:00,GLE.PA,19.53451919555664,3091955
2023-05-18 00:00:00+02:00,GLE.PA,19.92919921875,3781120
2023-05-19 00:00:00+02:00,GLE.PA,20.111356735229492,4186614
2023-05-22 00:00:00+02:00,GLE.PA,20.258819580078125,2889083
2023-05-23 00:00:00+02:00,GLE.PA,21.04818344116211,7222168
2023-05-24 00:00:00+02:00,GLE.PA,20.61446762084961,4118920
2023-05-25 00:00:00+02:00,GLE.PA,20.67952537536621,3669032
2023-05-26 00:00:00+02:00,GLE.PA,20.67952537536621,3272092
2023-05-29 00:00:00+02:00,GLE.PA,20.558086395263672,3066398
2023-05-30 00:00:00+02:00,GLE.PA,20.84776496887207,7660579
2023-05-31 00:00:00+02:00,GLE.PA,20.21233367919922,13408871
2023-06-01 00:00:00+02:00,GLE.PA,20.263731002807617,3645983
2023-06-02 00:00:00+02:00,GLE.PA,21.12810707092285,5388089
2023-06-05 00:00:00+02:00,GLE.PA,21.001953125,3371210
2023-06-06 00:00:00+02:00,GLE.PA,21.123432159423828,2641588
2023-06-07 00:00:00+02:00,GLE.PA,21.12810707092285,1793811
2023-06-08 00:00:00+02:00,GLE.PA,21.375736236572266,3256393
2023-06-09 00:00:00+02:00,GLE.PA,21.79624366760254,4296182
2023-06-12 00:00:00+02:00,GLE.PA,21.777555465698242,3366920
2023-06-13 00:00:00+02:00,GLE.PA,21.735502243041992,2945157
2023-06-14 00:00:00+02:00,GLE.PA,21.97378921508789,3144060
2023-06-15 00:00:00+02:00,GLE.PA,21.576644897460938,3415017
2023-06-16 00:00:00+02:00,GLE.PA,21.707468032836914,9309340
2023-06-19 00:00:00+02:00,GLE.PA,21.810260772705078,2551892
2023-06-20 00:00:00+02:00,GLE.PA,21.735502243041992,2457104
2023-06-21 00:00:00+02:00,GLE.PA,21.674762725830078,2443234
2023-06-22 00:00:00+02:00,GLE.PA,21.1888427734375,3435112
2023-06-23 00:00:00+02:00,GLE.PA,21.21220588684082,3294209
2023-06-26 00:00:00+02:00,GLE.PA,21.291635513305664,2893640
2023-06-27 00:00:00+02:00,GLE.PA,21.53926658630371,2629528
2023-06-28 00:00:00+02:00,GLE.PA,21.609350204467773,2242768
2023-06-29 00:00:00+02:00,GLE.PA,22.006494522094727,3073957
2023-06-30 00:00:00+02:00,GLE.PA,22.240108489990234,5406875
2023-07-03 00:00:00+02:00,GLE.PA,22.483068466186523,2857544
2023-07-04 00:00:00+02:00,GLE.PA,22.422330856323242,2633638
2023-07-05 00:00:00+02:00,GLE.PA,22.366262435913086,3117280
2023-07-06 00:00:00+02:00,GLE.PA,21.55328369140625,5589618
2023-07-07 00:00:00+02:00,GLE.PA,21.777555465698242,2826683
2023-07-10 00:00:00+02:00,GLE.PA,21.72148895263672,2334944
2023-07-11 00:00:00+02:00,GLE.PA,21.99247932434082,2986814
2023-07-12 00:00:00+02:00,GLE.PA,22.165353775024414,3461519
2023-07-13 00:00:00+02:00,GLE.PA,22.613895416259766,3844535
2023-07-14 00:00:00+02:00,GLE.PA,22.347576141357422,2842333
2023-07-17 00:00:00+02:00,GLE.PA,22.258800506591797,2363702
2023-07-18 00:00:00+02:00,GLE.PA,22.300851821899414,2283987
2023-07-19 00:00:00+02:00,GLE.PA,22.33355712890625,2175413
2023-07-20 00:00:00+02:00,GLE.PA,22.525117874145508,2801879
2023-07-21 00:00:00+02:00,GLE.PA,22.422330856323242,2017258
2023-07-24 00:00:00+02:00,GLE.PA,22.90357780456543,3201438
2023-07-25 00:00:00+02:00,GLE.PA,23.043745040893555,2122653
2023-07-26 00:00:00+02:00,GLE.PA,22.805458068847656,2919427
2023-07-27 00:00:00+02:00,GLE.PA,22.936283111572266,4787302
2023-07-28 00:00:00+02:00,GLE.PA,23.1044864654541,3386393
2023-07-31 00:00:00+02:00,GLE.PA,23.095138549804688,3184033
2023-08-01 00:00:00+02:00,GLE.PA,22.674633026123047,3461767
2023-08-02 00:00:00+02:00,GLE.PA,22.422330856323242,4005217
2023-08-03 00:00:00+02:00,GLE.PA,23.20260238647461,6766901
2023-08-04 00:00:00+02:00,GLE.PA,23.73056983947754,6164367
2023-08-07 00:00:00+02:00,GLE.PA,23.875411987304688,2869236
2023-08-08 00:00:00+02:00,GLE.PA,23.468921661376953,5594164
2023-08-09 00:00:00+02:00,GLE.PA,23.777294158935547,3420633
2023-08-10 00:00:00+02:00,GLE.PA,23.903446197509766,3209088
2023-08-11 00:00:00+02:00,GLE.PA,23.86139488220215,2335513
2023-08-14 00:00:00+02:00,GLE.PA,23.931480407714844,1851665
2023-08-15 00:00:00+02:00,GLE.PA,23.828689575195312,2091402
2023-08-16 00:00:00+02:00,GLE.PA,23.74458885192871,2023438
2023-08-17 00:00:00+02:00,GLE.PA,23.810001373291016,2063394
2023-08-18 00:00:00+02:00,GLE.PA,23.64647102355957,2910260
2023-08-21 00:00:00+02:00,GLE.PA,23.777294158935547,1715393
2023-08-22 00:00:00+02:00,GLE.PA,23.922136306762695,2014076
2023-08-23 00:00:00+02:00,GLE.PA,24.151077270507812,3777861
2023-08-24 00:00:00+02:00,GLE.PA,24.239852905273438,1691727
2023-08-25 00:00:00+02:00,GLE.PA,24.21649169921875,1717962
2023-08-28 00:00:00+02:00,GLE.PA,24.52953338623047,1991740
2023-08-29 00:00:00+02:00,GLE.PA,24.651012420654297,2224285
2023-08-30 00:00:00+02:00,GLE.PA,24.64166831970215,1926183
2023-08-31 00:00:00+02:00,GLE.PA,24.496828079223633,2850840
2023-09-01 00:00:00+02:00,GLE.PA,24.552894592285156,1955133
2023-09-04 00:00:00+02:00,GLE.PA,24.141733169555664,2830095
2023-09-05 00:00:00+02:00,GLE.PA,23.99689292907715,2986036
2023-09-06 00:00:00+02:00,GLE.PA,23.85672378540039,3258077
2023-09-07 00:00:00+02:00,GLE.PA,23.7492618560791,1942377
2023-09-08 00:00:00+02:00,GLE.PA,23.62310791015625,2868375
2023-09-11 00:00:00+02:00,GLE.PA,24.029598236083984,2341679
2023-09-12 00:00:00+02:00,GLE.PA,24.249197006225586,3553753
2023-09-13 00:00:00+02:00,GLE.PA,24.478137969970703,2495307
2023-09-14 00:00:00+02:00,GLE.PA,24.819215774536133,3758214
2023-09-15 00:00:00+02:00,GLE.PA,24.73511505126953,8658686
2023-09-18 00:00:00+02:00,GLE.PA,21.754194259643555,22477716
2023-09-19 00:00:00+02:00,GLE.PA,21.618696212768555,9072000
2023-09-20 00:00:00+02:00,GLE.PA,22.268144607543945,8247826
2023-09-21 00:00:00+02:00,GLE.PA,21.950428009033203,6406242
2023-09-22 00:00:00+02:00,GLE.PA,21.604679107666016,4688266
2023-09-25 00:00:00+02:00,GLE.PA,21.4598388671875,3097875
2023-09-26 00:00:00+02:00,GLE.PA,21.132776260375977,4085239
2023-09-27 00:00:00+02:00,GLE.PA,21.389753341674805,3173851
2023-09-28 00:00:00+02:00,GLE.PA,21.42245864868164,3074924
2023-09-29 00:00:00+02:00,GLE.PA,21.53459358215332,2425170
2023-10-02 00:00:00+02:00,GLE.PA,21.35704803466797,2500534
2023-10-03 00:00:00+02:00,GLE.PA,20.959901809692383,3143891
2023-10-04 00:00:00+02:00,GLE.PA,20.959901809692383,2431914
2023-10-05 00:00:00+02:00,GLE.PA,20.945886611938477,1613922
2023-10-06 00:00:00+02:00,GLE.PA,21.207534790039062,2518654
2023-10-09 00:00:00+02:00,GLE.PA,20.89449119567871,2585429
2023-10-10 00:00:00+02:00,GLE.PA,21.123432159423828,2571353
2023-10-11 00:00:00+02:00,GLE.PA,21.11876106262207,2075269
2023-10-12 00:00:00+02:00,GLE.PA,20.99728012084961,2228231
2023-10-13 00:00:00+02:00,GLE.PA,20.37586784362793,5726475
2023-10-16 00:00:00+02:00,GLE.PA,20.511362075805664,2618741
2023-10-17 00:00:00+02:00,GLE.PA,20.36652183532715,2588400
2023-10-18 00:00:00+02:00,GLE.PA,20.21233367919922,2656533
2023-10-19 00:00:00+02:00,GLE.PA,19.99273681640625,3246142
2023-10-20 00:00:00+02:00,GLE.PA,19.604938507080078,5249465
2023-10-23 00:00:00+02:00,GLE.PA,19.665678024291992,2145084
2023-10-24 00:00:00+02:00,GLE.PA,19.497474670410156,2899547
2023-10-25 00:00:00+02:00,GLE.PA,19.534852981567383,2558376
2023-10-26 00:00:00+02:00,GLE.PA,19.380666732788086,3896682
2023-10-27 00:00:00+02:00,GLE.PA,19.36665153503418,2621602
2023-10-30 00:00:00+01:00,GLE.PA,19.441408157348633,2159030
2023-10-31 00:00:00+01:00,GLE.PA,19.759122848510742,3115669
2023-11-01 00:00:00+01:00,GLE.PA,19.829206466674805,2661693
2023-11-02 00:00:00+01:00,GLE.PA,20.198318481445312,4452881
2023-11-03 00:00:00+01:00,GLE.PA,20.371192932128906,5096280
2023-11-06 00:00:00+01:00,GLE.PA,20.249713897705078,2717768
2023-11-07 00:00:00+01:00,GLE.PA,20.07216453552246,2176795
2023-11-08 00:00:00+01:00,GLE.PA,20.016098022460938,2328732
2023-11-09 00:00:00+01:00,GLE.PA,19.988065719604492,2048763
2023-11-10 00:00:00+01:00,GLE.PA,19.866586685180664,1448564
2023-11-13 00:00:00+01:00,GLE.PA,20.24036979675293,2756819
2023-11-14 00:00:00+01:00,GLE.PA,20.58144760131836,3528678
2023-11-15 00:00:00+01:00,GLE.PA,20.79170036315918,3150500
2023-11-16 00:00:00+01:00,GLE.PA,20.819734573364258,2433004
2023-11-17 00:00:00+01:00,GLE.PA,21.123432159423828,3528144
2023-11-20 00:00:00+01:00,GLE.PA,21.132776260375977,1647038
2023-11-21 00:00:00+01:00,GLE.PA,20.936542510986328,2100205
2023-11-22 00:00:00+01:00,GLE.PA,20.945886611938477,1439439
2023-11-23 00:00:00+01:00,GLE.PA,21.095399856567383,1672318
2023-11-24 00:00:00+01:00,GLE.PA,21.19818878173828,1279585
2023-11-27 00:00:00+01:00,GLE.PA,21.01597023010254,1700453
2023-11-28 00:00:00+01:00,GLE.PA,21.039329528808594,1437061
2023-11-29 00:00:00+01:00,GLE.PA,21.24958610534668,2366379
2023-11-30 00:00:00+01:00,GLE.PA,21.5626277923584,4110281
2023-12-01 00:00:00+01:00,GLE.PA,21.399097442626953,3371471
2023-12-04 00:00:00+01:00,GLE.PA,21.5626277923584,1489655
2023-12-05 00:00:00+01:00,GLE.PA,21.78689956665039,3228585
2023-12-06 00:00:00+01:00,GLE.PA,22.025184631347656,2566687
2023-12-07 00:00:00+01:00,GLE.PA,22.141992568969727,3048473
2023-12-08 00:00:00+01:00,GLE.PA,22.46438217163086,4312410
2023-12-11 00:00:00+01:00,GLE.PA,22.258800506591797,2119075
2023-12-12 00:00:00+01:00,GLE.PA,22.156007766723633,1783865
2023-12-13 00:00:00+01:00,GLE.PA,22.109285354614258,2126510
2023-12-14 00:00:00+01:00,GLE.PA,22.8848876953125,5839625
2023-12-15 00:00:00+01:00,GLE.PA,22.824146270751953,5149011
2023-12-18 00:00:00+01:00,GLE.PA,22.604549407958984,2696209
2023-12-19 00:00:00+01:00,GLE.PA,22.39429473876953,2450981
2023-12-20 00:00:00+01:00,GLE.PA,22.469053268432617,1834800
2023-12-21 00:00:00+01:00,GLE.PA,22.46438217163086,1357358
2023-12-22 00:00:00+01:00,GLE.PA,22.497087478637695,1606949
2023-12-27 00:00:00+01:00,GLE.PA,22.712011337280273,2257173
2023-12-28 00:00:00+01:00,GLE.PA,22.459707260131836,2955767
2023-12-29 00:00:00+01:00,GLE.PA,22.450361251831055,1839163
2024-01-02 00:00:00+01:00,GLE.PA,23.00169563293457,3722984
2024-01-03 00:00:00+01:00,GLE.PA,22.370933532714844,5038203
2024-01-04 00:00:00+01:00,GLE.PA,22.75406265258789,3130382
2024-01-05 00:00:00+01:00,GLE.PA,22.852182388305664,1867177
2024-01-08 00:00:00+01:00,GLE.PA,23.067106246948242,1977633
2024-01-09 00:00:00+01:00,GLE.PA,23.127843856811523,1855696
2024-01-10 00:00:00+01:00,GLE.PA,22.824146270751953,2141459
2024-01-11 00:00:00+01:00,GLE.PA,21.99247932434082,7541675
2024-01-12 00:00:00+01:00,GLE.PA,21.90370750427246,2343125
2024-01-15 00:00:00+01:00,GLE.PA,21.814929962158203,1844368
2024-01-16 00:00:00+01:00,GLE.PA,21.6794376373291,2128009
2024-01-17 00:00:00+01:00,GLE.PA,21.41778564453125,3430291
2024-01-18 00:00:00+01:00,GLE.PA,21.65607452392578,2519363
2024-01-19 00:00:00+01:00,GLE.PA,21.623369216918945,2085085
2024-01-22 00:00:00+01:00,GLE.PA,21.838294982910156,2242511
2024-01-23 00:00:00+01:00,GLE.PA,21.913049697875977,1795806
2024-01-24 00:00:00+01:00,GLE.PA,22.127975463867188,2190301
2024-01-25 00:00:00+01:00,GLE.PA,22.025184631347656,1935636
2024-01-26 00:00:00+01:00,GLE.PA,22.193389892578125,3157763
2024-01-29 00:00:00+01:00,GLE.PA,22.109285354614258,2108417
2024-01-30 00:00:00+01:00,GLE.PA,22.235437393188477,1575167
2024-01-31 00:00:00+01:00,GLE.PA,22.389623641967773,2913975
2024-02-01 00:00:00+01:00,GLE.PA,21.492544174194336,6828591
2024-02-02 00:00:00+01:00,GLE.PA,21.59066390991211,2496063
2024-02-05 00:00:00+01:00,GLE.PA,21.272945404052734,2968572
2024-02-06 00:00:00+01:00,GLE.PA,21.0533504486084,4172526
2024-02-07 00:00:00+01:00,GLE.PA,20.7823543548584,5183596
2024-02-08 00:00:00+01:00,GLE.PA,20.58144760131836,6925496
2024-02-09 00:00:00+01:00,GLE.PA,20.33381462097168,5247482
2024-02-12 00:00:00+01:00,GLE.PA,20.291765213012695,3381932
2024-02-13 00:00:00+01:00,GLE.PA,20.188974380493164,3342689
2024-02-14 00:00:00+01:00,GLE.PA,20.21233367919922,2491765
2024-02-15 00:00:00+01:00,GLE.PA,20.408573150634766,3097884
2024-02-16 00:00:00+01:00,GLE.PA,20.562755584716797,2892366
2024-02-19 00:00:00+01:00,GLE.PA,20.487998962402344,1735312
2024-02-20 00:00:00+01:00,GLE.PA,20.698253631591797,3217634
2024-02-21 00:00:00+01:00,GLE.PA,20.79170036315918,2288349
2024-02-22 00:00:00+01:00,GLE.PA,20.99728012084961,3479378
2024-02-23 00:00:00+01:00,GLE.PA,21.020645141601562,1815990
2024-02-26 00:00:00+01:00,GLE.PA,20.796371459960938,2886186
2024-02-27 00:00:00+01:00,GLE.PA,20.866456985473633,1889717
2024-02-28 00:00:00+01:00,GLE.PA,21.04400634765625,2381873
2024-02-29 00:00:00+01:00,GLE.PA,20.959901809692383,4995178
2024-03-01 00:00:00+01:00,GLE.PA,21.24958610534668,2645083
2024-03-04 00:00:00+01:00,GLE.PA,21.254257202148438,1663177
2024-03-05 00:00:00+01:00,GLE.PA,21.296308517456055,1877108
2024-03-06 00:00:00+01:00,GLE.PA,21.286962509155273,2539441
2024-03-07 00:00:00+01:00,GLE.PA,21.618696212768555,3649693
2024-03-08 00:00:00+01:00,GLE.PA,21.66074562072754,1758993
2024-03-11 00:00:00+01:00,GLE.PA,21.684106826782227,2195383
2024-03-12 00:00:00+01:00,GLE.PA,22.085926055908203,3931046
2024-03-13 00:00:00+01:00,GLE.PA,22.127975463867188,2367826
2024-03-14 00:00:00+01:00,GLE.PA,21.931739807128906,3246815
2024-03-15 00:00:00+01:00,GLE.PA,22.174697875976562,6679280
2024-03-18 00:00:00+01:00,GLE.PA,22.156007766723633,2871179
2024-03-19 00:00:00+01:00,GLE.PA,22.45503807067871,3723131
2024-03-20 00:00:00+01:00,GLE.PA,22.492412567138672,1899346
2024-03-21 00:00:00+01:00,GLE.PA,22.87554168701172,4181044
2024-03-22 00:00:00+01:00,GLE.PA,22.917593002319336,3441357
2024-03-25 00:00:00+01:00,GLE.PA,22.483068466186523,2848157
2024-03-26 00:00:00+01:00,GLE.PA,22.65127182006836,3047775
2024-03-27 00:00:00+01:00,GLE.PA,22.65594482421875,2430928
2024-03-28 00:00:00+01:00,GLE.PA,23.183914184570312,4643755
2024-04-02 00:00:00+02:00,GLE.PA,23.17456817626953,3187430
2024-04-03 00:00:00+02:00,GLE.PA,23.604421615600586,3657788
2024-04-04 00:00:00+02:00,GLE.PA,23.838035583496094,3155434
2024-04-05 00:00:00+02:00,GLE.PA,23.41285514831543,3173611
2024-04-08 00:00:00+02:00,GLE.PA,23.4455623626709,1809724
2024-04-09 00:00:00+02:00,GLE.PA,23.333425521850586,1614018
2024-04-10 00:00:00+02:00,GLE.PA,23.501628875732422,2193367
2024-04-11 00:00:00+02:00,GLE.PA,23.576385498046875,5271329
2024-04-12 00:00:00+02:00,GLE.PA,24.0716495513916,6436122
2024-04-15 00:00:00+02:00,GLE.PA,23.338098526000977,4343352
2024-04-16 00:00:00+02:00,GLE.PA,22.73537254333496,4854902
2024-04-17 00:00:00+02:00,GLE.PA,22.576515197753906,4453750
2024-04-18 00:00:00+02:00,GLE.PA,23.09046745300293,2728222
2024-04-19 00:00:00+02:00,GLE.PA,23.127843856811523,2398321
2024-04-22 00:00:00+02:00,GLE.PA,23.40818214416504,2626394
2024-04-23 00:00:00+02:00,GLE.PA,23.72589874267578,2574778
2024-04-24 00:00:00+02:00,GLE.PA,23.62310791015625,3492778
2024-04-25 00:00:00+02:00,GLE.PA,23.450233459472656,2157539
2024-04-26 00:00:00+02:00,GLE.PA,23.674503326416016,2394809
2024-04-29 00:00:00+02:00,GLE.PA,23.908117294311523,2463440
2024-04-30 00:00:00+02:00,GLE.PA,23.72589874267578,2119153
2024-05-02 00:00:00+02:00,GLE.PA,24.099685668945312,4191751
2024-05-03 00:00:00+02:00,GLE.PA,22.852182388305664,14137526
2024-05-06 00:00:00+02:00,GLE.PA,22.618566513061523,4380307
2024-05-07 00:00:00+02:00,GLE.PA,23.183914184570312,3581631
2024-05-08 00:00:00+02:00,GLE.PA,23.314739227294922,2470249
2024-05-09 00:00:00+02:00,GLE.PA,23.604421615600586,2622649
2024-05-10 00:00:00+02:00,GLE.PA,24.221162796020508,4199270
2024-05-13 00:00:00+02:00,GLE.PA,24.53887939453125,3820625
2024-05-14 00:00:00+02:00,GLE.PA,25.468664169311523,7397648
2024-05-15 00:00:00+02:00,GLE.PA,25.636865615844727,3848408
2024-05-16 00:00:00+02:00,GLE.PA,25.478008270263672,2387188
2024-05-17 00:00:00+02:00,GLE.PA,25.445302963256836,2384981
2024-05-20 00:00:00+02:00,GLE.PA,26.01999282836914,3374365
2024-05-21 00:00:00+02:00,GLE.PA,25.646211624145508,3553998
2024-05-22 00:00:00+02:00,GLE.PA,25.463991165161133,1482111
2024-05-23 00:00:00+02:00,GLE.PA,25.646211624145508,1894029
2024-05-24 00:00:00+02:00,GLE.PA,25.52005958557129,2330745
2024-05-27 00:00:00+02:00,GLE.PA,26.085346221923828,3451538
2024-05-28 00:00:00+02:00,GLE.PA,26.33175277709961,2274891
2024-05-29 00:00:00+02:00,GLE.PA,26.16265106201172,2596687
2024-05-30 00:00:00+02:00,GLE.PA,26.45254135131836,1952633
2024-05-31 00:00:00+02:00,GLE.PA,26.4670352935791,7739331
2024-06-03 00:00:00+02:00,GLE.PA,26.056358337402344,3006612
2024-06-04 00:00:00+02:00,GLE.PA,25.53455352783203,3645144
2024-06-05 00:00:00+02:00,GLE.PA,25.12387466430664,3643560
2024-06-06 00:00:00+02:00,GLE.PA,25.1335391998291,3722445
2024-06-07 00:00:00+02:00,GLE.PA,25.14320182800293,2289347
2024-06-10 00:00:00+02:00,GLE.PA,23.268571853637695,15232204
2024-06-11 00:00:00+02:00,GLE.PA,22.099348068237305,11738686
2024-06-12 00:00:00+02:00,GLE.PA,22.563173294067383,8249378
2024-06-13 00:00:00+02:00,GLE.PA,22.19597625732422,8413715
2024-06-14 00:00:00+02:00,GLE.PA,21.403608322143555,11578562
2024-06-17 00:00:00+02:00,GLE.PA,21.65484619140625,5562875
2024-06-18 00:00:00+02:00,GLE.PA,21.67417335510254,3456432
2024-06-19 00:00:00+02:00,GLE.PA,21.326305389404297,3855573
2024-06-20 00:00:00+02:00,GLE.PA,21.65484619140625,3850044
2024-06-21 00:00:00+02:00,GLE.PA,21.35529327392578,5972263
2024-06-24 00:00:00+02:00,GLE.PA,21.79496192932129,3263708
2024-06-25 00:00:00+02:00,GLE.PA,21.52922821044922,3088083
2024-06-26 00:00:00+02:00,GLE.PA,21.47608184814453,1875649
2024-06-27 00:00:00+02:00,GLE.PA,21.42293357849121,2834652
2024-06-28 00:00:00+02:00,GLE.PA,21.181360244750977,4481392
2024-07-01 00:00:00+02:00,GLE.PA,21.83844566345215,9305636
2024-07-02 00:00:00+02:00,GLE.PA,21.70799446105957,3075491
2024-07-03 00:00:00+02:00,GLE.PA,22.181482315063477,4022063
2024-07-04 00:00:00+02:00,GLE.PA,22.732275009155273,4205087
2024-07-05 00:00:00+02:00,GLE.PA,22.877220153808594,2644018
2024-07-08 00:00:00+02:00,GLE.PA,22.587329864501953,3602863
2024-07-09 00:00:00+02:00,GLE.PA,22.08485221862793,3309430
2024-07-10 00:00:00+02:00,GLE.PA,22.31676483154297,1819705
2024-07-11 00:00:00+02:00,GLE.PA,22.490697860717773,2121829
2024-07-12 00:00:00+02:00,GLE.PA,22.809579849243164,2354750
2024-07-15 00:00:00+02:00,GLE.PA,22.7419376373291,2168642
2024-07-16 00:00:00+02:00,GLE.PA,22.568002700805664,1689196
2024-07-17 00:00:00+02:00,GLE.PA,22.833736419677734,2094539
2024-07-18 00:00:00+02:00,GLE.PA,23.123628616333008,2641210
2024-07-19 00:00:00+02:00,GLE.PA,22.94969367980957,2049513
2024-07-22 00:00:00+02:00,GLE.PA,23.142953872680664,1664907
2024-07-23 00:00:00+02:00,GLE.PA,23.244415283203125,2757509
2024-07-24 00:00:00+02:00,GLE.PA,23.210596084594727,1783030
2024-07-25 00:00:00+02:00,GLE.PA,23.113964080810547,2218574
2024-07-26 00:00:00+02:00,GLE.PA,23.142953872680664,1267037
2024-07-29 00:00:00+02:00,GLE.PA,22.896547317504883,1952715
2024-07-30 00:00:00+02:00,GLE.PA,23.089807510375977,1640904
2024-07-31 00:00:00+02:00,GLE.PA,23.17194366455078,2214632
2024-08-01 00:00:00+02:00,GLE.PA,21.094392776489258,15387364
2024-08-02 00:00:00+02:00,GLE.PA,19.843029022216797,9992518
2024-08-05 00:00:00+02:00,GLE.PA,19.504823684692383,7910871
2024-08-06 00:00:00+02:00,GLE.PA,19.427518844604492,3920844
2024-08-07 00:00:00+02:00,GLE.PA,19.809207916259766,4190006
2024-08-08 00:00:00+02:00,GLE.PA,19.736736297607422,2428630
2024-08-09 00:00:00+02:00,GLE.PA,19.741567611694336,1338392
2024-08-12 00:00:00+02:00,GLE.PA,19.828535079956055,2013404
2024-08-13 00:00:00+02:00,GLE.PA,19.843029022216797,1593155
2024-08-14 00:00:00+02:00,GLE.PA,19.8671875,1450443
2024-08-15 00:00:00+02:00,GLE.PA,20.253705978393555,3251478
2024-08-16 00:00:00+02:00,GLE.PA,20.350337982177734,2156235
2024-08-19 00:00:00+02:00,GLE.PA,20.350337982177734,1825039
2024-08-20 00:00:00+02:00,GLE.PA,20.263370513916016,1942346
2024-08-21 00:00:00+02:00,GLE.PA,20.495283126831055,2040779
2024-08-22 00:00:00+02:00,GLE.PA,20.533935546875,1505621
2024-08-23 00:00:00+02:00,GLE.PA,20.751354217529297,1753326
2024-08-26 00:00:00+02:00,GLE.PA,20.640230178833008,1202844
2024-08-27 00:00:00+02:00,GLE.PA,20.881805419921875,2756172
2024-08-28 00:00:00+02:00,GLE.PA,20.896299362182617,1515787
2024-08-29 00:00:00+02:00,GLE.PA,20.93012046813965,1647066
2024-08-30 00:00:00+02:00,GLE.PA,21.094392776489258,2055849
2024-09-02 00:00:00+02:00,GLE.PA,21.0509090423584,1338472
2024-09-03 00:00:00+02:00,GLE.PA,20.818994522094727,2899673
2024-09-04 00:00:00+02:00,GLE.PA,20.756183624267578,2077532
2024-09-05 00:00:00+02:00,GLE.PA,21.258663177490234,5364707
2024-09-06 00:00:00+02:00,GLE.PA,21.08955955505371,3176350
2024-09-09 00:00:00+02:00,GLE.PA,21.306978225708008,2506286
2024-09-10 00:00:00+02:00,GLE.PA,21.070234298706055,2544712
2024-09-11 00:00:00+02:00,GLE.PA,21.055740356445312,2985865
2024-09-12 00:00:00+02:00,GLE.PA,21.360124588012695,2956382
2024-09-13 00:00:00+02:00,GLE.PA,21.39877700805664,2530005
2024-09-16 00:00:00+02:00,GLE.PA,21.524394989013672,1221064
2024-09-17 00:00:00+02:00,GLE.PA,21.85293960571289,3056903
2024-09-18 00:00:00+02:00,GLE.PA,21.82394790649414,1994863
2024-09-19 00:00:00+02:00,GLE.PA,22.113840103149414,3171805
2024-09-20 00:00:00+02:00,GLE.PA,21.87226676940918,3872369
2024-09-23 00:00:00+02:00,GLE.PA,21.258663177490234,5968514
2024-09-24 00:00:00+02:00,GLE.PA,21.645183563232422,3748046
2024-09-25 00:00:00+02:00,GLE.PA,21.403608322143555,2468498
2024-09-26 00:00:00+02:00,GLE.PA,21.949569702148438,4104127
2024-09-27 00:00:00+02:00,GLE.PA,22.123504638671875,2826568
2024-09-30 00:00:00+02:00,GLE.PA,21.59687042236328,4453339
2024-10-01 00:00:00+02:00,GLE.PA,21.32147216796875,4416047
2024-10-02 00:00:00+02:00,GLE.PA,21.37944984436035,1694651
2024-10-03 00:00:00+02:00,GLE.PA,21.09922218322754,2621235
2024-10-04 00:00:00+02:00,GLE.PA,21.65968132019043,4947528
2024-10-07 00:00:00+02:00,GLE.PA,21.925411224365234,2523091
2024-10-08 00:00:00+02:00,GLE.PA,21.978559494018555,1992508
2024-10-09 00:00:00+02:00,GLE.PA,22.133167266845703,2882209
2024-10-10 00:00:00+02:00,GLE.PA,22.24912452697754,2206395
2024-10-11 00:00:00+02:00,GLE.PA,22.355417251586914,1817515
2024-10-14 00:00:00+02:00,GLE.PA,22.292606353759766,1460730
2024-10-15 00:00:00+02:00,GLE.PA,22.331260681152344,2410701
2024-10-16 00:00:00+02:00,GLE.PA,22.39406967163086,2380268
2024-10-17 00:00:00+02:00,GLE.PA,22.727445602416992,3300254
2024-10-18 00:00:00+02:00,GLE.PA,23.147785186767578,4578667
2024-10-21 00:00:00+02:00,GLE.PA,23.036659240722656,2373983
2024-10-22 00:00:00+02:00,GLE.PA,23.11879539489746,1770649
2024-10-23 00:00:00+02:00,GLE.PA,23.046323776245117,1429098
2024-10-24 00:00:00+02:00,GLE.PA,23.041492462158203,2205722
2024-10-25 00:00:00+02:00,GLE.PA,22.920703887939453,1662264
2024-10-28 00:00:00+01:00,GLE.PA,23.041492462158203,2111582
2024-10-29 00:00:00+01:00,GLE.PA,22.993175506591797,1855472
2024-10-30 00:00:00+01:00,GLE.PA,22.901378631591797,2831384
2024-10-31 00:00:00+01:00,GLE.PA,25.495901107788086,15267248
2024-11-01 00:00:00+01:00,GLE.PA,26.355911254882812,8269910
2024-11-04 00:00:00+01:00,GLE.PA,26.273775100708008,3383211
2024-11-05 00:00:00+01:00,GLE.PA,25.872758865356445,3033060
2024-11-06 00:00:00+01:00,GLE.PA,26.16265106201172,5406152
2024-11-07 00:00:00+01:00,GLE.PA,25.887256622314453,3948930
2024-11-08 00:00:00+01:00,GLE.PA,25.65534019470215,2411764
2024-11-11 00:00:00+01:00,GLE.PA,25.925905227661133,2075880
2024-11-12 00:00:00+01:00,GLE.PA,25.55388069152832,2938726
2024-11-13 00:00:00+01:00,GLE.PA,24.9837589263916,3067176
2024-11-14 00:00:00+01:00,GLE.PA,25.32196807861328,3453742
2024-11-15 00:00:00+01:00,GLE.PA,25.230167388916016,2196481
2024-11-18 00:00:00+01:00,GLE.PA,25.650508880615234,2135466
2024-11-19 00:00:00+01:00,GLE.PA,25.27848243713379,2956445
2024-11-20 00:00:00+01:00,GLE.PA,25.645679473876953,2821816
2024-11-21 00:00:00+01:00,GLE.PA,25.7423095703125,2304538
2024-11-22 00:00:00+01:00,GLE.PA,25.0755615234375,3247120
2024-11-25 00:00:00+01:00,GLE.PA,24.930614471435547,3169614
2024-11-26 00:00:00+01:00,GLE.PA,24.577913284301758,2591174
2024-11-27 00:00:00+01:00,GLE.PA,23.722734451293945,4514296
2024-11-28 00:00:00+01:00,GLE.PA,24.152742385864258,2648341
2024-11-29 00:00:00+01:00,GLE.PA,24.24936866760254,2629595
2024-12-02 00:00:00+01:00,GLE.PA,23.61644172668457,4738280
2024-12-03 00:00:00+01:00,GLE.PA,23.457000732421875,2686962
2024-12-04 00:00:00+01:00,GLE.PA,23.732398986816406,2614703
2024-12-05 00:00:00+01:00,GLE.PA,24.751848220825195,4792048
2024-12-06 00:00:00+01:00,GLE.PA,25.061063766479492,3737986
2024-12-09 00:00:00+01:00,GLE.PA,25.84377098083496,3666250
2024-12-10 00:00:00+01:00,GLE.PA,25.7761287689209,1922582
2024-12-11 00:00:00+01:00,GLE.PA,25.925905227661133,2963606
2024-12-12 00:00:00+01:00,GLE.PA,26.389732360839844,3491999
2024-12-13 00:00:00+01:00,GLE.PA,26.259279251098633,1962764
2024-12-16 00:00:00+01:00,GLE.PA,26.143325805664062,1884058
2024-12-17 00:00:00+01:00,GLE.PA,25.790624618530273,2356380
2024-12-18 00:00:00+01:00,GLE.PA,26.03219985961914,2072513
2024-12-19 00:00:00+01:00,GLE.PA,25.867929458618164,2199883
2024-12-20 00:00:00+01:00,GLE.PA,25.785791397094727,4182967
2024-12-23 00:00:00+01:00,GLE.PA,25.718149185180664,1413405
2024-12-24 00:00:00+01:00,GLE.PA,25.602195739746094,522107
2024-12-27 00:00:00+01:00,GLE.PA,25.877592086791992,1621461
2024-12-30 00:00:00+01:00,GLE.PA,25.969388961791992,1254077
2024-12-31 00:00:00+01:00,GLE.PA,26.244787216186523,564975
2025-01-02 00:00:00+01:00,GLE.PA,26.167482376098633,1835448
2025-01-03 00:00:00+01:00,GLE.PA,25.631183624267578,2232616
2025-01-06 00:00:00+01:00,GLE.PA,26.428382873535156,3464544
2025-01-07 00:00:00+01:00,GLE.PA,26.1336612701416,2553343
2025-01-08 00:00:00+01:00,GLE.PA,26.65546417236328,2756263
2025-01-09 00:00:00+01:00,GLE.PA,26.481531143188477,1914148
2025-01-10 00:00:00+01:00,GLE.PA,26.336584091186523,2177575
2025-01-13 00:00:00+01:00,GLE.PA,26.317258834838867,2097255
2025-01-14 00:00:00+01:00,GLE.PA,26.926029205322266,3670021
2025-01-15 00:00:00+01:00,GLE.PA,27.75221824645996,3871939
2025-01-16 00:00:00+01:00,GLE.PA,27.75221824645996,2589949
2025-01-17 00:00:00+01:00,GLE.PA,27.77154541015625,2419775
2025-01-20 00:00:00+01:00,GLE.PA,28.47211456298828,3433135
2025-01-21 00:00:00+01:00,GLE.PA,28.331998825073242,2550868
2025-01-22 00:00:00+01:00,GLE.PA,28.331998825073242,2525236
2025-01-23 00:00:00+01:00,GLE.PA,28.974592208862305,3799789
2025-01-24 00:00:00+01:00,GLE.PA,29.051897048950195,2208715
2025-01-27 00:00:00+01:00,GLE.PA,29.254817962646484,2782293
2025-01-28 00:00:00+01:00,GLE.PA,29.626846313476562,3136037
2025-01-29 00:00:00+01:00,GLE.PA,29.921567916870117,2742807
2025-01-30 00:00:00+01:00,GLE.PA,30.008535385131836,3210310
2025-01-31 00:00:00+01:00,GLE.PA,30.196964263916016,3855468
2025-02-03 00:00:00+01:00,GLE.PA,29.477067947387695,3768825
2025-02-04 00:00:00+01:00,GLE.PA,29.8346004486084,2612476
2025-02-05 00:00:00+01:00,GLE.PA,29.84426498413086,3094467
2025-02-06 00:00:00+01:00,GLE.PA,33.77711868286133,13136386
2025-02-07 00:00:00+01:00,GLE.PA,34.8835334777832,6777584
2025-02-10 00:00:00+01:00,GLE.PA,34.07666778564453,5811433
2025-02-11 00:00:00+01:00,GLE.PA,35.3183708190918,5508245
2025-02-12 00:00:00+01:00,GLE.PA,36.10590744018555,5776275
2025-02-13 00:00:00+01:00,GLE.PA,35.492305755615234,4408432
2025-02-14 00:00:00+01:00,GLE.PA,35.68073272705078,2597395
2025-02-17 00:00:00+01:00,GLE.PA,35.74837112426758,2603107
2025-02-18 00:00:00+01:00,GLE.PA,36.71950912475586,5179739
2025-02-19 00:00:00+01:00,GLE.PA,36.48759460449219,3551503
2025-02-20 00:00:00+01:00,GLE.PA,36.20737075805664,3058833
2025-02-21 00:00:00+01:00,GLE.PA,36.5600700378418,3252367
2025-02-24 00:00:00+01:00,GLE.PA,36.57456588745117,2508202
2025-02-25 00:00:00+01:00,GLE.PA,37.39591979980469,4526515
2025-02-26 00:00:00+01:00,GLE.PA,38.04817581176758,3340623
2025-02-27 00:00:00+01:00,GLE.PA,38.12548065185547,4443067
2025-02-28 00:00:00+01:00,GLE.PA,37.98053741455078,5841333
2025-03-03 00:00:00+01:00,GLE.PA,38.2510986328125,3911081
2025-03-04 00:00:00+01:00,GLE.PA,37.17367172241211,4546314
2025-03-05 00:00:00+01:00,GLE.PA,39.096614837646484,5175611
2025-03-06 00:00:00+01:00,GLE.PA,40.599212646484375,5078396
2025-03-07 00:00:00+01:00,GLE.PA,40.657196044921875,3998321
2025-03-10 00:00:00+01:00,GLE.PA,38.52166748046875,5594325
2025-03-11 00:00:00+01:00,GLE.PA,38.19794845581055,4271894
2025-03-12 00:00:00+01:00,GLE.PA,38.35255813598633,3524004
2025-03-13 00:00:00+01:00,GLE.PA,38.44919204711914,2778330
2025-03-14 00:00:00+01:00,GLE.PA,39.623252868652344,2907797
2025-03-17 00:00:00+01:00,GLE.PA,40.30449295043945,2624615
2025-03-18 00:00:00+01:00,GLE.PA,41.30461502075195,2677855
2025-03-19 00:00:00+01:00,GLE.PA,41.4254035949707,2355253
2025-03-20 00:00:00+01:00,GLE.PA,40.874610900878906,3289511
2025-03-21 00:00:00+01:00,GLE.PA,40.92292404174805,6036244
2025-03-24 00:00:00+01:00,GLE.PA,41.415740966796875,2127625
2025-03-25 00:00:00+01:00,GLE.PA,42.4255256652832,2587026
2025-03-26 00:00:00+01:00,GLE.PA,42.411033630371094,2412206
2025-03-27 00:00:00+01:00,GLE.PA,41.89406204223633,3124962
2025-03-28 00:00:00+01:00,GLE.PA,41.10652542114258,2992606
2025-03-31 00:00:00+02:00,GLE.PA,39.99527359008789,5417491
2025-04-01 00:00:00+02:00,GLE.PA,40.02909851074219,3501984
2025-04-02 00:00:00+02:00,GLE.PA,39.343021392822266,3788676
2025-04-03 00:00:00+02:00,GLE.PA,37.2751350402832,6865958
2025-04-04 00:00:00+02:00,GLE.PA,33.38093185424805,13263669
2025-04-07 00:00:00+02:00,GLE.PA,32.79631805419922,7247782
2025-04-08 00:00:00+02:00,GLE.PA,33.89790725708008,5517532
2025-04-09 00:00:00+02:00,GLE.PA,33.20216751098633,3935108
2025-04-10 00:00:00+02:00,GLE.PA,34.951175689697266,5613169
2025-04-11 00:00:00+02:00,GLE.PA,35.82085037231445,3322067
2025-04-14 00:00:00+02:00,GLE.PA,37.086708068847656,3224054
2025-04-15 00:00:00+02:00,GLE.PA,38.92267990112305,3493667
2025-04-16 00:00:00+02:00,GLE.PA,38.65211486816406,2218711
2025-04-17 00:00:00+02:00,GLE.PA,38.178627014160156,1842589
2025-04-22 00:00:00+02:00,GLE.PA,39.048301696777344,1836579
2025-04-23 00:00:00+02:00,GLE.PA,40.47842788696289,3823503
2025-04-24 00:00:00+02:00,GLE.PA,40.47842788696289,1905388
2025-04-25 00:00:00+02:00,GLE.PA,41.367427825927734,1951753
2025-04-28 00:00:00+02:00,GLE.PA,41.8602409362793,1928597
2025-04-29 00:00:00+02:00,GLE.PA,42.46900939941406,3032061
2025-04-30 00:00:00+02:00,GLE.PA,44.06340789794922,8405972
2025-05-02 00:00:00+02:00,GLE.PA,44.89442825317383,4136174
2025-05-05 00:00:00+02:00,GLE.PA,44.884769439697266,2407174
2025-05-06 00:00:00+02:00,GLE.PA,43.812171936035156,3074453
2025-05-07 00:00:00+02:00,GLE.PA,43.87015151977539,2474710
2025-05-08 00:00:00+02:00,GLE.PA,44.991065979003906,2047911
2025-05-09 00:00:00+02:00,GLE.PA,45.22297286987305,2141570
2025-05-12 00:00:00+02:00,GLE.PA,45.870399475097656,2760670
2025-05-13 00:00:00+02:00,GLE.PA,45.628822326660156,1866773
2025-05-14 00:00:00+02:00,GLE.PA,46.45017623901367,2831750
2025-05-15 00:00:00+02:00,GLE.PA,46.34388732910156,1928900
2025-05-16 00:00:00+02:00,GLE.PA,46.69175338745117,3464728
2025-05-19 00:00:00+02:00,GLE.PA,47.29085922241211,1900793
2025-05-20 00:00:00+02:00,GLE.PA,47.580753326416016,2571338
2025-05-21 00:00:00+02:00,GLE.PA,47.71603775024414,2347643
2025-05-22 00:00:00+02:00,GLE.PA,47.61940383911133,2442768
2025-05-23 00:00:00+02:00,GLE.PA,46.35354995727539,4133517
2025-05-26 00:00:00+02:00,GLE.PA,48.20254898071289,2486302
2025-05-27 00:00:00+02:00,GLE.PA,47.72793960571289,1812074
2025-05-28 00:00:00+02:00,GLE.PA,47.17422866821289,1638264
2025-05-29 00:00:00+02:00,GLE.PA,47.787269592285156,1178187
2025-05-30 00:00:00+02:00,GLE.PA,47.31265640258789,4002786
2025-06-02 00:00:00+02:00,GLE.PA,47.85647964477539,1869384
2025-06-03 00:00:00+02:00,GLE.PA,47.787269592285156,1717982
2025-06-04 00:00:00+02:00,GLE.PA,47.27310562133789,1732026
2025-06-05 00:00:00+02:00,GLE.PA,48.40030288696289,1987740
2025-06-06 00:00:00+02:00,GLE.PA,48.78592300415039,1815079
2025-06-09 00:00:00+02:00,GLE.PA,48.46951675415039,996446
2025-06-10 00:00:00+02:00,GLE.PA,47.07535171508789,2271006
2025-06-11 00:00:00+02:00,GLE.PA,47.47085952758789,1773710
2025-06-12 00:00:00+02:00,GLE.PA,48.27176284790039,1908313
2025-06-13 00:00:00+02:00,GLE.PA,47.89603042602539,2646182
2025-06-16 00:00:00+02:00,GLE.PA,49.43851089477539,3091341
2025-06-17 00:00:00+02:00,GLE.PA,47.49063491821289,2579472
2025-06-18 00:00:00+02:00,GLE.PA,48.27176284790039,2001252
2025-06-19 00:00:00+02:00,GLE.PA,46.91714859008789,1615502
2025-06-20 00:00:00+02:00,GLE.PA,47.16434097290039,3083528
2025-06-23 00:00:00+02:00,GLE.PA,46.482086181640625,2553100
2025-06-24 00:00:00+02:00,GLE.PA,47.46097183227539,2926181
2025-06-25 00:00:00+02:00,GLE.PA,46.95669937133789,1787437
2025-06-26 00:00:00+02:00,GLE.PA,46.86771011352539,2521209
2025-06-27 00:00:00+02:00,GLE.PA,48.31131362915039,1996590
2025-06-30 00:00:00+02:00,GLE.PA,48.00479507446289,1972902
2025-07-01 00:00:00+02:00,GLE.PA,47.41153335571289,1696356
2025-07-02 00:00:00+02:00,GLE.PA,47.88614273071289,1720288
2025-07-03 00:00:00+02:00,GLE.PA,48.81558609008789,1496905
2025-07-04 00:00:00+02:00,GLE.PA,48.034461975097656,1299412
2025-07-07 00:00:00+02:00,GLE.PA,49.39896011352539,4902858
2025-07-08 00:00:00+02:00,GLE.PA,49.428627014160156,2099587
2025-07-09 00:00:00+02:00,GLE.PA,51.416053771972656,2971904
2025-07-10 00:00:00+02:00,GLE.PA,50.05154800415039,1836246
2025-07-11 00:00:00+02:00,GLE.PA,49.497840881347656,2131997
2025-07-14 00:00:00+02:00,GLE.PA,49.75491714477539,1111906
2025-07-15 00:00:00+02:00,GLE.PA,48.73648452758789,1887191
2025-07-16 00:00:00+02:00,GLE.PA,48.509071350097656,1920339
2025-07-17 00:00:00+02:00,GLE.PA,49.08255386352539,1153445
2025-07-18 00:00:00+02:00,GLE.PA,49.29019546508789,1099511
2025-07-21 00:00:00+02:00,GLE.PA,49.61648941040039,1050696
2025-07-22 00:00:00+02:00,GLE.PA,48.88479995727539,1025771
2025-07-23 00:00:00+02:00,GLE.PA,49.59671401977539,1670206
2025-07-24 00:00:00+02:00,GLE.PA,50.466835021972656,1770148
2025-07-25 00:00:00+02:00,GLE.PA,50.34817886352539,1047511
2025-07-28 00:00:00+02:00,GLE.PA,50.24930191040039,1365849
2025-07-29 00:00:00+02:00,GLE.PA,51.079872131347656,1596211
2025-07-30 00:00:00+02:00,GLE.PA,51.772010803222656,1617100
2025-07-31 00:00:00+02:00,GLE.PA,55.331581115722656,4607061
2025-08-01 00:00:00+02:00,GLE.PA,53.373817443847656,2756688
2025-08-04 00:00:00+02:00,GLE.PA,54.184608459472656,1981532
2025-08-05 00:00:00+02:00,GLE.PA,54.382362365722656,1867790
2025-08-06 00:00:00+02:00,GLE.PA,54.95585250854492,1542299
2025-08-07 00:00:00+02:00,GLE.PA,56.003944396972656,1926682
2025-08-08 00:00:00+02:00,GLE.PA,56.91361618041992,1897124
2025-08-11 00:00:00+02:00,GLE.PA,56.93339157104492,1547484
2025-08-12 00:00:00+02:00,GLE.PA,57.70463180541992,1546460
2025-08-13 00:00:00+02:00,GLE.PA,57.07181930541992,1716540
2025-08-14 00:00:00+02:00,GLE.PA,57.84305953979492,1399752
2025-08-15 00:00:00+02:00,GLE.PA,58.11991500854492,1552726
2025-08-18 00:00:00+02:00,GLE.PA,57.111366271972656,1640768
2025-08-19 00:00:00+02:00,GLE.PA,57.66508102416992,1053601
2025-08-20 00:00:00+02:00,GLE.PA,56.775184631347656,1651680
2025-08-21 00:00:00+02:00,GLE.PA,57.21024703979492,1445996
2025-08-22 00:00:00+02:00,GLE.PA,57.19047164916992,1207000
2025-08-25 00:00:00+02:00,GLE.PA,55.193153381347656,2650775
2025-08-26 00:00:00+02:00,GLE.PA,51.416053771972656,8260436
2025-08-27 00:00:00+02:00,GLE.PA,51.416053771972656,3685409
2025-08-28 00:00:00+02:00,GLE.PA,51.712684631347656,2492446
2025-08-29 00:00:00+02:00,GLE.PA,52.127967834472656,2539233
2025-09-01 00:00:00+02:00,GLE.PA,52.602577209472656,2177200
2025-09-02 00:00:00+02:00,GLE.PA,51.910438537597656,2923685
2025-09-03 00:00:00+02:00,GLE.PA,52.226844787597656,2648836
2025-09-04 00:00:00+02:00,GLE.PA,53.47269821166992,2331733
2025-09-05 00:00:00+02:00,GLE.PA,52.444374084472656,2111572
2025-09-08 00:00:00+02:00,GLE.PA,53.156288146972656,2302225
2025-09-09 00:00:00+02:00,GLE.PA,53.709999084472656,2546754
2025-09-10 00:00:00+02:00,GLE.PA,55.193153381347656,2275329
2025-09-11 00:00:00+02:00,GLE.PA,56.953163146972656,2275391
2025-09-12 00:00:00+02:00,GLE.PA,56.616981506347656,1618932
2025-09-15 00:00:00+02:00,GLE.PA,58.19901657104492,1861999
2025-09-16 00:00:00+02:00,GLE.PA,56.122596740722656,2104065
2025-09-17 00:00:00+02:00,GLE.PA,55.94462203979492,1531726
2025-09-18 00:00:00+02:00,GLE.PA,56.75541305541992,1973636
2025-09-19 00:00:00+02:00,GLE.PA,57.48710250854492,3770784
2025-09-22 00:00:00+02:00,GLE.PA,56.71586227416992,1109101
2025-09-23 00:00:00+02:00,GLE.PA,56.20170211791992,1573948
2025-09-24 00:00:00+02:00,GLE.PA,56.55765914916992,1411393
2025-09-25 00:00:00+02:00,GLE.PA,55.92484664916992,1541708
2025-09-26 00:00:00+02:00,GLE.PA,56.71586227416992,1241092
2025-09-29 00:00:00+02:00,GLE.PA,55.984169006347656,1837052
2025-09-30 00:00:00+02:00,GLE.PA,55.72709274291992,1582022
2025-10-01 00:00:00+02:00,GLE.PA,56.18192672729492,1563741
2025-10-02 00:00:00+02:00,GLE.PA,56.08304977416992,1356327
2025-10-03 00:00:00+02:00,GLE.PA,56.08304977416992,1520855
2025-10-06 00:00:00+02:00,GLE.PA,53.709999084472656,4639246
2025-10-07 00:00:00+02:00,GLE.PA,53.29999923706055,2778486
2025-10-08 00:00:00+02:00,GLE.PA,54.41999816894531,2275311
2025-10-09 00:00:00+02:00,GLE.PA,54.36000061035156,1558793
2025-10-10 00:00:00+02:00,GLE.PA,53.86000061035156,1529234
2025-10-13 00:00:00+02:00,GLE.PA,53.720001220703125,1603766
2025-10-14 00:00:00+02:00,GLE.PA,55.02000045776367,2227948
2025-10-15 00:00:00+02:00,GLE.PA,55.560001373291016,2222446
2025-10-16 00:00:00+02:00,GLE.PA,56.52000045776367,2290116
2025-10-17 00:00:00+02:00,GLE.PA,53.63999938964844,3198087
2025-10-20 00:00:00+02:00,GLE.PA,53.0,2671888
2025-10-21 00:00:00+02:00,GLE.PA,53.119998931884766,1632128
2025-10-22 00:00:00+02:00,GLE.PA,52.880001068115234,1421659
2025-10-23 00:00:00+02:00,GLE.PA,53.58000183105469,2134406
2025-10-24 00:00:00+02:00,GLE.PA,53.68000030517578,1624137
2025-10-27 00:00:00+01:00,GLE.PA,53.599998474121094,1355850
2025-10-28 00:00:00+01:00,GLE.PA,54.2599983215332,1320384
2025-10-29 00:00:00+01:00,GLE.PA,54.959999084472656,2170272
2025-10-30 00:00:00+01:00,GLE.PA,53.0,4696719
2025-10-31 00:00:00+01:00,GLE.PA,54.86000061035156,2635532
2025-11-03 00:00:00+01:00,GLE.PA,54.7599983215332,1485815
2025-11-04 00:00:00+01:00,GLE.PA,54.58000183105469,1653376
2025-11-05 00:00:00+01:00,GLE.PA,54.63999938964844,1640478
2025-11-06 00:00:00+01:00,GLE.PA,55.79999923706055,2318629
2025-11-07 00:00:00+01:00,GLE.PA,54.63999938964844,1484276
2025-11-10 00:00:00+01:00,GLE.PA,56.900001525878906,1951165
2025-11-11 00:00:00+01:00,GLE.PA,56.720001220703125,1286155
2025-11-12 00:00:00+01:00,GLE.PA,58.459999084472656,2343369
2025-11-13 00:00:00+01:00,GLE.PA,59.15999984741211,2149638
2025-11-14 00:00:00+01:00,GLE.PA,57.97999954223633,1943311
2025-11-17 00:00:00+01:00,GLE.PA,58.13999938964844,1339165
2025-11-18 00:00:00+01:00,GLE.PA,56.47999954223633,2541195
2025-11-19 00:00:00+01:00,GLE.PA,56.81999969482422,2132855
2025-11-20 00:00:00+01:00,GLE.PA,57.41999816894531,1868857
2025-11-21 00:00:00+01:00,GLE.PA,56.540000915527344,2007996
2025-11-24 00:00:00+01:00,GLE.PA,56.79999923706055,6802521
2025-11-25 00:00:00+01:00,GLE.PA,58.29999923706055,2810733
2025-11-26 00:00:00+01:00,GLE.PA,59.5,1989932
2025-11-27 00:00:00+01:00,GLE.PA,59.900001525878906,1503782
2025-11-28 00:00:00+01:00,GLE.PA,59.939998626708984,1441206
2025-12-01 00:00:00+01:00,GLE.PA,59.720001220703125,1506099
2025-12-02 00:00:00+01:00,GLE.PA,61.060001373291016,1639869
2025-12-03 00:00:00+01:00,GLE.PA,60.52000045776367,2011282
2025-12-04 00:00:00+01:00,GLE.PA,62.5,3337077
2025-12-05 00:00:00+01:00,GLE.PA,61.540000915527344,1653265
2025-12-08 00:00:00+01:00,GLE.PA,62.619998931884766,1142588
2025-12-09 00:00:00+01:00,GLE.PA,62.900001525878906,1226248
2025-12-10 00:00:00+01:00,GLE.PA,63.47999954223633,1412130
2025-12-11 00:00:00+01:00,GLE.PA,64.36000061035156,1857536
2025-12-12 00:00:00+01:00,GLE.PA,63.58000183105469,2312983
2025-12-15 00:00:00+01:00,GLE.PA,64.33999633789062,1923682
2025-12-16 00:00:00+01:00,GLE.PA,64.36000061035156,1700826
2025-12-17 00:00:00+01:00,GLE.PA,66.9000015258789,3294298
2025-12-18 00:00:00+01:00,GLE.PA,67.72000122070312,3454309
2025-12-19 00:00:00+01:00,GLE.PA,68.16000366210938,4310267
2025-12-22 00:00:00+01:00,GLE.PA,67.83999633789062,1703872
2025-12-23 00:00:00+01:00,GLE.PA,68.22000122070312,1479738
2025-12-24 00:00:00+01:00,GLE.PA,67.9800033569336,196116
2025-12-29 00:00:00+01:00,GLE.PA,67.95999908447266,1350442
2025-12-30 00:00:00+01:00,GLE.PA,69.4000015258789,1306803
2025-12-31 00:00:00+01:00,GLE.PA,68.72000122070312,507008
2026-01-02 00:00:00+01:00,GLE.PA,70.08000183105469,1537264
2026-01-05 00:00:00+01:00,GLE.PA,70.31999969482422,1885241
2026-01-06 00:00:00+01:00,GLE.PA,69.86000061035156,2304305
2026-01-07 00:00:00+01:00,GLE.PA,69.12000274658203,1666458
2026-01-08 00:00:00+01:00,GLE.PA,70.37999725341797,1677809
2026-01-09 00:00:00+01:00,GLE.PA,69.5999984741211,2512256
2026-01-12 00:00:00+01:00,GLE.PA,69.19999694824219,2370079
2026-01-13 00:00:00+01:00,GLE.PA,69.68000030517578,1669209
2026-01-14 00:00:00+01:00,GLE.PA,70.69999694824219,2242009
2026-01-15 00:00:00+01:00,GLE.PA,70.9800033569336,1696183
2026-01-16 00:00:00+01:00,GLE.PA,70.31999969482422,2008371
2026-01-19 00:00:00+01:00,GLE.PA,69.31999969482422,2025817
2026-01-20 00:00:00+01:00,GLE.PA,69.0,1725343
2026-01-21 00:00:00+01:00,GLE.PA,68.69999694824219,1621238
2026-01-22 00:00:00+01:00,GLE.PA,70.72000122070312,1668749
2026-01-23 00:00:00+01:00,GLE.PA,69.81999969482422,1416403
2026-01-26 00:00:00+01:00,GLE.PA,71.41999816894531,1901822
2026-01-27 00:00:00+01:00,GLE.PA,72.4000015258789,1562981
2026-01-28 00:00:00+01:00,GLE.PA,71.4000015258789,2341242
2026-01-29 00:00:00+01:00,GLE.PA,71.80000305175781,1801971
2026-01-30 00:00:00+01:00,GLE.PA,73.80000305175781,2839656
2026-02-02 00:00:00+01:00,GLE.PA,75.68000030517578,1975545
2026-02-03 00:00:00+01:00,GLE.PA,76.5999984741211,2540771
2026-02-04 00:00:00+01:00,GLE.PA,75.69999694824219,3211658
2026-02-05 00:00:00+01:00,GLE.PA,74.22000122070312,3552763
2026-02-06 00:00:00+01:00,GLE.PA,72.58000183105469,4256053
2026-02-09 00:00:00+01:00,GLE.PA,74.95999908447266,2629828
2026-02-10 00:00:00+01:00,GLE.PA,73.41999816894531,2399520
2026-02-11 00:00:00+01:00,GLE.PA,71.81999969482422,2236450
2026-02-12 00:00:00+01:00,GLE.PA,70.5199966430664,1809002
2026-02-13 00:00:00+01:00,GLE.PA,66.69999694824219,4726089
2021-02-15 00:00:00+01:00,MC.PA,491.1761474609375,304779
2021-02-16 00:00:00+01:00,MC.PA,494.75054931640625,297402
2021-02-17 00:00:00+01:00,MC.PA,490.35125732421875,364343
2021-02-18 00:00:00+01:00,MC.PA,489.4346008300781,345527
2021-02-19 00:00:00+01:00,MC.PA,496.5836486816406,420401
2021-02-22 00:00:00+01:00,MC.PA,497.59197998046875,281071
2021-02-23 00:00:00+01:00,MC.PA,494.384033203125,326853
2021-02-24 00:00:00+01:00,MC.PA,488.3348693847656,389117
2021-02-25 00:00:00+01:00,MC.PA,486.68499755859375,341801
2021-02-26 00:00:00+01:00,MC.PA,481.18572998046875,509151
2021-03-01 00:00:00+01:00,MC.PA,492.27587890625,312876
2021-03-02 00:00:00+01:00,MC.PA,494.292236328125,268383
2021-03-03 00:00:00+01:00,MC.PA,498.4167175292969,402528
2021-03-04 00:00:00+01:00,MC.PA,489.3430480957031,461650
2021-03-05 00:00:00+01:00,MC.PA,479.5360412597656,468641
2021-03-08 00:00:00+01:00,MC.PA,490.2595520019531,487719
2021-03-09 00:00:00+01:00,MC.PA,495.575439453125,424729
2021-03-10 00:00:00+01:00,MC.PA,506.8491516113281,377397
2021-03-11 00:00:00+01:00,MC.PA,517.3892822265625,348410
2021-03-12 00:00:00+01:00,MC.PA,516.3810424804688,349657
2021-03-15 00:00:00+01:00,MC.PA,511.61505126953125,330231
2021-03-16 00:00:00+01:00,MC.PA,513.5397338867188,330076
2021-03-17 00:00:00+01:00,MC.PA,520.7804565429688,305038
2021-03-18 00:00:00+01:00,MC.PA,519.0390625,421418
2021-03-19 00:00:00+01:00,MC.PA,510.8818359375,1041228
2021-03-22 00:00:00+01:00,MC.PA,510.14862060546875,306281
2021-03-23 00:00:00+01:00,MC.PA,507.94891357421875,302183
2021-03-24 00:00:00+01:00,MC.PA,507.21563720703125,327022
2021-03-25 00:00:00+01:00,MC.PA,509.2320251464844,298409
2021-03-26 00:00:00+01:00,MC.PA,508.5904846191406,319037
2021-03-29 00:00:00+02:00,MC.PA,508.5904846191406,223531
2021-03-30 00:00:00+02:00,MC.PA,525.6381225585938,463377
2021-03-31 00:00:00+02:00,MC.PA,520.6888427734375,440619
2021-04-01 00:00:00+02:00,MC.PA,523.9884643554688,318700
2021-04-06 00:00:00+02:00,MC.PA,528.6627807617188,307550
2021-04-07 00:00:00+02:00,MC.PA,529.0293579101562,257919
2021-04-08 00:00:00+02:00,MC.PA,537.1865844726562,338943
2021-04-09 00:00:00+02:00,MC.PA,539.2030639648438,297019
2021-04-12 00:00:00+02:00,MC.PA,540.4861450195312,286923
2021-04-13 00:00:00+02:00,MC.PA,545.1605834960938,443772
2021-04-14 00:00:00+02:00,MC.PA,560.74169921875,577458
2021-04-15 00:00:00+02:00,MC.PA,565.2328491210938,518798
2021-04-16 00:00:00+02:00,MC.PA,577.4229125976562,587186
2021-04-19 00:00:00+02:00,MC.PA,572.74853515625,328492
2021-04-20 00:00:00+02:00,MC.PA,558.3583374023438,570894
2021-04-21 00:00:00+02:00,MC.PA,576.1615600585938,515257
2021-04-22 00:00:00+02:00,MC.PA,582.9877319335938,436028
2021-04-23 00:00:00+02:00,MC.PA,579.3900146484375,366234
2021-04-26 00:00:00+02:00,MC.PA,577.2684936523438,265587
2021-04-27 00:00:00+02:00,MC.PA,583.6334838867188,320541
2021-04-28 00:00:00+02:00,MC.PA,584.0946655273438,262268
2021-04-29 00:00:00+02:00,MC.PA,586.4007568359375,290676
2021-04-30 00:00:00+02:00,MC.PA,577.637451171875,349054
2021-05-03 00:00:00+02:00,MC.PA,581.6962280273438,242931
2021-05-04 00:00:00+02:00,MC.PA,570.9037475585938,413624
2021-05-05 00:00:00+02:00,MC.PA,582.80322265625,374426
2021-05-06 00:00:00+02:00,MC.PA,576.8073120117188,356074
2021-05-07 00:00:00+02:00,MC.PA,582.4342651367188,342019
2021-05-10 00:00:00+02:00,MC.PA,576.5304565429688,349795
2021-05-11 00:00:00+02:00,MC.PA,564.8154296875,579901
2021-05-12 00:00:00+02:00,MC.PA,562.8782958984375,421915
2021-05-13 00:00:00+02:00,MC.PA,568.228515625,349967
2021-05-14 00:00:00+02:00,MC.PA,579.3900146484375,336426
2021-05-17 00:00:00+02:00,MC.PA,575.6080932617188,224482
2021-05-18 00:00:00+02:00,MC.PA,574.6856689453125,268294
2021-05-19 00:00:00+02:00,MC.PA,571.0881958007812,381205
2021-05-20 00:00:00+02:00,MC.PA,580.128173828125,362431
2021-05-21 00:00:00+02:00,MC.PA,582.6187133789062,376258
2021-05-24 00:00:00+02:00,MC.PA,588.0611572265625,115728
2021-05-25 00:00:00+02:00,MC.PA,590.0905151367188,325085
2021-05-26 00:00:00+02:00,MC.PA,590.920654296875,295544
2021-05-27 00:00:00+02:00,MC.PA,598.1159057617188,638562
2021-05-28 00:00:00+02:00,MC.PA,604.94189453125,256995
2021-05-31 00:00:00+02:00,MC.PA,601.4367065429688,228797
2021-06-01 00:00:00+02:00,MC.PA,606.1411743164062,294765
2021-06-02 00:00:00+02:00,MC.PA,609.7387084960938,295829
2021-06-03 00:00:00+02:00,MC.PA,603.5582885742188,290169
2021-06-04 00:00:00+02:00,MC.PA,600.69873046875,281922
2021-06-07 00:00:00+02:00,MC.PA,606.3255615234375,369275
2021-06-08 00:00:00+02:00,MC.PA,608.5394897460938,290421
2021-06-09 00:00:00+02:00,MC.PA,611.1224975585938,232801
2021-06-10 00:00:00+02:00,MC.PA,606.6947631835938,285497
2021-06-11 00:00:00+02:00,MC.PA,616.2880859375,353511
2021-06-14 00:00:00+02:00,MC.PA,620.4390258789062,255313
2021-06-15 00:00:00+02:00,MC.PA,625.2359008789062,279296
2021-06-16 00:00:00+02:00,MC.PA,629.3868408203125,320891
2021-06-17 00:00:00+02:00,MC.PA,633.9990844726562,331198
2021-06-18 00:00:00+02:00,MC.PA,628.2799072265625,695141
2021-06-21 00:00:00+02:00,MC.PA,627.3574829101562,308185
2021-06-22 00:00:00+02:00,MC.PA,628.3722534179688,299207
2021-06-23 00:00:00+02:00,MC.PA,617.2105712890625,337572
2021-06-24 00:00:00+02:00,MC.PA,620.9924926757812,346811
2021-06-25 00:00:00+02:00,MC.PA,621.3615112304688,242811
2021-06-28 00:00:00+02:00,MC.PA,615.8268432617188,252827
2021-06-29 00:00:00+02:00,MC.PA,621.7305908203125,271145
2021-06-30 00:00:00+02:00,MC.PA,610.0154418945312,556819
2021-07-01 00:00:00+02:00,MC.PA,612.413818359375,325479
2021-07-02 00:00:00+02:00,MC.PA,611.95263671875,225664
2021-07-05 00:00:00+02:00,MC.PA,609.4619750976562,178377
2021-07-06 00:00:00+02:00,MC.PA,604.94189453125,290716
2021-07-07 00:00:00+02:00,MC.PA,609.185302734375,378366
2021-07-08 00:00:00+02:00,MC.PA,589.6293334960938,734077
2021-07-09 00:00:00+02:00,MC.PA,611.0302124023438,599503
2021-07-12 00:00:00+02:00,MC.PA,614.350830078125,255319
2021-07-13 00:00:00+02:00,MC.PA,618.6865234375,312845
2021-07-14 00:00:00+02:00,MC.PA,619.5167236328125,180869
2021-07-15 00:00:00+02:00,MC.PA,611.7681274414062,306416
2021-07-16 00:00:00+02:00,MC.PA,603.5582885742188,455783
2021-07-19 00:00:00+02:00,MC.PA,590.275146484375,496713
2021-07-20 00:00:00+02:00,MC.PA,595.0716552734375,324696
2021-07-21 00:00:00+02:00,MC.PA,608.078369140625,288289
2021-07-22 00:00:00+02:00,MC.PA,609.185302734375,391518
2021-07-23 00:00:00+02:00,MC.PA,621.7305908203125,411886
2021-07-26 00:00:00+02:00,MC.PA,621.1771240234375,347405
2021-07-27 00:00:00+02:00,MC.PA,617.6717529296875,474408
2021-07-28 00:00:00+02:00,MC.PA,634.8294067382812,324397
2021-07-29 00:00:00+02:00,MC.PA,630.955078125,255100
2021-07-30 00:00:00+02:00,MC.PA,621.6382446289062,425011
2021-08-02 00:00:00+02:00,MC.PA,633.7223510742188,324652
2021-08-03 00:00:00+02:00,MC.PA,641.9322509765625,341567
2021-08-04 00:00:00+02:00,MC.PA,640.8252563476562,278285
2021-08-05 00:00:00+02:00,MC.PA,643.3158569335938,268502
2021-08-06 00:00:00+02:00,MC.PA,643.3158569335938,287106
2021-08-09 00:00:00+02:00,MC.PA,643.3158569335938,166437
2021-08-10 00:00:00+02:00,MC.PA,647.1901245117188,230097
2021-08-11 00:00:00+02:00,MC.PA,650.1419677734375,211136
2021-08-12 00:00:00+02:00,MC.PA,656.7835693359375,276394
2021-08-13 00:00:00+02:00,MC.PA,654.7542114257812,219593
2021-08-16 00:00:00+02:00,MC.PA,641.009765625,315345
2021-08-17 00:00:00+02:00,MC.PA,636.9509887695312,326360
2021-08-18 00:00:00+02:00,MC.PA,604.1117553710938,699154
2021-08-19 00:00:00+02:00,MC.PA,565.5533447265625,1493477
2021-08-20 00:00:00+02:00,MC.PA,571.9183349609375,843005
2021-08-23 00:00:00+02:00,MC.PA,587.2308349609375,728161
2021-08-24 00:00:00+02:00,MC.PA,575.8848876953125,500424
2021-08-25 00:00:00+02:00,MC.PA,573.8554077148438,412050
2021-08-26 00:00:00+02:00,MC.PA,573.3941650390625,425086
2021-08-27 00:00:00+02:00,MC.PA,574.7778930664062,340808
2021-08-30 00:00:00+02:00,MC.PA,576.5304565429688,291687
2021-08-31 00:00:00+02:00,MC.PA,578.19091796875,541313
2021-09-01 00:00:00+02:00,MC.PA,596.6400146484375,596692
2021-09-02 00:00:00+02:00,MC.PA,596.824462890625,320818
2021-09-03 00:00:00+02:00,MC.PA,585.6627807617188,393248
2021-09-06 00:00:00+02:00,MC.PA,598.3927001953125,262291
2021-09-07 00:00:00+02:00,MC.PA,602.359130859375,340478
2021-09-08 00:00:00+02:00,MC.PA,598.3927001953125,385265
2021-09-09 00:00:00+02:00,MC.PA,607.3403930664062,411139
2021-09-10 00:00:00+02:00,MC.PA,612.0447998046875,388397
2021-09-13 00:00:00+02:00,MC.PA,606.0489501953125,349720
2021-09-14 00:00:00+02:00,MC.PA,596.6400146484375,397133
2021-09-15 00:00:00+02:00,MC.PA,573.0252075195312,706373
2021-09-16 00:00:00+02:00,MC.PA,579.2979125976562,475856
2021-09-17 00:00:00+02:00,MC.PA,582.0652465820312,863299
2021-09-20 00:00:00+02:00,MC.PA,570.7191772460938,764691
2021-09-21 00:00:00+02:00,MC.PA,586.677490234375,490753
2021-09-22 00:00:00+02:00,MC.PA,593.411376953125,403326
2021-09-23 00:00:00+02:00,MC.PA,603.373779296875,392213
2021-09-24 00:00:00+02:00,MC.PA,593.04248046875,371010
2021-09-27 00:00:00+02:00,MC.PA,588.0611572265625,297614
2021-09-28 00:00:00+02:00,MC.PA,569.9811401367188,627324
2021-09-29 00:00:00+02:00,MC.PA,576.9918212890625,355217
2021-09-30 00:00:00+02:00,MC.PA,572.010498046875,596940
2021-10-01 00:00:00+02:00,MC.PA,581.142822265625,448089
2021-10-04 00:00:00+02:00,MC.PA,572.9330444335938,346834
2021-10-05 00:00:00+02:00,MC.PA,583.4489135742188,329281
2021-10-06 00:00:00+02:00,MC.PA,576.3460693359375,458312
2021-10-07 00:00:00+02:00,MC.PA,588.43017578125,439881
2021-10-08 00:00:00+02:00,MC.PA,579.0211181640625,386925
2021-10-11 00:00:00+02:00,MC.PA,582.7109375,261049
2021-10-12 00:00:00+02:00,MC.PA,584.7404174804688,369383
2021-10-13 00:00:00+02:00,MC.PA,603.1893310546875,627178
2021-10-14 00:00:00+02:00,MC.PA,615.4579467773438,460568
2021-10-15 00:00:00+02:00,MC.PA,613.2439575195312,542414
2021-10-18 00:00:00+02:00,MC.PA,599.5917358398438,414414
2021-10-19 00:00:00+02:00,MC.PA,595.9019775390625,305206
2021-10-20 00:00:00+02:00,MC.PA,605.2186889648438,408236
2021-10-21 00:00:00+02:00,MC.PA,608.5394897460938,264050
2021-10-22 00:00:00+02:00,MC.PA,615.5502319335938,423275
2021-10-25 00:00:00+02:00,MC.PA,608.6317749023438,239985
2021-10-26 00:00:00+02:00,MC.PA,613.4285278320312,293673
2021-10-27 00:00:00+02:00,MC.PA,612.7827758789062,252036
2021-10-28 00:00:00+02:00,MC.PA,619.60888671875,302241
2021-10-29 00:00:00+02:00,MC.PA,624.6824340820312,434079
2021-11-01 00:00:00+01:00,MC.PA,630.4015502929688,320108
2021-11-02 00:00:00+01:00,MC.PA,631.6929321289062,285336
2021-11-03 00:00:00+01:00,MC.PA,629.5713500976562,350677
2021-11-04 00:00:00+01:00,MC.PA,638.7958984375,348282
2021-11-05 00:00:00+01:00,MC.PA,653.9240112304688,524883
2021-11-08 00:00:00+01:00,MC.PA,652.5404052734375,317489
2021-11-09 00:00:00+01:00,MC.PA,652.4481201171875,337111
2021-11-10 00:00:00+01:00,MC.PA,644.4227294921875,349382
2021-11-11 00:00:00+01:00,MC.PA,650.6956176757812,272715
2021-11-12 00:00:00+01:00,MC.PA,666.8383178710938,412199
2021-11-15 00:00:00+01:00,MC.PA,664.901123046875,433662
2021-11-16 00:00:00+01:00,MC.PA,673.111083984375,419771
2021-11-17 00:00:00+01:00,MC.PA,669.7901611328125,420189
2021-11-18 00:00:00+01:00,MC.PA,672.004150390625,458866
2021-11-19 00:00:00+01:00,MC.PA,676.6162719726562,698218
2021-11-22 00:00:00+01:00,MC.PA,671.819580078125,297513
2021-11-23 00:00:00+01:00,MC.PA,662.4105224609375,441531
2021-11-24 00:00:00+01:00,MC.PA,669.7901611328125,384226
2021-11-25 00:00:00+01:00,MC.PA,677.72314453125,226209
2021-11-26 00:00:00+01:00,MC.PA,638.3346557617188,921585
2021-11-29 00:00:00+01:00,MC.PA,643.13134765625,565133
2021-11-30 00:00:00+01:00,MC.PA,636.0904541015625,990257
2021-12-01 00:00:00+01:00,MC.PA,646.1885986328125,441932
2021-12-02 00:00:00+01:00,MC.PA,636.0904541015625,452744
2021-12-03 00:00:00+01:00,MC.PA,634.608154296875,472844
2021-12-06 00:00:00+01:00,MC.PA,639.3330078125,410554
2021-12-07 00:00:00+01:00,MC.PA,671.66552734375,504118
2021-12-08 00:00:00+01:00,MC.PA,662.1232299804688,364654
2021-12-09 00:00:00+01:00,MC.PA,662.4012451171875,238921
2021-12-10 00:00:00+01:00,MC.PA,657.7691040039062,218081
2021-12-13 00:00:00+01:00,MC.PA,656.8425903320312,263596
2021-12-14 00:00:00+01:00,MC.PA,649.9869995117188,288230
2021-12-15 00:00:00+01:00,MC.PA,659.5292358398438,329720
2021-12-16 00:00:00+01:00,MC.PA,660.8262939453125,423780
2021-12-17 00:00:00+01:00,MC.PA,647.5781860351562,795828
2021-12-20 00:00:00+01:00,MC.PA,646.466552734375,377559
2021-12-21 00:00:00+01:00,MC.PA,649.8942260742188,309981
2021-12-22 00:00:00+01:00,MC.PA,662.7717895507812,327128
2021-12-23 00:00:00+01:00,MC.PA,668.88623046875,315889
2021-12-24 00:00:00+01:00,MC.PA,664.6245727539062,48392
2021-12-27 00:00:00+01:00,MC.PA,672.8699340820312,177954
2021-12-28 00:00:00+01:00,MC.PA,677.038818359375,217145
2021-12-29 00:00:00+01:00,MC.PA,674.352294921875,168266
2021-12-30 00:00:00+01:00,MC.PA,676.2977905273438,246097
2021-12-31 00:00:00+01:00,MC.PA,673.5183715820312,100673
2022-01-03 00:00:00+01:00,MC.PA,677.2241821289062,210987
2022-01-04 00:00:00+01:00,MC.PA,689.2679443359375,291609
2022-01-05 00:00:00+01:00,MC.PA,702.238037109375,384196
2022-01-06 00:00:00+01:00,MC.PA,673.6111450195312,446581
2022-01-07 00:00:00+01:00,MC.PA,663.142333984375,392865
2022-01-10 00:00:00+01:00,MC.PA,651.006103515625,420089
2022-01-11 00:00:00+01:00,MC.PA,657.7691040039062,370056
2022-01-12 00:00:00+01:00,MC.PA,656.564697265625,432438
2022-01-13 00:00:00+01:00,MC.PA,639.2403564453125,478517
2022-01-14 00:00:00+01:00,MC.PA,625.7144165039062,517232
2022-01-17 00:00:00+01:00,MC.PA,635.9052124023438,261561
2022-01-18 00:00:00+01:00,MC.PA,623.4909057617188,395209
2022-01-19 00:00:00+01:00,MC.PA,646.3739624023438,555364
2022-01-20 00:00:00+01:00,MC.PA,652.1178588867188,414578
2022-01-21 00:00:00+01:00,MC.PA,645.9107055664062,536630
2022-01-24 00:00:00+01:00,MC.PA,614.0411987304688,679863
2022-01-25 00:00:00+01:00,MC.PA,617.932373046875,460302
2022-01-26 00:00:00+01:00,MC.PA,633.3111572265625,439855
2022-01-27 00:00:00+01:00,MC.PA,642.946044921875,407906
2022-01-28 00:00:00+01:00,MC.PA,663.6983032226562,843629
2022-01-31 00:00:00+01:00,MC.PA,669.4420776367188,682044
2022-02-01 00:00:00+01:00,MC.PA,678.3359375,421235
2022-02-02 00:00:00+01:00,MC.PA,675.649169921875,338429
2022-02-03 00:00:00+01:00,MC.PA,659.343994140625,407920
2022-02-04 00:00:00+01:00,MC.PA,654.1559448242188,406201
2022-02-07 00:00:00+01:00,MC.PA,663.4202270507812,353733
2022-02-08 00:00:00+01:00,MC.PA,654.1559448242188,421466
2022-02-09 00:00:00+01:00,MC.PA,663.8834228515625,460237
2022-02-10 00:00:00+01:00,MC.PA,654.24853515625,380675
2022-02-11 00:00:00+01:00,MC.PA,634.608154296875,453796
2022-02-14 00:00:00+01:00,MC.PA,620.7116088867188,610403
2022-02-15 00:00:00+01:00,MC.PA,642.946044921875,406987
2022-02-16 00:00:00+01:00,MC.PA,637.0169067382812,304420
2022-02-17 00:00:00+01:00,MC.PA,633.7744140625,366552
2022-02-18 00:00:00+01:00,MC.PA,635.8125610351562,417884
2022-02-21 00:00:00+01:00,MC.PA,622.7498779296875,383373
2022-02-22 00:00:00+01:00,MC.PA,619.970458984375,460189
2022-02-23 00:00:00+01:00,MC.PA,616.8206176757812,363622
2022-02-24 00:00:00+01:00,MC.PA,589.1201782226562,1162792
2022-02-25 00:00:00+01:00,MC.PA,617.5617065429688,712092
2022-02-28 00:00:00+01:00,MC.PA,611.3546752929688,697750
2022-03-01 00:00:00+01:00,MC.PA,579.76318359375,585829
2022-03-02 00:00:00+01:00,MC.PA,591.0656127929688,617458
2022-03-03 00:00:00+01:00,MC.PA,571.981201171875,506791
2022-03-04 00:00:00+01:00,MC.PA,535.2942504882812,963534
2022-03-07 00:00:00+01:00,MC.PA,526.0299072265625,909345
2022-03-08 00:00:00+01:00,MC.PA,509.63201904296875,950996
2022-03-09 00:00:00+01:00,MC.PA,558.2698974609375,1164131
2022-03-10 00:00:00+01:00,MC.PA,544.6513061523438,688965
2022-03-11 00:00:00+01:00,MC.PA,551.1363525390625,740815
2022-03-14 00:00:00+01:00,MC.PA,554.6568603515625,569333
2022-03-15 00:00:00+01:00,MC.PA,546.5968627929688,615609
2022-03-16 00:00:00+01:00,MC.PA,582.6351928710938,799496
2022-03-17 00:00:00+01:00,MC.PA,583.4688720703125,456856
2022-03-18 00:00:00+01:00,MC.PA,592.3627319335938,880922
2022-03-21 00:00:00+01:00,MC.PA,586.6188354492188,358795
2022-03-22 00:00:00+01:00,MC.PA,596.5316772460938,422767
2022-03-23 00:00:00+01:00,MC.PA,578.3735961914062,478559
2022-03-24 00:00:00+01:00,MC.PA,578.744140625,382903
2022-03-25 00:00:00+01:00,MC.PA,579.948486328125,365851
2022-03-28 00:00:00+02:00,MC.PA,588.9348754882812,442114
2022-03-29 00:00:00+02:00,MC.PA,622.3792724609375,584317
2022-03-30 00:00:00+02:00,MC.PA,611.9105224609375,398742
2022-03-31 00:00:00+02:00,MC.PA,601.6270141601562,423041
2022-04-01 00:00:00+02:00,MC.PA,601.812255859375,249915
2022-04-04 00:00:00+02:00,MC.PA,615.0603637695312,279544
2022-04-05 00:00:00+02:00,MC.PA,612.2811889648438,362451
2022-04-06 00:00:00+02:00,MC.PA,589.398193359375,416787
2022-04-07 00:00:00+02:00,MC.PA,578.0955200195312,481637
2022-04-08 00:00:00+02:00,MC.PA,585.2291870117188,382228
2022-04-11 00:00:00+02:00,MC.PA,574.2972412109375,317758
2022-04-12 00:00:00+02:00,MC.PA,584.488037109375,481916
2022-04-13 00:00:00+02:00,MC.PA,587.4525146484375,552025
2022-04-14 00:00:00+02:00,MC.PA,592.9185180664062,566954
2022-04-19 00:00:00+02:00,MC.PA,587.4525146484375,307822
2022-04-20 00:00:00+02:00,MC.PA,595.0493774414062,378402
2022-04-21 00:00:00+02:00,MC.PA,605.3328247070312,496018
2022-04-22 00:00:00+02:00,MC.PA,592.5478515625,439543
2022-04-25 00:00:00+02:00,MC.PA,570.3134765625,567172
2022-04-26 00:00:00+02:00,MC.PA,569.0953369140625,385943
2022-04-27 00:00:00+02:00,MC.PA,577.8102416992188,364855
2022-04-28 00:00:00+02:00,MC.PA,578.37255859375,368172
2022-04-29 00:00:00+02:00,MC.PA,580.5278930664062,384899
2022-05-02 00:00:00+02:00,MC.PA,568.4393310546875,338527
2022-05-03 00:00:00+02:00,MC.PA,562.72314453125,378265
2022-05-04 00:00:00+02:00,MC.PA,555.9760131835938,340919
2022-05-05 00:00:00+02:00,MC.PA,537.89013671875,489836
2022-05-06 00:00:00+02:00,MC.PA,526.551513671875,670819
2022-05-09 00:00:00+02:00,MC.PA,508.46551513671875,565090
2022-05-10 00:00:00+02:00,MC.PA,514.9315185546875,507385
2022-05-11 00:00:00+02:00,MC.PA,536.9530639648438,638901
2022-05-12 00:00:00+02:00,MC.PA,529.8312377929688,656363
2022-05-13 00:00:00+02:00,MC.PA,544.73095703125,438811
2022-05-16 00:00:00+02:00,MC.PA,538.8272705078125,363368
2022-05-17 00:00:00+02:00,MC.PA,552.977294921875,399738
2022-05-18 00:00:00+02:00,MC.PA,542.1070556640625,457853
2022-05-19 00:00:00+02:00,MC.PA,532.7361450195312,464245
2022-05-20 00:00:00+02:00,MC.PA,521.5848388671875,700770
2022-05-23 00:00:00+02:00,MC.PA,525.6143798828125,427998
2022-05-24 00:00:00+02:00,MC.PA,517.0867919921875,429245
2022-05-25 00:00:00+02:00,MC.PA,516.3370971679688,446842
2022-05-26 00:00:00+02:00,MC.PA,535.266357421875,360161
2022-05-27 00:00:00+02:00,MC.PA,556.0698852539062,465465
2022-05-30 00:00:00+02:00,MC.PA,570.3135986328125,482362
2022-05-31 00:00:00+02:00,MC.PA,559.6307373046875,829381
2022-06-01 00:00:00+02:00,MC.PA,560.1929321289062,381825
2022-06-02 00:00:00+02:00,MC.PA,569.844970703125,279331
2022-06-03 00:00:00+02:00,MC.PA,570.7821044921875,274898
2022-06-06 00:00:00+02:00,MC.PA,575.1864624023438,342496
2022-06-07 00:00:00+02:00,MC.PA,570.1261596679688,371430
2022-06-08 00:00:00+02:00,MC.PA,563.8475952148438,362187
2022-06-09 00:00:00+02:00,MC.PA,550.6346435546875,561689
2022-06-10 00:00:00+02:00,MC.PA,536.859375,581378
2022-06-13 00:00:00+02:00,MC.PA,515.4000854492188,626654
2022-06-14 00:00:00+02:00,MC.PA,509.7774963378906,456050
2022-06-15 00:00:00+02:00,MC.PA,517.0867919921875,464959
2022-06-16 00:00:00+02:00,MC.PA,505.4668273925781,463366
2022-06-17 00:00:00+02:00,MC.PA,510.4335021972656,886221
2022-06-20 00:00:00+02:00,MC.PA,508.371826171875,353318
2022-06-21 00:00:00+02:00,MC.PA,518.6798095703125,380529
2022-06-22 00:00:00+02:00,MC.PA,516.9931640625,349977
2022-06-23 00:00:00+02:00,MC.PA,530.3934326171875,434800
2022-06-24 00:00:00+02:00,MC.PA,550.4472045898438,452405
2022-06-27 00:00:00+02:00,MC.PA,543.7003173828125,390653
2022-06-28 00:00:00+02:00,MC.PA,552.040283203125,506109
2022-06-29 00:00:00+02:00,MC.PA,551.946533203125,289901
2022-06-30 00:00:00+02:00,MC.PA,545.1057739257812,513630
2022-07-01 00:00:00+02:00,MC.PA,543.5128173828125,245106
2022-07-04 00:00:00+02:00,MC.PA,548.4793701171875,227729
2022-07-05 00:00:00+02:00,MC.PA,536.0159912109375,450195
2022-07-06 00:00:00+02:00,MC.PA,560.0054931640625,455626
2022-07-07 00:00:00+02:00,MC.PA,569.37646484375,507602
2022-07-08 00:00:00+02:00,MC.PA,568.7205200195312,328511
2022-07-11 00:00:00+02:00,MC.PA,566.2840576171875,265396
2022-07-12 00:00:00+02:00,MC.PA,572.281494140625,348649
2022-07-13 00:00:00+02:00,MC.PA,568.0645751953125,345806
2022-07-14 00:00:00+02:00,MC.PA,568.251953125,361941
2022-07-15 00:00:00+02:00,MC.PA,570.1261596679688,458417
2022-07-18 00:00:00+02:00,MC.PA,575.6549682617188,301000
2022-07-19 00:00:00+02:00,MC.PA,588.5869140625,327709
2022-07-20 00:00:00+02:00,MC.PA,586.3377685546875,321612
2022-07-21 00:00:00+02:00,MC.PA,593.459716796875,348545
2022-07-22 00:00:00+02:00,MC.PA,594.7716674804688,344322
2022-07-25 00:00:00+02:00,MC.PA,597.3018798828125,232800
2022-07-26 00:00:00+02:00,MC.PA,585.8692626953125,389982
2022-07-27 00:00:00+02:00,MC.PA,595.9898071289062,426585
2022-07-28 00:00:00+02:00,MC.PA,621.1975708007812,531878
2022-07-29 00:00:00+02:00,MC.PA,632.536376953125,639310
2022-08-01 00:00:00+02:00,MC.PA,644.9996337890625,358710
2022-08-02 00:00:00+02:00,MC.PA,636.2847900390625,383180
2022-08-03 00:00:00+02:00,MC.PA,642.4696044921875,326389
2022-08-04 00:00:00+02:00,MC.PA,649.4039916992188,301121
2022-08-05 00:00:00+02:00,MC.PA,639.283447265625,378399
2022-08-08 00:00:00+02:00,MC.PA,645.7493286132812,214886
2022-08-09 00:00:00+02:00,MC.PA,636.7532958984375,271132
2022-08-10 00:00:00+02:00,MC.PA,646.5928344726562,294091
2022-08-11 00:00:00+02:00,MC.PA,649.96630859375,235955
2022-08-12 00:00:00+02:00,MC.PA,650.8097534179688,306806
2022-08-15 00:00:00+02:00,MC.PA,655.4951171875,180890
2022-08-16 00:00:00+02:00,MC.PA,654.932861328125,267010
2022-08-17 00:00:00+02:00,MC.PA,656.3385620117188,314633
2022-08-18 00:00:00+02:00,MC.PA,662.4295654296875,254403
2022-08-19 00:00:00+02:00,MC.PA,654.37060546875,454452
2022-08-22 00:00:00+02:00,MC.PA,639.658203125,428495
2022-08-23 00:00:00+02:00,MC.PA,637.034423828125,306225
2022-08-24 00:00:00+02:00,MC.PA,643.5941162109375,219765
2022-08-25 00:00:00+02:00,MC.PA,644.4375,216764
2022-08-26 00:00:00+02:00,MC.PA,626.9138793945312,425579
2022-08-29 00:00:00+02:00,MC.PA,621.1975708007812,381544
2022-08-30 00:00:00+02:00,MC.PA,620.1668090820312,270293
2022-08-31 00:00:00+02:00,MC.PA,606.7664184570312,444863
2022-09-01 00:00:00+02:00,MC.PA,592.9912109375,532866
2022-09-02 00:00:00+02:00,MC.PA,604.0487670898438,306092
2022-09-05 00:00:00+02:00,MC.PA,595.052734375,291469
2022-09-06 00:00:00+02:00,MC.PA,597.957763671875,270512
2022-09-07 00:00:00+02:00,MC.PA,601.0501098632812,234554
2022-09-08 00:00:00+02:00,MC.PA,603.01806640625,262423
2022-09-09 00:00:00+02:00,MC.PA,611.264404296875,300281
2022-09-12 00:00:00+02:00,MC.PA,617.4492797851562,295910
2022-09-13 00:00:00+02:00,MC.PA,609.9525146484375,336082
2022-09-14 00:00:00+02:00,MC.PA,613.0448608398438,314609
2022-09-15 00:00:00+02:00,MC.PA,601.0501098632812,334309
2022-09-16 00:00:00+02:00,MC.PA,599.26953125,1069261
2022-09-19 00:00:00+02:00,MC.PA,600.67529296875,301806
2022-09-20 00:00:00+02:00,MC.PA,594.1156616210938,326586
2022-09-21 00:00:00+02:00,MC.PA,603.1117553710938,290585
2022-09-22 00:00:00+02:00,MC.PA,585.588134765625,383716
2022-09-23 00:00:00+02:00,MC.PA,565.2532958984375,553484
2022-09-26 00:00:00+02:00,MC.PA,568.6267700195312,401455
2022-09-27 00:00:00+02:00,MC.PA,566.1903686523438,427226
2022-09-28 00:00:00+02:00,MC.PA,574.6241455078125,471935
2022-09-29 00:00:00+02:00,MC.PA,569.7512817382812,448908
2022-09-30 00:00:00+02:00,MC.PA,572.0003051757812,477030
2022-10-03 00:00:00+02:00,MC.PA,569.7512817382812,391198
2022-10-04 00:00:00+02:00,MC.PA,606.1103515625,574934
2022-10-05 00:00:00+02:00,MC.PA,597.2081298828125,386410
2022-10-06 00:00:00+02:00,MC.PA,595.146484375,227173
2022-10-07 00:00:00+02:00,MC.PA,579.3095703125,398908
2022-10-10 00:00:00+02:00,MC.PA,572.093994140625,332168
2022-10-11 00:00:00+02:00,MC.PA,572.093994140625,335449
2022-10-12 00:00:00+02:00,MC.PA,582.7769165039062,471430
2022-10-13 00:00:00+02:00,MC.PA,578.6536865234375,546414
2022-10-14 00:00:00+02:00,MC.PA,585.8692626953125,446629
2022-10-17 00:00:00+02:00,MC.PA,597.5829467773438,288699
2022-10-18 00:00:00+02:00,MC.PA,596.0835571289062,278773
2022-10-19 00:00:00+02:00,MC.PA,585.6818237304688,265234
2022-10-20 00:00:00+02:00,MC.PA,594.1156616210938,360047
2022-10-21 00:00:00+02:00,MC.PA,591.7728881835938,369381
2022-10-24 00:00:00+02:00,MC.PA,595.8961181640625,324512
2022-10-25 00:00:00+02:00,MC.PA,616.6057739257812,356513
2022-10-26 00:00:00+02:00,MC.PA,621.291259765625,383180
2022-10-27 00:00:00+02:00,MC.PA,614.1694946289062,417211
2022-10-28 00:00:00+02:00,MC.PA,608.453125,333069
2022-10-31 00:00:00+01:00,MC.PA,598.8010864257812,311885
2022-11-01 00:00:00+01:00,MC.PA,609.8588256835938,246959
2022-11-02 00:00:00+01:00,MC.PA,596.6458129882812,368720
2022-11-03 00:00:00+01:00,MC.PA,590.3672485351562,282102
2022-11-04 00:00:00+01:00,MC.PA,624.2901000976562,716225
2022-11-07 00:00:00+01:00,MC.PA,614.7316284179688,388944
2022-11-08 00:00:00+01:00,MC.PA,616.1372680664062,303787
2022-11-09 00:00:00+01:00,MC.PA,616.6057739257812,256498
2022-11-10 00:00:00+01:00,MC.PA,643.5941162109375,533108
2022-11-11 00:00:00+01:00,MC.PA,661.7735595703125,625109
2022-11-14 00:00:00+01:00,MC.PA,656.6196899414062,375821
2022-11-15 00:00:00+01:00,MC.PA,659.8994140625,307155
2022-11-16 00:00:00+01:00,MC.PA,654.6517333984375,367391
2022-11-17 00:00:00+01:00,MC.PA,652.9649658203125,324395
2022-11-18 00:00:00+01:00,MC.PA,654.2769165039062,553905
2022-11-21 00:00:00+01:00,MC.PA,655.3077392578125,302141
2022-11-22 00:00:00+01:00,MC.PA,653.9957275390625,281532
2022-11-23 00:00:00+01:00,MC.PA,657.7440795898438,231994
2022-11-24 00:00:00+01:00,MC.PA,658.0252685546875,245547
2022-11-25 00:00:00+01:00,MC.PA,656.151123046875,312997
2022-11-28 00:00:00+01:00,MC.PA,654.7454833984375,374156
2022-11-29 00:00:00+01:00,MC.PA,657.837890625,294301
2022-11-30 00:00:00+01:00,MC.PA,690.9171752929688,1688007
2022-12-01 00:00:00+01:00,MC.PA,680.2556762695312,392901
2022-12-02 00:00:00+01:00,MC.PA,674.8779296875,366917
2022-12-05 00:00:00+01:00,MC.PA,674.123046875,291430
2022-12-06 00:00:00+01:00,MC.PA,673.8400268554688,347705
2022-12-07 00:00:00+01:00,MC.PA,672.5191650390625,336309
2022-12-08 00:00:00+01:00,MC.PA,678.3687744140625,279248
2022-12-09 00:00:00+01:00,MC.PA,679.5952758789062,310103
2022-12-12 00:00:00+01:00,MC.PA,675.7269897460938,318952
2022-12-13 00:00:00+01:00,MC.PA,685.6336669921875,433319
2022-12-14 00:00:00+01:00,MC.PA,686.2940673828125,380723
2022-12-15 00:00:00+01:00,MC.PA,661.9520263671875,563990
2022-12-16 00:00:00+01:00,MC.PA,654.5928344726562,921702
2022-12-19 00:00:00+01:00,MC.PA,648.4601440429688,336655
2022-12-20 00:00:00+01:00,MC.PA,644.308837890625,355736
2022-12-21 00:00:00+01:00,MC.PA,652.4226684570312,352533
2022-12-22 00:00:00+01:00,MC.PA,645.3466796875,273558
2022-12-23 00:00:00+01:00,MC.PA,635.7230834960938,241292
2022-12-27 00:00:00+01:00,MC.PA,651.1962890625,249850
2022-12-28 00:00:00+01:00,MC.PA,647.7997436523438,196630
2022-12-29 00:00:00+01:00,MC.PA,657.1401977539062,198655
2022-12-30 00:00:00+01:00,MC.PA,641.4783325195312,272368
2023-01-02 00:00:00+01:00,MC.PA,654.8758544921875,194703
2023-01-03 00:00:00+01:00,MC.PA,663.0842895507812,316482
2023-01-04 00:00:00+01:00,MC.PA,696.2950439453125,570725
2023-01-05 00:00:00+01:00,MC.PA,687.2376098632812,327709
2023-01-06 00:00:00+01:00,MC.PA,706.4847412109375,318415
2023-01-09 00:00:00+01:00,MC.PA,716.6744995117188,486846
2023-01-10 00:00:00+01:00,MC.PA,713.5609130859375,327475
2023-01-11 00:00:00+01:00,MC.PA,728.65673828125,450736
2023-01-12 00:00:00+01:00,MC.PA,729.9776000976562,462249
2023-01-13 00:00:00+01:00,MC.PA,740.9220581054688,375528
2023-01-16 00:00:00+01:00,MC.PA,747.9039306640625,278890
2023-01-17 00:00:00+01:00,MC.PA,752.3383178710938,388436
2023-01-18 00:00:00+01:00,MC.PA,756.583984375,425156
2023-01-19 00:00:00+01:00,MC.PA,732.7138061523438,493048
2023-01-20 00:00:00+01:00,MC.PA,738.5632934570312,430218
2023-01-23 00:00:00+01:00,MC.PA,743.5637817382812,244069
2023-01-24 00:00:00+01:00,MC.PA,749.8851928710938,325598
2023-01-25 00:00:00+01:00,MC.PA,747.5264282226562,282357
2023-01-26 00:00:00+01:00,MC.PA,756.3009033203125,308282
2023-01-27 00:00:00+01:00,MC.PA,755.7349243164062,508869
2023-01-30 00:00:00+01:00,MC.PA,753.6592407226562,296812
2023-01-31 00:00:00+01:00,MC.PA,754.7913818359375,334681
2023-02-01 00:00:00+01:00,MC.PA,750.545654296875,292831
2023-02-02 00:00:00+01:00,MC.PA,763.377197265625,403666
2023-02-03 00:00:00+01:00,MC.PA,782.530029296875,505251
2023-02-06 00:00:00+01:00,MC.PA,768.18896484375,289604
2023-02-07 00:00:00+01:00,MC.PA,761.7732543945312,340198
2023-02-08 00:00:00+01:00,MC.PA,754.8856811523438,319321
2023-02-09 00:00:00+01:00,MC.PA,763.4714965820312,275408
2023-02-10 00:00:00+01:00,MC.PA,752.5269165039062,395687
2023-02-13 00:00:00+01:00,MC.PA,764.5093383789062,244265
2023-02-14 00:00:00+01:00,MC.PA,764.697998046875,263811
2023-02-15 00:00:00+01:00,MC.PA,776.1142578125,378844
2023-02-16 00:00:00+01:00,MC.PA,776.7747192382812,314812
2023-02-17 00:00:00+01:00,MC.PA,772.151611328125,439757
2023-02-20 00:00:00+01:00,MC.PA,767.622802734375,168536
2023-02-21 00:00:00+01:00,MC.PA,763.1884155273438,264826
2023-02-22 00:00:00+01:00,MC.PA,763.7545776367188,289482
2023-02-23 00:00:00+01:00,MC.PA,763.2828369140625,273432
2023-02-24 00:00:00+01:00,MC.PA,733.3741455078125,839007
2023-02-27 00:00:00+01:00,MC.PA,749.8851928710938,312317
2023-02-28 00:00:00+01:00,MC.PA,744.4130249023438,440118
2023-03-01 00:00:00+01:00,MC.PA,747.4321899414062,379198
2023-03-02 00:00:00+01:00,MC.PA,758.8484497070312,350482
2023-03-03 00:00:00+01:00,MC.PA,769.0380249023438,302048
2023-03-06 00:00:00+01:00,MC.PA,778.378662109375,333821
2023-03-07 00:00:00+01:00,MC.PA,769.9815673828125,307546
2023-03-08 00:00:00+01:00,MC.PA,764.603759765625,306714
2023-03-09 00:00:00+01:00,MC.PA,759.6975708007812,305905
2023-03-10 00:00:00+01:00,MC.PA,757.2444458007812,424800
2023-03-13 00:00:00+01:00,MC.PA,737.5255737304688,656071
2023-03-14 00:00:00+01:00,MC.PA,755.2631225585938,471562
2023-03-15 00:00:00+01:00,MC.PA,730.921142578125,658997
2023-03-16 00:00:00+01:00,MC.PA,756.395263671875,600374
2023-03-17 00:00:00+01:00,MC.PA,742.8090209960938,932225
2023-03-20 00:00:00+01:00,MC.PA,759.0370483398438,447024
2023-03-21 00:00:00+01:00,MC.PA,761.1127319335938,294749
2023-03-22 00:00:00+01:00,MC.PA,768.849365234375,256456
2023-03-23 00:00:00+01:00,MC.PA,774.4158935546875,277171
2023-03-24 00:00:00+01:00,MC.PA,767.4342041015625,375369
2023-03-27 00:00:00+02:00,MC.PA,770.8307495117188,307155
2023-03-28 00:00:00+02:00,MC.PA,768.18896484375,331452
2023-03-29 00:00:00+02:00,MC.PA,775.548095703125,399785
2023-03-30 00:00:00+02:00,MC.PA,780.265625,335213
2023-03-31 00:00:00+02:00,MC.PA,796.682373046875,482929
2023-04-03 00:00:00+02:00,MC.PA,796.3992919921875,263789
2023-04-04 00:00:00+02:00,MC.PA,802.9093627929688,298342
2023-04-05 00:00:00+02:00,MC.PA,796.8709106445312,337453
2023-04-06 00:00:00+02:00,MC.PA,782.2468872070312,369459
2023-04-11 00:00:00+02:00,MC.PA,793.19140625,386327
2023-04-12 00:00:00+02:00,MC.PA,789.3230590820312,355214
2023-04-13 00:00:00+02:00,MC.PA,833.9501342773438,567492
2023-04-14 00:00:00+02:00,MC.PA,842.3472290039062,390098
2023-04-17 00:00:00+02:00,MC.PA,824.232177734375,411960
2023-04-18 00:00:00+02:00,MC.PA,827.9118041992188,337609
2023-04-19 00:00:00+02:00,MC.PA,834.9879760742188,234283
2023-04-20 00:00:00+02:00,MC.PA,845.838134765625,372465
2023-04-21 00:00:00+02:00,MC.PA,850.1781005859375,409312
2023-04-24 00:00:00+02:00,MC.PA,851.0272827148438,319706
2023-04-25 00:00:00+02:00,MC.PA,845.7024536132812,287091
2023-04-26 00:00:00+02:00,MC.PA,832.3903198242188,426044
2023-04-27 00:00:00+02:00,MC.PA,834.0067138671875,301676
2023-04-28 00:00:00+02:00,MC.PA,828.2064208984375,460819
2023-05-02 00:00:00+02:00,MC.PA,826.0194091796875,351365
2023-05-03 00:00:00+02:00,MC.PA,836.0035400390625,256993
2023-05-04 00:00:00+02:00,MC.PA,830.7737426757812,323073
2023-05-05 00:00:00+02:00,MC.PA,833.8165893554688,320258
2023-05-08 00:00:00+02:00,MC.PA,841.0431518554688,211356
2023-05-09 00:00:00+02:00,MC.PA,837.1446533203125,270905
2023-05-10 00:00:00+02:00,MC.PA,829.442626953125,272477
2023-05-11 00:00:00+02:00,MC.PA,843.9909057617188,280895
2023-05-12 00:00:00+02:00,MC.PA,841.89892578125,341785
2023-05-15 00:00:00+02:00,MC.PA,837.8102416992188,213429
2023-05-16 00:00:00+02:00,MC.PA,832.9607543945312,279007
2023-05-17 00:00:00+02:00,MC.PA,831.4393920898438,237058
2023-05-18 00:00:00+02:00,MC.PA,829.6327514648438,270438
2023-05-19 00:00:00+02:00,MC.PA,831.34423828125,322885
2023-05-22 00:00:00+02:00,MC.PA,835.0526733398438,259639
2023-05-23 00:00:00+02:00,MC.PA,793.2145385742188,548567
2023-05-24 00:00:00+02:00,MC.PA,776.9545288085938,580209
2023-05-25 00:00:00+02:00,MC.PA,782.945068359375,451526
2023-05-26 00:00:00+02:00,MC.PA,802.0575561523438,402885
2023-05-29 00:00:00+02:00,MC.PA,798.7294311523438,170807
2023-05-30 00:00:00+02:00,MC.PA,794.926025390625,350267
2023-05-31 00:00:00+02:00,MC.PA,773.911865234375,859625
2023-06-01 00:00:00+02:00,MC.PA,766.2098388671875,437556
2023-06-02 00:00:00+02:00,MC.PA,790.0765991210938,407227
2023-06-05 00:00:00+02:00,MC.PA,774.0069580078125,304374
2023-06-06 00:00:00+02:00,MC.PA,772.3904418945312,337035
2023-06-07 00:00:00+02:00,MC.PA,772.770751953125,252880
2023-06-08 00:00:00+02:00,MC.PA,777.8104248046875,185796
2023-06-09 00:00:00+02:00,MC.PA,779.712158203125,236130
2023-06-12 00:00:00+02:00,MC.PA,793.7850952148438,262387
2023-06-13 00:00:00+02:00,MC.PA,800.5361938476562,292795
2023-06-14 00:00:00+02:00,MC.PA,808.23828125,277579
2023-06-15 00:00:00+02:00,MC.PA,802.2477416992188,243104
2023-06-16 00:00:00+02:00,MC.PA,825.92431640625,1017309
2023-06-19 00:00:00+02:00,MC.PA,811.47119140625,240093
2023-06-20 00:00:00+02:00,MC.PA,804.4347534179688,254296
2023-06-21 00:00:00+02:00,MC.PA,797.1130981445312,292774
2023-06-22 00:00:00+02:00,MC.PA,797.9688720703125,254059
2023-06-23 00:00:00+02:00,MC.PA,789.3159790039062,333101
2023-06-26 00:00:00+02:00,MC.PA,793.97509765625,228317
2023-06-27 00:00:00+02:00,MC.PA,798.3491821289062,225272
2023-06-28 00:00:00+02:00,MC.PA,807.9529418945312,233766
2023-06-29 00:00:00+02:00,MC.PA,812.9926147460938,225721
2023-06-30 00:00:00+02:00,MC.PA,820.5994873046875,457169
2023-07-03 00:00:00+02:00,MC.PA,812.8974609375,213569
2023-07-04 00:00:00+02:00,MC.PA,814.6090087890625,109863
2023-07-05 00:00:00+02:00,MC.PA,805.861083984375,299439
2023-07-06 00:00:00+02:00,MC.PA,775.90869140625,444684
2023-07-07 00:00:00+02:00,MC.PA,784.846923828125,380704
2023-07-10 00:00:00+02:00,MC.PA,790.0765991210938,219972
2023-07-11 00:00:00+02:00,MC.PA,807.5725708007812,295807
2023-07-12 00:00:00+02:00,MC.PA,824.1177368164062,323888
2023-07-13 00:00:00+02:00,MC.PA,834.1968994140625,324073
2023-07-14 00:00:00+02:00,MC.PA,848.4599609375,301762
2023-07-17 00:00:00+02:00,MC.PA,816.7959594726562,358674
2023-07-18 00:00:00+02:00,MC.PA,817.0812377929688,226764
2023-07-19 00:00:00+02:00,MC.PA,808.6185913085938,295475
2023-07-20 00:00:00+02:00,MC.PA,812.0416870117188,324118
2023-07-21 00:00:00+02:00,MC.PA,825.2588500976562,280046
2023-07-24 00:00:00+02:00,MC.PA,815.46484375,205344
2023-07-25 00:00:00+02:00,MC.PA,812.0416870117188,262867
2023-07-26 00:00:00+02:00,MC.PA,770.2034912109375,751898
2023-07-27 00:00:00+02:00,MC.PA,799.0147705078125,486260
2023-07-28 00:00:00+02:00,MC.PA,799.87060546875,372986
2023-07-31 00:00:00+02:00,MC.PA,806.4315185546875,344979
2023-08-01 00:00:00+02:00,MC.PA,788.2699584960938,273202
2023-08-02 00:00:00+02:00,MC.PA,773.531494140625,416321
2023-08-03 00:00:00+02:00,MC.PA,771.3444213867188,312193
2023-08-04 00:00:00+02:00,MC.PA,775.90869140625,251650
2023-08-07 00:00:00+02:00,MC.PA,777.2398681640625,154744
2023-08-08 00:00:00+02:00,MC.PA,767.5410766601562,289837
2023-08-09 00:00:00+02:00,MC.PA,767.350830078125,247800
2023-08-10 00:00:00+02:00,MC.PA,793.6900024414062,360999
2023-08-11 00:00:00+02:00,MC.PA,780.092529296875,225266
2023-08-14 00:00:00+02:00,MC.PA,776.0988159179688,219533
2023-08-15 00:00:00+02:00,MC.PA,764.5933227539062,270647
2023-08-16 00:00:00+02:00,MC.PA,763.4523315429688,224335
2023-08-17 00:00:00+02:00,MC.PA,746.52685546875,421390
2023-08-18 00:00:00+02:00,MC.PA,738.729736328125,490088
2023-08-21 00:00:00+02:00,MC.PA,745.3858642578125,283048
2023-08-22 00:00:00+02:00,MC.PA,751.3763427734375,286404
2023-08-23 00:00:00+02:00,MC.PA,751.5664672851562,218009
2023-08-24 00:00:00+02:00,MC.PA,745.1956176757812,228144
2023-08-25 00:00:00+02:00,MC.PA,746.7169799804688,215140
2023-08-28 00:00:00+02:00,MC.PA,759.2684326171875,241609
2023-08-29 00:00:00+02:00,MC.PA,770.2034912109375,265269
2023-08-30 00:00:00+02:00,MC.PA,764.498291015625,280091
2023-08-31 00:00:00+02:00,MC.PA,743.7693481445312,593584
2023-09-01 00:00:00+02:00,MC.PA,737.6837768554688,404239
2023-09-04 00:00:00+02:00,MC.PA,734.6409301757812,172252
2023-09-05 00:00:00+02:00,MC.PA,721.8042602539062,389606
2023-09-06 00:00:00+02:00,MC.PA,695.560302734375,699773
2023-09-07 00:00:00+02:00,MC.PA,688.5238647460938,504991
2023-09-08 00:00:00+02:00,MC.PA,703.642578125,489542
2023-09-11 00:00:00+02:00,MC.PA,705.734619140625,301258
2023-09-12 00:00:00+02:00,MC.PA,698.3178100585938,259306
2023-09-13 00:00:00+02:00,MC.PA,693.753662109375,367484
2023-09-14 00:00:00+02:00,MC.PA,706.1148681640625,551528
2023-09-15 00:00:00+02:00,MC.PA,723.8010864257812,1180906
2023-09-18 00:00:00+02:00,MC.PA,706.0198364257812,330109
2023-09-19 00:00:00+02:00,MC.PA,700.5999145507812,279403
2023-09-20 00:00:00+02:00,MC.PA,700.5048217773438,332191
2023-09-21 00:00:00+02:00,MC.PA,693.4683227539062,380318
2023-09-22 00:00:00+02:00,MC.PA,696.3209228515625,349467
2023-09-25 00:00:00+02:00,MC.PA,678.2544555664062,470987
2023-09-26 00:00:00+02:00,MC.PA,668.4605102539062,515396
2023-09-27 00:00:00+02:00,MC.PA,664.3718872070312,354047
2023-09-28 00:00:00+02:00,MC.PA,671.3131713867188,377885
2023-09-29 00:00:00+02:00,MC.PA,681.2022094726562,546642
2023-10-02 00:00:00+02:00,MC.PA,679.7759399414062,308586
2023-10-03 00:00:00+02:00,MC.PA,670.6475219726562,319819
2023-10-04 00:00:00+02:00,MC.PA,677.4937744140625,323333
2023-10-05 00:00:00+02:00,MC.PA,685.1957397460938,330234
2023-10-06 00:00:00+02:00,MC.PA,693.8487548828125,392760
2023-10-09 00:00:00+02:00,MC.PA,675.7822265625,370296
2023-10-10 00:00:00+02:00,MC.PA,697.4620361328125,499891
2023-10-11 00:00:00+02:00,MC.PA,652.3908081054688,1544205
2023-10-12 00:00:00+02:00,MC.PA,641.8362426757812,628130
2023-10-13 00:00:00+02:00,MC.PA,628.1437377929688,442278
2023-10-16 00:00:00+02:00,MC.PA,634.3243408203125,381824
2023-10-17 00:00:00+02:00,MC.PA,635.5604858398438,319434
2023-10-18 00:00:00+02:00,MC.PA,634.8948364257812,350645
2023-10-19 00:00:00+02:00,MC.PA,637.6524047851562,364426
2023-10-20 00:00:00+02:00,MC.PA,631.3766479492188,427190
2023-10-23 00:00:00+02:00,MC.PA,636.511474609375,294529
2023-10-24 00:00:00+02:00,MC.PA,647.5413818359375,389751
2023-10-25 00:00:00+02:00,MC.PA,645.7348022460938,367371
2023-10-26 00:00:00+02:00,MC.PA,635.5604858398438,314944
2023-10-27 00:00:00+02:00,MC.PA,628.9044189453125,331043
2023-10-30 00:00:00+01:00,MC.PA,638.0327758789062,238715
2023-10-31 00:00:00+01:00,MC.PA,641.36083984375,349214
2023-11-01 00:00:00+01:00,MC.PA,642.1214599609375,244374
2023-11-02 00:00:00+01:00,MC.PA,666.6538696289062,434576
2023-11-03 00:00:00+01:00,MC.PA,668.2703247070312,323785
2023-11-06 00:00:00+01:00,MC.PA,662.945556640625,273395
2023-11-07 00:00:00+01:00,MC.PA,663.2308349609375,255096
2023-11-08 00:00:00+01:00,MC.PA,668.93603515625,327672
2023-11-09 00:00:00+01:00,MC.PA,679.3004760742188,351238
2023-11-10 00:00:00+01:00,MC.PA,653.3416748046875,518915
2023-11-13 00:00:00+01:00,MC.PA,654.6729736328125,286839
2023-11-14 00:00:00+01:00,MC.PA,672.1689453125,458565
2023-11-15 00:00:00+01:00,MC.PA,683.6744995117188,419937
2023-11-16 00:00:00+01:00,MC.PA,671.408203125,427139
2023-11-17 00:00:00+01:00,MC.PA,676.6380004882812,398176
2023-11-20 00:00:00+01:00,MC.PA,682.4383544921875,277032
2023-11-21 00:00:00+01:00,MC.PA,669.5064697265625,321471
2023-11-22 00:00:00+01:00,MC.PA,677.3035888671875,253674
2023-11-23 00:00:00+01:00,MC.PA,676.6380004882812,150123
2023-11-24 00:00:00+01:00,MC.PA,672.1689453125,231022
2023-11-27 00:00:00+01:00,MC.PA,663.0405883789062,294670
2023-11-28 00:00:00+01:00,MC.PA,650.8694458007812,478189
2023-11-29 00:00:00+01:00,MC.PA,656.57470703125,292643
2023-11-30 00:00:00+01:00,MC.PA,668.1752319335938,1013823
2023-12-01 00:00:00+01:00,MC.PA,664.8472290039062,384902
2023-12-04 00:00:00+01:00,MC.PA,669.6393432617188,246110
2023-12-05 00:00:00+01:00,MC.PA,683.5362548828125,386508
2023-12-06 00:00:00+01:00,MC.PA,688.7116088867188,351158
2023-12-07 00:00:00+01:00,MC.PA,685.8363647460938,279958
2023-12-08 00:00:00+01:00,MC.PA,708.3589477539062,572988
2023-12-11 00:00:00+01:00,MC.PA,709.2214965820312,368183
2023-12-12 00:00:00+01:00,MC.PA,703.0877075195312,322591
2023-12-13 00:00:00+01:00,MC.PA,703.9502563476562,408010
2023-12-14 00:00:00+01:00,MC.PA,715.7386474609375,477648
2023-12-15 00:00:00+01:00,MC.PA,717.2721557617188,822557
2023-12-18 00:00:00+01:00,MC.PA,710.9466552734375,272780
2023-12-19 00:00:00+01:00,MC.PA,714.4927368164062,311605
2023-12-20 00:00:00+01:00,MC.PA,715.8345336914062,272127
2023-12-21 00:00:00+01:00,MC.PA,712.4801635742188,246163
2023-12-22 00:00:00+01:00,MC.PA,707.0172119140625,290012
2023-12-27 00:00:00+01:00,MC.PA,704.8128662109375,185900
2023-12-28 00:00:00+01:00,MC.PA,700.5958251953125,162422
2023-12-29 00:00:00+01:00,MC.PA,703.0877075195312,139158
2024-01-02 00:00:00+01:00,MC.PA,692.9285278320312,271775
2024-01-03 00:00:00+01:00,MC.PA,666.4765625,422816
2024-01-04 00:00:00+01:00,MC.PA,668.7766723632812,307568
2024-01-05 00:00:00+01:00,MC.PA,660.2468872070312,346418
2024-01-08 00:00:00+01:00,MC.PA,662.5470581054688,337785
2024-01-09 00:00:00+01:00,MC.PA,652.3880004882812,316477
2024-01-10 00:00:00+01:00,MC.PA,654.59228515625,330019
2024-01-11 00:00:00+01:00,MC.PA,644.2415161132812,401115
2024-01-12 00:00:00+01:00,MC.PA,642.0371704101562,518369
2024-01-15 00:00:00+01:00,MC.PA,641.3662719726562,237797
2024-01-16 00:00:00+01:00,MC.PA,638.5868530273438,302654
2024-01-17 00:00:00+01:00,MC.PA,620.4730224609375,512431
2024-01-18 00:00:00+01:00,MC.PA,635.8074951171875,625730
2024-01-19 00:00:00+01:00,MC.PA,631.973876953125,341063
2024-01-22 00:00:00+01:00,MC.PA,635.3283081054688,307905
2024-01-23 00:00:00+01:00,MC.PA,642.5164184570312,346518
2024-01-24 00:00:00+01:00,MC.PA,654.9757080078125,525671
2024-01-25 00:00:00+01:00,MC.PA,656.7965698242188,388550
2024-01-26 00:00:00+01:00,MC.PA,740.9447631835938,1519188
2024-01-29 00:00:00+01:00,MC.PA,744.0117797851562,489398
2024-01-30 00:00:00+01:00,MC.PA,749.474609375,353778
2024-01-31 00:00:00+01:00,MC.PA,741.4239501953125,460942
2024-02-01 00:00:00+01:00,MC.PA,738.5487670898438,264135
2024-02-02 00:00:00+01:00,MC.PA,745.7367553710938,337368
2024-02-05 00:00:00+01:00,MC.PA,748.2286987304688,259307
2024-02-06 00:00:00+01:00,MC.PA,747.07861328125,220386
2024-02-07 00:00:00+01:00,MC.PA,751.4872436523438,324975
2024-02-08 00:00:00+01:00,MC.PA,771.0387573242188,487589
2024-02-09 00:00:00+01:00,MC.PA,773.9140014648438,362765
2024-02-12 00:00:00+01:00,MC.PA,787.7151489257812,371867
2024-02-13 00:00:00+01:00,MC.PA,767.49267578125,333391
2024-02-14 00:00:00+01:00,MC.PA,769.2177734375,208942
2024-02-15 00:00:00+01:00,MC.PA,781.6771240234375,305395
2024-02-16 00:00:00+01:00,MC.PA,781.8687744140625,387495
2024-02-19 00:00:00+01:00,MC.PA,787.7151489257812,141478
2024-02-20 00:00:00+01:00,MC.PA,786.0858154296875,199095
2024-02-21 00:00:00+01:00,MC.PA,787.4275512695312,209929
2024-02-22 00:00:00+01:00,MC.PA,805.4456176757812,392244
2024-02-23 00:00:00+01:00,MC.PA,814.7421264648438,329686
2024-02-26 00:00:00+01:00,MC.PA,807.1707763671875,236443
2024-02-27 00:00:00+01:00,MC.PA,815.0296630859375,253401
2024-02-28 00:00:00+01:00,MC.PA,812.4419555664062,183244
2024-02-29 00:00:00+01:00,MC.PA,807.7457885742188,534253
2024-03-01 00:00:00+01:00,MC.PA,811.196044921875,233276
2024-03-04 00:00:00+01:00,MC.PA,804.8705444335938,190896
2024-03-05 00:00:00+01:00,MC.PA,794.6156616210938,190990
2024-03-06 00:00:00+01:00,MC.PA,797.969970703125,212634
2024-03-07 00:00:00+01:00,MC.PA,804.8705444335938,277910
2024-03-08 00:00:00+01:00,MC.PA,809.7584838867188,228912
2024-03-11 00:00:00+01:00,MC.PA,815.0296630859375,203515
2024-03-12 00:00:00+01:00,MC.PA,823.27197265625,297304
2024-03-13 00:00:00+01:00,MC.PA,831.1309814453125,302204
2024-03-14 00:00:00+01:00,MC.PA,836.498046875,321508
2024-03-15 00:00:00+01:00,MC.PA,826.4347534179688,800577
2024-03-18 00:00:00+01:00,MC.PA,822.409423828125,159251
2024-03-19 00:00:00+01:00,MC.PA,824.422119140625,234362
2024-03-20 00:00:00+01:00,MC.PA,811.00439453125,366591
2024-03-21 00:00:00+01:00,MC.PA,812.6336669921875,312507
2024-03-22 00:00:00+01:00,MC.PA,794.1363525390625,368170
2024-03-25 00:00:00+01:00,MC.PA,791.1653442382812,307087
2024-03-26 00:00:00+01:00,MC.PA,787.6192626953125,362907
2024-03-27 00:00:00+01:00,MC.PA,795.765625,290229
2024-03-28 00:00:00+01:00,MC.PA,799.0242919921875,456534
2024-04-02 00:00:00+02:00,MC.PA,787.6192626953125,383110
2024-04-03 00:00:00+02:00,MC.PA,782.0604248046875,360199
2024-04-04 00:00:00+02:00,MC.PA,785.3191528320312,218756
2024-04-05 00:00:00+02:00,MC.PA,766.5342407226562,419609
2024-04-08 00:00:00+02:00,MC.PA,773.7222900390625,245195
2024-04-09 00:00:00+02:00,MC.PA,762.1256713867188,244279
2024-04-10 00:00:00+02:00,MC.PA,760.01708984375,262823
2024-04-11 00:00:00+02:00,MC.PA,757.62109375,231588
2024-04-12 00:00:00+02:00,MC.PA,748.7079467773438,285370
2024-04-15 00:00:00+02:00,MC.PA,761.7422485351562,344661
2024-04-16 00:00:00+02:00,MC.PA,749.282958984375,345405
2024-04-17 00:00:00+02:00,MC.PA,770.5596313476562,504860
2024-04-18 00:00:00+02:00,MC.PA,763.6589965820312,300881
2024-04-19 00:00:00+02:00,MC.PA,763.4674072265625,348245
2024-04-22 00:00:00+02:00,MC.PA,763.6589965820312,195796
2024-04-23 00:00:00+02:00,MC.PA,773.6244506835938,230251
2024-04-24 00:00:00+02:00,MC.PA,774.2050170898438,242086
2024-04-25 00:00:00+02:00,MC.PA,752.7261352539062,312597
2024-04-26 00:00:00+02:00,MC.PA,766.46484375,230329
2024-04-29 00:00:00+02:00,MC.PA,753.8871459960938,228207
2024-04-30 00:00:00+02:00,MC.PA,749.2431030273438,316018
2024-05-02 00:00:00+02:00,MC.PA,742.08349609375,233167
2024-05-03 00:00:00+02:00,MC.PA,756.59619140625,232682
2024-05-06 00:00:00+02:00,MC.PA,756.3059692382812,131557
2024-05-07 00:00:00+02:00,MC.PA,763.7557983398438,215579
2024-05-08 00:00:00+02:00,MC.PA,762.3045043945312,204110
2024-05-09 00:00:00+02:00,MC.PA,763.3688354492188,150180
2024-05-10 00:00:00+02:00,MC.PA,762.7882690429688,303924
2024-05-13 00:00:00+02:00,MC.PA,757.1766967773438,167046
2024-05-14 00:00:00+02:00,MC.PA,766.1746215820312,196008
2024-05-15 00:00:00+02:00,MC.PA,763.3688354492188,288308
2024-05-16 00:00:00+02:00,MC.PA,760.4662475585938,199466
2024-05-17 00:00:00+02:00,MC.PA,757.7572021484375,337814
2024-05-20 00:00:00+02:00,MC.PA,753.7903442382812,139035
2024-05-21 00:00:00+02:00,MC.PA,743.147705078125,289755
2024-05-22 00:00:00+02:00,MC.PA,727.4740600585938,384139
2024-05-23 00:00:00+02:00,MC.PA,728.3447875976562,233402
2024-05-24 00:00:00+02:00,MC.PA,725.6357421875,250821
2024-05-27 00:00:00+02:00,MC.PA,731.6343383789062,137570
2024-05-28 00:00:00+02:00,MC.PA,721.1851806640625,260605
2024-05-29 00:00:00+02:00,MC.PA,700.6739501953125,531558
2024-05-30 00:00:00+02:00,MC.PA,710.5425415039062,293903
2024-05-31 00:00:00+02:00,MC.PA,711.0262451171875,556189
2024-06-03 00:00:00+02:00,MC.PA,714.0255737304688,220908
2024-06-04 00:00:00+02:00,MC.PA,711.1229858398438,239063
2024-06-05 00:00:00+02:00,MC.PA,728.1512451171875,282633
2024-06-06 00:00:00+02:00,MC.PA,737.9232177734375,348718
2024-06-07 00:00:00+02:00,MC.PA,737.7296752929688,334398
2024-06-10 00:00:00+02:00,MC.PA,722.055908203125,349551
2024-06-11 00:00:00+02:00,MC.PA,712.6710205078125,436146
2024-06-12 00:00:00+02:00,MC.PA,711.5100708007812,356415
2024-06-13 00:00:00+02:00,MC.PA,707.7367553710938,317043
2024-06-14 00:00:00+02:00,MC.PA,688.2897338867188,617570
2024-06-17 00:00:00+02:00,MC.PA,694.0947875976562,349463
2024-06-18 00:00:00+02:00,MC.PA,687.0319213867188,322705
2024-06-19 00:00:00+02:00,MC.PA,684.0325927734375,302306
2024-06-20 00:00:00+02:00,MC.PA,690.418212890625,375045
2024-06-21 00:00:00+02:00,MC.PA,693.9979858398438,902570
2024-06-24 00:00:00+02:00,MC.PA,702.899169921875,262912
2024-06-25 00:00:00+02:00,MC.PA,712.8645629882812,315702
2024-06-26 00:00:00+02:00,MC.PA,703.3828735351562,314903
2024-06-27 00:00:00+02:00,MC.PA,692.2564697265625,288905
2024-06-28 00:00:00+02:00,MC.PA,690.418212890625,397918
2024-07-01 00:00:00+02:00,MC.PA,688.8701782226562,302616
2024-07-02 00:00:00+02:00,MC.PA,686.5481567382812,270194
2024-07-03 00:00:00+02:00,MC.PA,691.5792236328125,323582
2024-07-04 00:00:00+02:00,MC.PA,696.4168090820312,177633
2024-07-05 00:00:00+02:00,MC.PA,693.1272583007812,172452
2024-07-08 00:00:00+02:00,MC.PA,673.0997314453125,475097
2024-07-09 00:00:00+02:00,MC.PA,664.5855712890625,472423
2024-07-10 00:00:00+02:00,MC.PA,674.9379272460938,328745
2024-07-11 00:00:00+02:00,MC.PA,686.9351806640625,304957
2024-07-12 00:00:00+02:00,MC.PA,701.25439453125,319569
2024-07-15 00:00:00+02:00,MC.PA,682.6781005859375,268855
2024-07-16 00:00:00+02:00,MC.PA,669.6166381835938,301037
2024-07-17 00:00:00+02:00,MC.PA,667.7783813476562,411556
2024-07-18 00:00:00+02:00,MC.PA,667.8751220703125,297447
2024-07-19 00:00:00+02:00,MC.PA,657.7161865234375,531464
2024-07-22 00:00:00+02:00,MC.PA,669.6166381835938,300825
2024-07-23 00:00:00+02:00,MC.PA,669.1328735351562,278780
2024-07-24 00:00:00+02:00,MC.PA,637.9789428710938,884635
2024-07-25 00:00:00+02:00,MC.PA,631.3998413085938,454726
2024-07-26 00:00:00+02:00,MC.PA,641.5587158203125,354343
2024-07-29 00:00:00+02:00,MC.PA,633.431640625,285420
2024-07-30 00:00:00+02:00,MC.PA,631.2063598632812,373851
2024-07-31 00:00:00+02:00,MC.PA,631.786865234375,521957
2024-08-01 00:00:00+02:00,MC.PA,621.1442260742188,501010
2024-08-02 00:00:00+02:00,MC.PA,610.0177612304688,523366
2024-08-05 00:00:00+02:00,MC.PA,604.0192260742188,724542
2024-08-06 00:00:00+02:00,MC.PA,601.6972045898438,421207
2024-08-07 00:00:00+02:00,MC.PA,610.8885498046875,365579
2024-08-08 00:00:00+02:00,MC.PA,612.726806640625,282647
2024-08-09 00:00:00+02:00,MC.PA,615.339111328125,256475
2024-08-12 00:00:00+02:00,MC.PA,614.4683227539062,260891
2024-08-13 00:00:00+02:00,MC.PA,613.5975341796875,247798
2024-08-14 00:00:00+02:00,MC.PA,623.272705078125,385129
2024-08-15 00:00:00+02:00,MC.PA,634.6893920898438,317095
2024-08-16 00:00:00+02:00,MC.PA,636.7210693359375,293393
2024-08-19 00:00:00+02:00,MC.PA,652.5884399414062,372040
2024-08-20 00:00:00+02:00,MC.PA,655.7811889648438,282425
2024-08-21 00:00:00+02:00,MC.PA,656.7487182617188,233343
2024-08-22 00:00:00+02:00,MC.PA,655.9747314453125,201641
2024-08-23 00:00:00+02:00,MC.PA,658.9739990234375,263102
2024-08-26 00:00:00+02:00,MC.PA,659.8447875976562,144375
2024-08-27 00:00:00+02:00,MC.PA,648.0410766601562,293654
2024-08-28 00:00:00+02:00,MC.PA,644.5580444335938,282346
2024-08-29 00:00:00+02:00,MC.PA,655.3941650390625,267209
2024-08-30 00:00:00+02:00,MC.PA,652.3948974609375,410037
2024-09-02 00:00:00+02:00,MC.PA,651.3306274414062,212577
2024-09-03 00:00:00+02:00,MC.PA,649.1053466796875,250244
2024-09-04 00:00:00+02:00,MC.PA,621.7247314453125,577522
2024-09-05 00:00:00+02:00,MC.PA,599.0848999023438,745288
2024-09-06 00:00:00+02:00,MC.PA,592.1187744140625,546371
2024-09-09 00:00:00+02:00,MC.PA,596.1823120117188,402861
2024-09-10 00:00:00+02:00,MC.PA,592.5057983398438,324128
2024-09-11 00:00:00+02:00,MC.PA,587.2811889648438,453877
2024-09-12 00:00:00+02:00,MC.PA,587.0877075195312,438724
2024-09-13 00:00:00+02:00,MC.PA,588.345458984375,545500
2024-09-16 00:00:00+02:00,MC.PA,583.9916381835938,338885
2024-09-17 00:00:00+02:00,MC.PA,587.9584350585938,519693
2024-09-18 00:00:00+02:00,MC.PA,576.541748046875,674035
2024-09-19 00:00:00+02:00,MC.PA,594.0537719726562,488717
2024-09-20 00:00:00+02:00,MC.PA,572.6717529296875,1100069
2024-09-23 00:00:00+02:00,MC.PA,575.7677612304688,488038
2024-09-24 00:00:00+02:00,MC.PA,594.1505126953125,615136
2024-09-25 00:00:00+02:00,MC.PA,597.4400634765625,356730
2024-09-26 00:00:00+02:00,MC.PA,656.4584350585938,1241572
2024-09-27 00:00:00+02:00,MC.PA,680.5496215820312,1037670
2024-09-30 00:00:00+02:00,MC.PA,666.1336059570312,653733
2024-10-01 00:00:00+02:00,MC.PA,642.4295043945312,602354
2024-10-02 00:00:00+02:00,MC.PA,646.6865844726562,404963
2024-10-03 00:00:00+02:00,MC.PA,639.5269775390625,338628
2024-10-04 00:00:00+02:00,MC.PA,640.3977661132812,468425
2024-10-07 00:00:00+02:00,MC.PA,657.7161865234375,549344
2024-10-08 00:00:00+02:00,MC.PA,634.2056884765625,503394
2024-10-09 00:00:00+02:00,MC.PA,635.076416015625,360690
2024-10-10 00:00:00+02:00,MC.PA,633.7218627929688,374144
2024-10-11 00:00:00+02:00,MC.PA,631.8836059570312,344991
2024-10-14 00:00:00+02:00,MC.PA,617.0806274414062,569992
2024-10-15 00:00:00+02:00,MC.PA,605.0834350585938,638849
2024-10-16 00:00:00+02:00,MC.PA,582.8306274414062,1140718
2024-10-17 00:00:00+02:00,MC.PA,589.603271484375,448798
2024-10-18 00:00:00+02:00,MC.PA,602.9549560546875,593408
2024-10-21 00:00:00+02:00,MC.PA,591.1512451171875,343944
2024-10-22 00:00:00+02:00,MC.PA,595.9888305664062,317511
2024-10-23 00:00:00+02:00,MC.PA,593.666748046875,277957
2024-10-24 00:00:00+02:00,MC.PA,608.2763061523438,517019
2024-10-25 00:00:00+02:00,MC.PA,606.6314697265625,320113
2024-10-28 00:00:00+01:00,MC.PA,611.5657958984375,339359
2024-10-29 00:00:00+01:00,MC.PA,610.40478515625,361684
2024-10-30 00:00:00+01:00,MC.PA,598.0205688476562,536640
2024-10-31 00:00:00+01:00,MC.PA,589.990234375,525312
2024-11-01 00:00:00+01:00,MC.PA,591.1512451171875,263325
2024-11-04 00:00:00+01:00,MC.PA,586.990966796875,239750
2024-11-05 00:00:00+01:00,MC.PA,583.0241088867188,310746
2024-11-06 00:00:00+01:00,MC.PA,583.5078735351562,508054
2024-11-07 00:00:00+01:00,MC.PA,598.891357421875,461210
2024-11-08 00:00:00+01:00,MC.PA,578.9605712890625,645633
2024-11-11 00:00:00+01:00,MC.PA,580.02490234375,386814
2024-11-12 00:00:00+01:00,MC.PA,553.80517578125,962644
2024-11-13 00:00:00+01:00,MC.PA,555.3532104492188,550029
2024-11-14 00:00:00+01:00,MC.PA,565.4154052734375,590102
2024-11-15 00:00:00+01:00,MC.PA,567.2536010742188,370430
2024-11-18 00:00:00+01:00,MC.PA,569.4788818359375,288165
2024-11-19 00:00:00+01:00,MC.PA,558.5459594726562,501362
2024-11-20 00:00:00+01:00,MC.PA,556.7078247070312,301138
2024-11-21 00:00:00+01:00,MC.PA,556.2239990234375,361231
2024-11-22 00:00:00+01:00,MC.PA,564.0608520507812,412214
2024-11-25 00:00:00+01:00,MC.PA,573.252197265625,617916
2024-11-26 00:00:00+01:00,MC.PA,576.6384887695312,379593
2024-11-27 00:00:00+01:00,MC.PA,570.93017578125,386614
2024-11-28 00:00:00+01:00,MC.PA,567.4471435546875,260194
2024-11-29 00:00:00+01:00,MC.PA,573.252197265625,440017
2024-12-02 00:00:00+01:00,MC.PA,591.9048461914062,617665
2024-12-03 00:00:00+01:00,MC.PA,594.9323120117188,495066
2024-12-04 00:00:00+01:00,MC.PA,595.9088745117188,443542
2024-12-05 00:00:00+01:00,MC.PA,594.9323120117188,408680
2024-12-06 00:00:00+01:00,MC.PA,615.6358032226562,544275
2024-12-09 00:00:00+01:00,MC.PA,637.3158569335938,746422
2024-12-10 00:00:00+01:00,MC.PA,621.1046142578125,481366
2024-12-11 00:00:00+01:00,MC.PA,628.721923828125,437445
2024-12-12 00:00:00+01:00,MC.PA,630.8704223632812,469338
2024-12-13 00:00:00+01:00,MC.PA,624.0343627929688,423295
2024-12-16 00:00:00+01:00,MC.PA,616.4170532226562,403172
2024-12-17 00:00:00+01:00,MC.PA,620.7139892578125,410131
2024-12-18 00:00:00+01:00,MC.PA,621.5929565429688,441362
2024-12-19 00:00:00+01:00,MC.PA,612.8037109375,465932
2024-12-20 00:00:00+01:00,MC.PA,613.3896484375,764729
2024-12-23 00:00:00+01:00,MC.PA,614.4639282226562,264215
2024-12-24 00:00:00+01:00,MC.PA,616.0264282226562,76311
2024-12-27 00:00:00+01:00,MC.PA,620.7139892578125,254536
2024-12-30 00:00:00+01:00,MC.PA,614.5615234375,292211
2024-12-31 00:00:00+01:00,MC.PA,620.6163330078125,99667
2025-01-02 00:00:00+01:00,MC.PA,620.5186767578125,374039
2025-01-03 00:00:00+01:00,MC.PA,596.9830932617188,415336
2025-01-06 00:00:00+01:00,MC.PA,619.7373657226562,611624
2025-01-07 00:00:00+01:00,MC.PA,629.4055786132812,432713
2025-01-08 00:00:00+01:00,MC.PA,620.8116455078125,380525
2025-01-09 00:00:00+01:00,MC.PA,632.8236083984375,408809
2025-01-10 00:00:00+01:00,MC.PA,629.8938598632812,410414
2025-01-13 00:00:00+01:00,MC.PA,631.2611083984375,293771
2025-01-14 00:00:00+01:00,MC.PA,635.7533569335938,466755
2025-01-15 00:00:00+01:00,MC.PA,622.2765502929688,528879
2025-01-16 00:00:00+01:00,MC.PA,679.2111206054688,1078089
2025-01-17 00:00:00+01:00,MC.PA,673.9375610351562,714731
2025-01-20 00:00:00+01:00,MC.PA,667.1015014648438,418509
2025-01-21 00:00:00+01:00,MC.PA,684.875244140625,521381
2025-01-22 00:00:00+01:00,MC.PA,697.08251953125,617979
2025-01-23 00:00:00+01:00,MC.PA,703.7232055664062,575485
2025-01-24 00:00:00+01:00,MC.PA,716.9071044921875,713005
2025-01-27 00:00:00+01:00,MC.PA,737.1222534179688,633190
2025-01-28 00:00:00+01:00,MC.PA,733.0206298828125,567637
2025-01-29 00:00:00+01:00,MC.PA,696.49658203125,984398
2025-01-30 00:00:00+01:00,MC.PA,699.03564453125,420057
2025-01-31 00:00:00+01:00,MC.PA,687.0237426757812,578611
2025-02-03 00:00:00+01:00,MC.PA,673.9375610351562,695311
2025-02-04 00:00:00+01:00,MC.PA,676.4766845703125,370853
2025-02-05 00:00:00+01:00,MC.PA,669.9336547851562,356956
2025-02-06 00:00:00+01:00,MC.PA,680.578369140625,485215
2025-02-07 00:00:00+01:00,MC.PA,668.17578125,401010
2025-02-10 00:00:00+01:00,MC.PA,669.25,336364
2025-02-11 00:00:00+01:00,MC.PA,669.1524047851562,297413
2025-02-12 00:00:00+01:00,MC.PA,671.6914672851562,443368
2025-02-13 00:00:00+01:00,MC.PA,690.6370849609375,501427
2025-02-14 00:00:00+01:00,MC.PA,696.30126953125,594098
2025-02-17 00:00:00+01:00,MC.PA,685.070556640625,336521
2025-02-18 00:00:00+01:00,MC.PA,688.5863037109375,338875
2025-02-19 00:00:00+01:00,MC.PA,674.7189331054688,426698
2025-02-20 00:00:00+01:00,MC.PA,679.2111206054688,333595
2025-02-21 00:00:00+01:00,MC.PA,685.9495239257812,459121
2025-02-24 00:00:00+01:00,MC.PA,675.8906860351562,364363
2025-02-25 00:00:00+01:00,MC.PA,668.17578125,348738
2025-02-26 00:00:00+01:00,MC.PA,683.8987426757812,384656
2025-02-27 00:00:00+01:00,MC.PA,676.8673095703125,394320
2025-02-28 00:00:00+01:00,MC.PA,678.625244140625,864547
2025-03-03 00:00:00+01:00,MC.PA,674.6212158203125,481251
2025-03-04 00:00:00+01:00,MC.PA,651.769287109375,615046
2025-03-05 00:00:00+01:00,MC.PA,648.7418212890625,593863
2025-03-06 00:00:00+01:00,MC.PA,637.70654296875,639967
2025-03-07 00:00:00+01:00,MC.PA,619.8350830078125,809708
2025-03-10 00:00:00+01:00,MC.PA,615.5380859375,643780
2025-03-11 00:00:00+01:00,MC.PA,606.2606201171875,538927
2025-03-12 00:00:00+01:00,MC.PA,597.4713745117188,594281
2025-03-13 00:00:00+01:00,MC.PA,590.8306884765625,696157
2025-03-14 00:00:00+01:00,MC.PA,590.9283447265625,583739
2025-03-17 00:00:00+01:00,MC.PA,595.420654296875,431806
2025-03-18 00:00:00+01:00,MC.PA,595.713623046875,456803
2025-03-19 00:00:00+01:00,MC.PA,596.2994995117188,412984
2025-03-20 00:00:00+01:00,MC.PA,590.3424072265625,443424
2025-03-21 00:00:00+01:00,MC.PA,588.3892211914062,1133127
2025-03-24 00:00:00+01:00,MC.PA,582.3344116210938,416599
2025-03-25 00:00:00+01:00,MC.PA,584.28759765625,455181
2025-03-26 00:00:00+01:00,MC.PA,580.5765991210938,427920
2025-03-27 00:00:00+01:00,MC.PA,575.3030395507812,500514
2025-03-28 00:00:00+01:00,MC.PA,573.349853515625,619971
2025-03-31 00:00:00+02:00,MC.PA,558.3106079101562,657683
2025-04-01 00:00:00+02:00,MC.PA,561.6309204101562,485067
2025-04-02 00:00:00+02:00,MC.PA,561.7286376953125,423436
2025-04-03 00:00:00+02:00,MC.PA,530.1851196289062,907025
2025-04-04 00:00:00+02:00,MC.PA,517.587158203125,1173669
2025-04-07 00:00:00+02:00,MC.PA,495.7118225097656,1529400
2025-04-08 00:00:00+02:00,MC.PA,507.6260681152344,902072
2025-04-09 00:00:00+02:00,MC.PA,486.727294921875,984156
2025-04-10 00:00:00+02:00,MC.PA,511.92303466796875,912107
2025-04-11 00:00:00+02:00,MC.PA,512.1183471679688,574896
2025-04-14 00:00:00+02:00,MC.PA,517.684814453125,593484
2025-04-15 00:00:00+02:00,MC.PA,477.20562744140625,1693077
2025-04-16 00:00:00+02:00,MC.PA,473.83642578125,1094429
2025-04-17 00:00:00+02:00,MC.PA,474.2270812988281,902702
2025-04-22 00:00:00+02:00,MC.PA,475.8872375488281,809138
2025-04-23 00:00:00+02:00,MC.PA,488.582763671875,844261
2025-04-24 00:00:00+02:00,MC.PA,495.4237365722656,605877
2025-04-25 00:00:00+02:00,MC.PA,494.53143310546875,561897
2025-04-28 00:00:00+02:00,MC.PA,497.70404052734375,517430
2025-04-29 00:00:00+02:00,MC.PA,485.1127014160156,711370
2025-04-30 00:00:00+02:00,MC.PA,483.7247009277344,889223
2025-05-02 00:00:00+02:00,MC.PA,491.606689453125,793013
2025-05-05 00:00:00+02:00,MC.PA,488.0374755859375,389637
2025-05-06 00:00:00+02:00,MC.PA,484.9144592285156,476847
2025-05-07 00:00:00+02:00,MC.PA,479.36236572265625,542053
2025-05-08 00:00:00+02:00,MC.PA,483.12982177734375,673673
2025-05-09 00:00:00+02:00,MC.PA,491.5075378417969,503875
2025-05-12 00:00:00+02:00,MC.PA,525.9601440429688,924869
2025-05-13 00:00:00+02:00,MC.PA,532.305419921875,627140
2025-05-14 00:00:00+02:00,MC.PA,520.7055053710938,585731
2025-05-15 00:00:00+02:00,MC.PA,502.95867919921875,585025
2025-05-16 00:00:00+02:00,MC.PA,499.5877685546875,793318
2025-05-19 00:00:00+02:00,MC.PA,494.3331604003906,565393
2025-05-20 00:00:00+02:00,MC.PA,500.5792236328125,491158
2025-05-21 00:00:00+02:00,MC.PA,489.4255065917969,582521
2025-05-22 00:00:00+02:00,MC.PA,480.94866943359375,762477
2025-05-23 00:00:00+02:00,MC.PA,474.90087890625,830264
2025-05-26 00:00:00+02:00,MC.PA,479.31280517578125,318156
2025-05-27 00:00:00+02:00,MC.PA,477.77606201171875,440665
2025-05-28 00:00:00+02:00,MC.PA,479.5110778808594,533957
2025-05-29 00:00:00+02:00,MC.PA,477.1316223144531,367399
2025-05-30 00:00:00+02:00,MC.PA,474.15728759765625,930255
2025-06-02 00:00:00+02:00,MC.PA,473.1163024902344,432937
2025-06-03 00:00:00+02:00,MC.PA,469.5470886230469,594655
2025-06-04 00:00:00+02:00,MC.PA,472.57098388671875,529986
2025-06-05 00:00:00+02:00,MC.PA,466.0770568847656,545281
2025-06-06 00:00:00+02:00,MC.PA,467.2171936035156,289488
2025-06-09 00:00:00+02:00,MC.PA,467.5146179199219,390447
2025-06-10 00:00:00+02:00,MC.PA,470.7864074707031,524847
2025-06-11 00:00:00+02:00,MC.PA,466.57275390625,637539
2025-06-12 00:00:00+02:00,MC.PA,464.8377380371094,525876
2025-06-13 00:00:00+02:00,MC.PA,457.45147705078125,574846
2025-06-16 00:00:00+02:00,MC.PA,463.3505859375,428699
2025-06-17 00:00:00+02:00,MC.PA,456.7574768066406,409249
2025-06-18 00:00:00+02:00,MC.PA,460.07879638671875,380815
2025-06-19 00:00:00+02:00,MC.PA,448.6772155761719,475583
2025-06-20 00:00:00+02:00,MC.PA,446.0994873046875,1523772
2025-06-23 00:00:00+02:00,MC.PA,445.95074462890625,399236
2025-06-24 00:00:00+02:00,MC.PA,449.66864013671875,513993
2025-06-25 00:00:00+02:00,MC.PA,440.9935302734375,480189
2025-06-26 00:00:00+02:00,MC.PA,433.8055725097656,561542
2025-06-27 00:00:00+02:00,MC.PA,445.45501708984375,536063
2025-06-30 00:00:00+02:00,MC.PA,440.7952575683594,627500
2025-07-01 00:00:00+02:00,MC.PA,465.0360107421875,676415
2025-07-02 00:00:00+02:00,MC.PA,484.319580078125,1092297
2025-07-03 00:00:00+02:00,MC.PA,481.7418212890625,600087
2025-07-04 00:00:00+02:00,MC.PA,473.2649841308594,359252
2025-07-07 00:00:00+02:00,MC.PA,471.2821044921875,327388
2025-07-08 00:00:00+02:00,MC.PA,478.5196228027344,417527
2025-07-09 00:00:00+02:00,MC.PA,483.6751403808594,459382
2025-07-10 00:00:00+02:00,MC.PA,500.6783752441406,685442
2025-07-11 00:00:00+02:00,MC.PA,483.52642822265625,483687
2025-07-14 00:00:00+02:00,MC.PA,475.4461669921875,416095
2025-07-15 00:00:00+02:00,MC.PA,473.2649841308594,414119
2025-07-16 00:00:00+02:00,MC.PA,471.52996826171875,402058
2025-07-17 00:00:00+02:00,MC.PA,472.769287109375,429162
2025-07-18 00:00:00+02:00,MC.PA,468.704345703125,451192
2025-07-21 00:00:00+02:00,MC.PA,464.78814697265625,352498
2025-07-22 00:00:00+02:00,MC.PA,461.5659484863281,413256
2025-07-23 00:00:00+02:00,MC.PA,475.8427429199219,466961
2025-07-24 00:00:00+02:00,MC.PA,466.2257385253906,522409
2025-07-25 00:00:00+02:00,MC.PA,484.51788330078125,1004012
2025-07-28 00:00:00+02:00,MC.PA,485.01361083984375,667768
2025-07-29 00:00:00+02:00,MC.PA,470.73681640625,699038
2025-07-30 00:00:00+02:00,MC.PA,476.6358947753906,503050
2025-07-31 00:00:00+02:00,MC.PA,468.30780029296875,570240
2025-08-01 00:00:00+02:00,MC.PA,457.6993408203125,565862
2025-08-04 00:00:00+02:00,MC.PA,458.3437805175781,409317
2025-08-05 00:00:00+02:00,MC.PA,452.5934143066406,524030
2025-08-06 00:00:00+02:00,MC.PA,453.7831726074219,288926
2025-08-07 00:00:00+02:00,MC.PA,457.154052734375,317921
2025-08-08 00:00:00+02:00,MC.PA,457.40191650390625,237798
2025-08-11 00:00:00+02:00,MC.PA,454.0805969238281,325684
2025-08-12 00:00:00+02:00,MC.PA,453.23785400390625,406963
2025-08-13 00:00:00+02:00,MC.PA,465.5813293457031,400911
2025-08-14 00:00:00+02:00,MC.PA,468.8530578613281,468887
2025-08-15 00:00:00+02:00,MC.PA,472.02569580078125,436434
2025-08-18 00:00:00+02:00,MC.PA,471.77783203125,374669
2025-08-19 00:00:00+02:00,MC.PA,485.70758056640625,403634
2025-08-20 00:00:00+02:00,MC.PA,489.32635498046875,408762
2025-08-21 00:00:00+02:00,MC.PA,480.8495178222656,318262
2025-08-22 00:00:00+02:00,MC.PA,490.86309814453125,423115
2025-08-25 00:00:00+02:00,MC.PA,483.8734130859375,286199
2025-08-26 00:00:00+02:00,MC.PA,482.0888366699219,2474373
2025-08-27 00:00:00+02:00,MC.PA,497.70404052734375,518343
2025-08-28 00:00:00+02:00,MC.PA,508.70904541015625,638110
2025-08-29 00:00:00+02:00,MC.PA,499.78607177734375,452290
2025-09-01 00:00:00+02:00,MC.PA,499.3894958496094,206296
2025-09-02 00:00:00+02:00,MC.PA,508.60992431640625,566516
2025-09-03 00:00:00+02:00,MC.PA,516.3431396484375,594776
2025-09-04 00:00:00+02:00,MC.PA,494.828857421875,595875
2025-09-05 00:00:00+02:00,MC.PA,492.0032653808594,518330
2025-09-08 00:00:00+02:00,MC.PA,491.90411376953125,294081
2025-09-09 00:00:00+02:00,MC.PA,487.78961181640625,339904
2025-09-10 00:00:00+02:00,MC.PA,485.5588684082031,431683
2025-09-11 00:00:00+02:00,MC.PA,483.1794128417969,357770
2025-09-12 00:00:00+02:00,MC.PA,486.451171875,382126
2025-09-15 00:00:00+02:00,MC.PA,499.8852233886719,420577
2025-09-16 00:00:00+02:00,MC.PA,503.35528564453125,559413
2025-09-17 00:00:00+02:00,MC.PA,506.9244384765625,508171
2025-09-18 00:00:00+02:00,MC.PA,513.1705322265625,529829
2025-09-19 00:00:00+02:00,MC.PA,506.23046875,884978
2025-09-22 00:00:00+02:00,MC.PA,502.6612548828125,286999
2025-09-23 00:00:00+02:00,MC.PA,518.72265625,502090
2025-09-24 00:00:00+02:00,MC.PA,504.7432861328125,530170
2025-09-25 00:00:00+02:00,MC.PA,502.46295166015625,394947
2025-09-26 00:00:00+02:00,MC.PA,511.28680419921875,395227
2025-09-29 00:00:00+02:00,MC.PA,518.6234741210938,398489
2025-09-30 00:00:00+02:00,MC.PA,516.0457153320312,461947
2025-10-01 00:00:00+02:00,MC.PA,519.5157470703125,381637
2025-10-02 00:00:00+02:00,MC.PA,538.2540893554688,561065
2025-10-03 00:00:00+02:00,MC.PA,548.36669921875,586960
2025-10-06 00:00:00+02:00,MC.PA,535.7754516601562,600595
2025-10-07 00:00:00+02:00,MC.PA,555.2077026367188,689135
2025-10-08 00:00:00+02:00,MC.PA,570.5750732421875,651388
2025-10-09 00:00:00+02:00,MC.PA,554.41455078125,535910
2025-10-10 00:00:00+02:00,MC.PA,541.3275146484375,582762
2025-10-13 00:00:00+02:00,MC.PA,535.7754516601562,518104
2025-10-14 00:00:00+02:00,MC.PA,528.240478515625,448092
2025-10-15 00:00:00+02:00,MC.PA,592.7833862304688,1376612
2025-10-16 00:00:00+02:00,MC.PA,597.0465698242188,553170
2025-10-17 00:00:00+02:00,MC.PA,600.5166015625,429369
2025-10-20 00:00:00+02:00,MC.PA,606.86181640625,360732
2025-10-21 00:00:00+02:00,MC.PA,611.5216064453125,381067
2025-10-22 00:00:00+02:00,MC.PA,617.8668823242188,709684
2025-10-23 00:00:00+02:00,MC.PA,615.4873657226562,370311
2025-10-24 00:00:00+02:00,MC.PA,607.2584228515625,276678
2025-10-27 00:00:00+01:00,MC.PA,606.2669677734375,291320
2025-10-28 00:00:00+01:00,MC.PA,609.3404541015625,253829
2025-10-29 00:00:00+01:00,MC.PA,613.5045166015625,367283
2025-10-30 00:00:00+01:00,MC.PA,604.8789672851562,286364
2025-10-31 00:00:00+01:00,MC.PA,606.86181640625,367194
2025-11-03 00:00:00+01:00,MC.PA,611.5216064453125,310321
2025-11-04 00:00:00+01:00,MC.PA,605.9695434570312,291674
2025-11-05 00:00:00+01:00,MC.PA,607.5558471679688,286517
2025-11-06 00:00:00+01:00,MC.PA,594.8654174804688,403702
2025-11-07 00:00:00+01:00,MC.PA,598.0380249023438,291704
2025-11-10 00:00:00+01:00,MC.PA,612.6122436523438,323780
2025-11-11 00:00:00+01:00,MC.PA,627.48388671875,405420
2025-11-12 00:00:00+01:00,MC.PA,641.6614990234375,487410
2025-11-13 00:00:00+01:00,MC.PA,631.3504638671875,450276
2025-11-14 00:00:00+01:00,MC.PA,631.5487670898438,357865
2025-11-17 00:00:00+01:00,MC.PA,618.6600341796875,321628
2025-11-18 00:00:00+01:00,MC.PA,606.0686645507812,499293
2025-11-19 00:00:00+01:00,MC.PA,604.3832397460938,329533
2025-11-20 00:00:00+01:00,MC.PA,614.2976684570312,406558
2025-11-21 00:00:00+01:00,MC.PA,617.6685791015625,451386
2025-11-24 00:00:00+01:00,MC.PA,616.3796997070312,654594
2025-11-25 00:00:00+01:00,MC.PA,614.000244140625,381010
2025-11-26 00:00:00+01:00,MC.PA,620.0480346679688,287616
2025-11-27 00:00:00+01:00,MC.PA,622.0309448242188,157842
2025-11-28 00:00:00+01:00,MC.PA,630.0615844726562,380928
2025-12-01 00:00:00+01:00,MC.PA,637.2000122070312,368728
2025-12-02 00:00:00+01:00,MC.PA,636.2000122070312,370567
2025-12-03 00:00:00+01:00,MC.PA,630.2999877929688,325251
2025-12-04 00:00:00+01:00,MC.PA,633.0999755859375,383235
2025-12-05 00:00:00+01:00,MC.PA,628.0999755859375,405642
2025-12-08 00:00:00+01:00,MC.PA,625.2000122070312,272878
2025-12-09 00:00:00+01:00,MC.PA,616.2999877929688,226771
2025-12-10 00:00:00+01:00,MC.PA,618.7999877929688,301108
2025-12-11 00:00:00+01:00,MC.PA,625.2000122070312,308923
2025-12-12 00:00:00+01:00,MC.PA,624.5,234630
2025-12-15 00:00:00+01:00,MC.PA,626.0999755859375,288301
2025-12-16 00:00:00+01:00,MC.PA,636.5,439780
2025-12-17 00:00:00+01:00,MC.PA,631.7000122070312,310852
2025-12-18 00:00:00+01:00,MC.PA,637.4000244140625,358735
2025-12-19 00:00:00+01:00,MC.PA,631.7000122070312,656414
2025-12-22 00:00:00+01:00,MC.PA,627.7000122070312,242753
2025-12-23 00:00:00+01:00,MC.PA,627.2999877929688,161944
2025-12-24 00:00:00+01:00,MC.PA,632.0999755859375,55878
2025-12-29 00:00:00+01:00,MC.PA,633.2000122070312,199081
2025-12-30 00:00:00+01:00,MC.PA,639.2999877929688,179559
2025-12-31 00:00:00+01:00,MC.PA,645.0,105713
2026-01-02 00:00:00+01:00,MC.PA,641.7999877929688,313581
2026-01-05 00:00:00+01:00,MC.PA,642.7999877929688,266328
2026-01-06 00:00:00+01:00,MC.PA,644.4000244140625,296253
2026-01-07 00:00:00+01:00,MC.PA,629.2999877929688,382674
2026-01-08 00:00:00+01:00,MC.PA,634.5,274288
2026-01-09 00:00:00+01:00,MC.PA,652.0999755859375,426319
2026-01-12 00:00:00+01:00,MC.PA,648.2999877929688,275960
2026-01-13 00:00:00+01:00,MC.PA,646.5999755859375,262288
2026-01-14 00:00:00+01:00,MC.PA,637.9000244140625,478234
2026-01-15 00:00:00+01:00,MC.PA,625.7000122070312,570522
2026-01-16 00:00:00+01:00,MC.PA,609.2000122070312,574531
2026-01-19 00:00:00+01:00,MC.PA,582.7999877929688,568048
2026-01-20 00:00:00+01:00,MC.PA,570.0,775476
2026-01-21 00:00:00+01:00,MC.PA,585.2000122070312,401160
2026-01-22 00:00:00+01:00,MC.PA,595.7000122070312,424103
2026-01-23 00:00:00+01:00,MC.PA,591.4000244140625,307456
2026-01-26 00:00:00+01:00,MC.PA,588.0,324393
2026-01-27 00:00:00+01:00,MC.PA,589.2999877929688,351605
2026-01-28 00:00:00+01:00,MC.PA,542.7999877929688,1402549
2026-01-29 00:00:00+01:00,MC.PA,542.4000244140625,609605
2026-01-30 00:00:00+01:00,MC.PA,546.9000244140625,579526
2026-02-02 00:00:00+01:00,MC.PA,538.2999877929688,670274
2026-02-03 00:00:00+01:00,MC.PA,529.0,668007
2026-02-04 00:00:00+01:00,MC.PA,536.0999755859375,474341
2026-02-05 00:00:00+01:00,MC.PA,538.2000122070312,400469
2026-02-06 00:00:00+01:00,MC.PA,536.2000122070312,328385
2026-02-09 00:00:00+01:00,MC.PA,535.4000244140625,276311
2026-02-10 00:00:00+01:00,MC.PA,537.7000122070312,424913
2026-02-11 00:00:00+01:00,MC.PA,525.0999755859375,389742
2026-02-12 00:00:00+01:00,MC.PA,524.5,452881
2026-02-13 00:00:00+01:00,MC.PA,514.2000122070312,575387
